duration_sec,error,from_cache,params,path,status,ts_utc
0.256,,False,"{""season"": 2024}",/teams,200,2026-02-21T20:26:35.626999+00:00
0.372,,False,"{""season"": 2024, ""seasonType"": ""regular"", ""team"": ""Abilene Christian""}",/games,200,2026-02-21T20:26:36.155618+00:00
4.19,,False,"{""endDateRange"": ""2024-03-14"", ""season"": 2024, ""startDateRange"": ""2023-11-07"", ""team"": ""Abilene Christian""}",/lineups/team,200,2026-02-21T20:26:40.498053+00:00
0.328,,False,"{""season"": 2024, ""seasonType"": ""regular"", ""team"": ""Air Force""}",/games,200,2026-02-21T20:26:41.035099+00:00
1.95,,False,"{""endDateRange"": ""2024-03-13"", ""season"": 2024, ""startDateRange"": ""2023-11-07"", ""team"": ""Air Force""}",/lineups/team,200,2026-02-21T20:26:43.137142+00:00
0.31,,False,"{""season"": 2024, ""seasonType"": ""regular"", ""team"": ""Akron""}",/games,200,2026-02-21T20:26:43.621687+00:00
2.717,,False,"{""endDateRange"": ""2024-03-16"", ""season"": 2024, ""startDateRange"": ""2023-11-07"", ""team"": ""Akron""}",/lineups/team,200,2026-02-21T20:26:46.491079+00:00
0.335,,False,"{""season"": 2024, ""seasonType"": ""regular"", ""team"": ""Alabama""}",/games,200,2026-02-21T20:26:46.998735+00:00
2.511,,False,"{""endDateRange"": ""2024-03-16"", ""season"": 2024, ""startDateRange"": ""2023-11-07"", ""team"": ""Alabama""}",/lineups/team,200,2026-02-21T20:26:49.662302+00:00
0.317,,False,"{""season"": 2024, ""seasonType"": ""regular"", ""team"": ""Alabama A&M""}",/games,200,2026-02-21T20:26:50.147283+00:00
2.2,,False,"{""endDateRange"": ""2024-03-16"", ""season"": 2024, ""startDateRange"": ""2023-11-10"", ""team"": ""Alabama A&M""}",/lineups/team,200,2026-02-21T20:26:52.499845+00:00
0.325,,False,"{""season"": 2024, ""seasonType"": ""regular"", ""team"": ""Alabama State""}",/games,200,2026-02-21T20:26:53.021909+00:00
3.065,,False,"{""endDateRange"": ""2024-03-14"", ""season"": 2024, ""startDateRange"": ""2023-11-07"", ""team"": ""Alabama State""}",/lineups/team,200,2026-02-21T20:26:56.238952+00:00
0.341,,False,"{""season"": 2024, ""seasonType"": ""regular"", ""team"": ""UAlbany""}",/games,200,2026-02-21T20:26:56.767704+00:00
4.414,,False,"{""endDateRange"": ""2024-03-09"", ""season"": 2024, ""startDateRange"": ""2023-11-08"", ""team"": ""UAlbany""}",/lineups/team,200,2026-02-21T20:27:01.333984+00:00
0.44,,False,"{""season"": 2024, ""seasonType"": ""regular"", ""team"": ""Alcorn State""}",/games,200,2026-02-21T20:27:01.962556+00:00
2.752,,False,"{""endDateRange"": ""2024-03-13"", ""season"": 2024, ""startDateRange"": ""2023-11-07"", ""team"": ""Alcorn State""}",/lineups/team,200,2026-02-21T20:27:04.867244+00:00
0.327,,False,"{""season"": 2024, ""seasonType"": ""regular"", ""team"": ""American University""}",/games,200,2026-02-21T20:27:05.400548+00:00
3.169,,False,"{""endDateRange"": ""2024-03-08"", ""season"": 2024, ""startDateRange"": ""2023-11-07"", ""team"": ""American University""}",/lineups/team,200,2026-02-21T20:27:08.721453+00:00
0.322,,False,"{""season"": 2024, ""seasonType"": ""regular"", ""team"": ""App State""}",/games,200,2026-02-21T20:27:09.221302+00:00
2.107,,False,"{""endDateRange"": ""2024-03-10"", ""season"": 2024, ""startDateRange"": ""2023-11-07"", ""team"": ""App State""}",/lineups/team,200,2026-02-21T20:27:11.480775+00:00
0.328,,False,"{""season"": 2024, ""seasonType"": ""regular"", ""team"": ""Arizona""}",/games,200,2026-02-21T20:27:11.973782+00:00
2.297,,False,"{""endDateRange"": ""2024-03-16"", ""season"": 2024, ""startDateRange"": ""2023-11-07"", ""team"": ""Arizona""}",/lineups/team,200,2026-02-21T20:27:14.423150+00:00
0.515,,False,"{""season"": 2024, ""seasonType"": ""regular"", ""team"": ""Arizona State""}",/games,200,2026-02-21T20:27:15.104814+00:00
2.191,,False,"{""endDateRange"": ""2024-03-14"", ""season"": 2024, ""startDateRange"": ""2023-11-09"", ""team"": ""Arizona State""}",/lineups/team,200,2026-02-21T20:27:17.447754+00:00
0.323,,False,"{""season"": 2024, ""seasonType"": ""regular"", ""team"": ""Arkansas""}",/games,200,2026-02-21T20:27:17.947988+00:00
2.218,,False,"{""endDateRange"": ""2024-03-14"", ""season"": 2024, ""startDateRange"": ""2023-11-07"", ""team"": ""Arkansas""}",/lineups/team,200,2026-02-21T20:27:20.318014+00:00
0.307,,False,"{""season"": 2024, ""seasonType"": ""regular"", ""team"": ""Arkansas-Pine Bluff""}",/games,200,2026-02-21T20:27:20.816760+00:00
2.458,,False,"{""endDateRange"": ""2024-03-09"", ""season"": 2024, ""startDateRange"": ""2023-11-07"", ""team"": ""Arkansas-Pine Bluff""}",/lineups/team,200,2026-02-21T20:27:23.426257+00:00
0.32,,False,"{""season"": 2024, ""seasonType"": ""regular"", ""team"": ""Arkansas State""}",/games,200,2026-02-21T20:27:23.925220+00:00
2.114,,False,"{""endDateRange"": ""2024-03-11"", ""season"": 2024, ""startDateRange"": ""2023-11-07"", ""team"": ""Arkansas State""}",/lineups/team,200,2026-02-21T20:27:26.191337+00:00
0.315,,False,"{""season"": 2024, ""seasonType"": ""regular"", ""team"": ""Army""}",/games,200,2026-02-21T20:27:26.687735+00:00
2.029,,False,"{""endDateRange"": ""2024-03-05"", ""season"": 2024, ""startDateRange"": ""2023-11-07"", ""team"": ""Army""}",/lineups/team,200,2026-02-21T20:27:28.868295+00:00
0.311,,False,"{""season"": 2024, ""seasonType"": ""regular"", ""team"": ""Auburn""}",/games,200,2026-02-21T20:27:29.376331+00:00
3.311,,False,"{""endDateRange"": ""2024-03-17"", ""season"": 2024, ""startDateRange"": ""2023-11-08"", ""team"": ""Auburn""}",/lineups/team,200,2026-02-21T20:27:32.839666+00:00
0.317,,False,"{""season"": 2024, ""seasonType"": ""regular"", ""team"": ""Austin Peay""}",/games,200,2026-02-21T20:27:33.324374+00:00
1.741,,False,"{""endDateRange"": ""2024-03-10"", ""season"": 2024, ""startDateRange"": ""2023-11-07"", ""team"": ""Austin Peay""}",/lineups/team,200,2026-02-21T20:27:35.216870+00:00
0.308,,False,"{""season"": 2024, ""seasonType"": ""regular"", ""team"": ""BYU""}",/games,200,2026-02-21T20:27:35.691042+00:00
2.173,,False,"{""endDateRange"": ""2024-03-14"", ""season"": 2024, ""startDateRange"": ""2023-11-07"", ""team"": ""BYU""}",/lineups/team,200,2026-02-21T20:27:38.015523+00:00
0.336,,False,"{""season"": 2024, ""seasonType"": ""regular"", ""team"": ""Ball State""}",/games,200,2026-02-21T20:27:38.520798+00:00
1.681,,False,"{""endDateRange"": ""2024-03-09"", ""season"": 2024, ""startDateRange"": ""2023-11-08"", ""team"": ""Ball State""}",/lineups/team,200,2026-02-21T20:27:40.353885+00:00
0.302,,False,"{""season"": 2024, ""seasonType"": ""regular"", ""team"": ""Baylor""}",/games,200,2026-02-21T20:27:40.818573+00:00
2.105,,False,"{""endDateRange"": ""2024-03-16"", ""season"": 2024, ""startDateRange"": ""2023-11-08"", ""team"": ""Baylor""}",/lineups/team,200,2026-02-21T20:27:43.075439+00:00
0.325,,False,"{""season"": 2024, ""seasonType"": ""regular"", ""team"": ""Bellarmine""}",/games,200,2026-02-21T20:27:43.567532+00:00
2.006,,False,"{""endDateRange"": ""2024-03-02"", ""season"": 2024, ""startDateRange"": ""2023-11-07"", ""team"": ""Bellarmine""}",/lineups/team,200,2026-02-21T20:27:45.725017+00:00
0.346,,False,"{""season"": 2024, ""seasonType"": ""regular"", ""team"": ""Belmont""}",/games,200,2026-02-21T20:27:46.243498+00:00
2.613,,False,"{""endDateRange"": ""2024-03-08"", ""season"": 2024, ""startDateRange"": ""2023-11-07"", ""team"": ""Belmont""}",/lineups/team,200,2026-02-21T20:27:49.008655+00:00
0.366,,False,"{""season"": 2024, ""seasonType"": ""regular"", ""team"": ""Bethune-Cookman""}",/games,200,2026-02-21T20:27:49.544139+00:00
2.081,,False,"{""endDateRange"": ""2024-03-15"", ""season"": 2024, ""startDateRange"": ""2023-11-07"", ""team"": ""Bethune-Cookman""}",/lineups/team,200,2026-02-21T20:27:51.777098+00:00
0.404,,False,"{""season"": 2024, ""seasonType"": ""regular"", ""team"": ""Binghamton""}",/games,200,2026-02-21T20:27:52.350630+00:00
1.762,,False,"{""endDateRange"": ""2024-03-09"", ""season"": 2024, ""startDateRange"": ""2023-11-07"", ""team"": ""Binghamton""}",/lineups/team,200,2026-02-21T20:27:54.265125+00:00
0.41,,False,"{""season"": 2024, ""seasonType"": ""regular"", ""team"": ""Boise State""}",/games,200,2026-02-21T20:27:54.845953+00:00
2.177,,False,"{""endDateRange"": ""2024-03-15"", ""season"": 2024, ""startDateRange"": ""2023-11-08"", ""team"": ""Boise State""}",/lineups/team,200,2026-02-21T20:27:57.175909+00:00
0.362,,False,"{""season"": 2024, ""seasonType"": ""regular"", ""team"": ""Boston College""}",/games,200,2026-02-21T20:27:57.706137+00:00
2.094,,False,"{""endDateRange"": ""2024-03-15"", ""season"": 2024, ""startDateRange"": ""2023-11-07"", ""team"": ""Boston College""}",/lineups/team,200,2026-02-21T20:27:59.951769+00:00
0.416,,False,"{""season"": 2024, ""seasonType"": ""regular"", ""team"": ""Boston University""}",/games,200,2026-02-21T20:28:00.535715+00:00
3.079,,False,"{""endDateRange"": ""2024-03-10"", ""season"": 2024, ""startDateRange"": ""2023-11-07"", ""team"": ""Boston University""}",/lineups/team,200,2026-02-21T20:28:03.766525+00:00
0.328,,False,"{""season"": 2024, ""seasonType"": ""regular"", ""team"": ""Bowling Green""}",/games,200,2026-02-21T20:28:04.284368+00:00
2.165,,False,"{""endDateRange"": ""2024-03-15"", ""season"": 2024, ""startDateRange"": ""2023-11-07"", ""team"": ""Bowling Green""}",/lineups/team,200,2026-02-21T20:28:06.601601+00:00
0.334,,False,"{""season"": 2024, ""seasonType"": ""regular"", ""team"": ""Bradley""}",/games,200,2026-02-21T20:28:07.109166+00:00
2.504,,False,"{""endDateRange"": ""2024-03-09"", ""season"": 2024, ""startDateRange"": ""2023-11-07"", ""team"": ""Bradley""}",/lineups/team,200,2026-02-21T20:28:09.764856+00:00
0.326,,False,"{""season"": 2024, ""seasonType"": ""regular"", ""team"": ""Brown""}",/games,200,2026-02-21T20:28:10.262098+00:00
2.164,,False,"{""endDateRange"": ""2024-03-17"", ""season"": 2024, ""startDateRange"": ""2023-11-07"", ""team"": ""Brown""}",/lineups/team,200,2026-02-21T20:28:12.577676+00:00
0.323,,False,"{""season"": 2024, ""seasonType"": ""regular"", ""team"": ""Bryant""}",/games,200,2026-02-21T20:28:13.074102+00:00
1.971,,False,"{""endDateRange"": ""2024-03-12"", ""season"": 2024, ""startDateRange"": ""2023-11-07"", ""team"": ""Bryant""}",/lineups/team,200,2026-02-21T20:28:15.197308+00:00
0.324,,False,"{""season"": 2024, ""seasonType"": ""regular"", ""team"": ""Bucknell""}",/games,200,2026-02-21T20:28:15.686795+00:00
1.676,,False,"{""endDateRange"": ""2024-03-10"", ""season"": 2024, ""startDateRange"": ""2023-11-07"", ""team"": ""Bucknell""}",/lineups/team,200,2026-02-21T20:28:17.515148+00:00
0.324,,False,"{""season"": 2024, ""seasonType"": ""regular"", ""team"": ""Buffalo""}",/games,200,2026-02-21T20:28:18.002803+00:00
2.017,,False,"{""endDateRange"": ""2024-03-09"", ""season"": 2024, ""startDateRange"": ""2023-11-07"", ""team"": ""Buffalo""}",/lineups/team,200,2026-02-21T20:28:20.172006+00:00
0.32,,False,"{""season"": 2024, ""seasonType"": ""regular"", ""team"": ""Butler""}",/games,200,2026-02-21T20:28:20.669655+00:00
1.921,,False,"{""endDateRange"": ""2024-03-13"", ""season"": 2024, ""startDateRange"": ""2023-11-07"", ""team"": ""Butler""}",/lineups/team,200,2026-02-21T20:28:22.742646+00:00
0.323,,False,"{""season"": 2024, ""seasonType"": ""regular"", ""team"": ""California Baptist""}",/games,200,2026-02-21T20:28:23.233061+00:00
2.597,,False,"{""endDateRange"": ""2024-03-15"", ""season"": 2024, ""startDateRange"": ""2023-11-07"", ""team"": ""California Baptist""}",/lineups/team,200,2026-02-21T20:28:25.981766+00:00
0.328,,False,"{""season"": 2024, ""seasonType"": ""regular"", ""team"": ""Cal Poly""}",/games,200,2026-02-21T20:28:26.504564+00:00
2.435,,False,"{""endDateRange"": ""2024-03-10"", ""season"": 2024, ""startDateRange"": ""2023-11-07"", ""team"": ""Cal Poly""}",/lineups/team,200,2026-02-21T20:28:29.091369+00:00
0.333,,False,"{""season"": 2024, ""seasonType"": ""regular"", ""team"": ""Cal State Bakersfield""}",/games,200,2026-02-21T20:28:29.611813+00:00
2.537,,False,"{""endDateRange"": ""2024-03-14"", ""season"": 2024, ""startDateRange"": ""2023-11-07"", ""team"": ""Cal State Bakersfield""}",/lineups/team,200,2026-02-21T20:28:32.300730+00:00
0.348,,False,"{""season"": 2024, ""seasonType"": ""regular"", ""team"": ""Cal State Fullerton""}",/games,200,2026-02-21T20:28:32.839081+00:00
1.723,,False,"{""endDateRange"": ""2024-03-10"", ""season"": 2024, ""startDateRange"": ""2023-11-07"", ""team"": ""Cal State Fullerton""}",/lineups/team,200,2026-02-21T20:28:34.714404+00:00
0.336,,False,"{""season"": 2024, ""seasonType"": ""regular"", ""team"": ""Cal State Northridge""}",/games,200,2026-02-21T20:28:35.232761+00:00
2.385,,False,"{""endDateRange"": ""2024-03-15"", ""season"": 2024, ""startDateRange"": ""2023-11-07"", ""team"": ""Cal State Northridge""}",/lineups/team,200,2026-02-21T20:28:37.769146+00:00
0.333,,False,"{""season"": 2024, ""seasonType"": ""regular"", ""team"": ""California""}",/games,200,2026-02-21T20:28:38.274967+00:00
1.526,,False,"{""endDateRange"": ""2024-03-14"", ""season"": 2024, ""startDateRange"": ""2023-11-07"", ""team"": ""California""}",/lineups/team,200,2026-02-21T20:28:39.952776+00:00
0.309,,False,"{""season"": 2024, ""seasonType"": ""regular"", ""team"": ""Campbell""}",/games,200,2026-02-21T20:28:40.431987+00:00
1.905,,False,"{""endDateRange"": ""2024-03-09"", ""season"": 2024, ""startDateRange"": ""2023-11-07"", ""team"": ""Campbell""}",/lineups/team,200,2026-02-21T20:28:42.488982+00:00
0.321,,False,"{""season"": 2024, ""seasonType"": ""regular"", ""team"": ""Canisius""}",/games,200,2026-02-21T20:28:42.986928+00:00
1.596,,False,"{""endDateRange"": ""2024-03-13"", ""season"": 2024, ""startDateRange"": ""2023-11-09"", ""team"": ""Canisius""}",/lineups/team,200,2026-02-21T20:28:44.735351+00:00
0.307,,False,"{""season"": 2024, ""seasonType"": ""regular"", ""team"": ""Central Arkansas""}",/games,200,2026-02-21T20:28:45.208902+00:00
2.383,,False,"{""endDateRange"": ""2024-03-02"", ""season"": 2024, ""startDateRange"": ""2023-11-07"", ""team"": ""Central Arkansas""}",/lineups/team,200,2026-02-21T20:28:47.744152+00:00
0.304,,False,"{""season"": 2024, ""seasonType"": ""regular"", ""team"": ""Central Connecticut""}",/games,200,2026-02-21T20:28:48.234718+00:00
1.571,,False,"{""endDateRange"": ""2024-03-09"", ""season"": 2024, ""startDateRange"": ""2023-11-07"", ""team"": ""Central Connecticut""}",/lineups/team,200,2026-02-21T20:28:49.957665+00:00
0.318,,False,"{""season"": 2024, ""seasonType"": ""regular"", ""team"": ""Central Michigan""}",/games,200,2026-02-21T20:28:50.443661+00:00
2.189,,False,"{""endDateRange"": ""2024-03-14"", ""season"": 2024, ""startDateRange"": ""2023-11-07"", ""team"": ""Central Michigan""}",/lineups/team,200,2026-02-21T20:28:52.784357+00:00
0.336,,False,"{""season"": 2024, ""seasonType"": ""regular"", ""team"": ""Charleston""}",/games,200,2026-02-21T20:28:53.291893+00:00
3.045,,False,"{""endDateRange"": ""2024-03-12"", ""season"": 2024, ""startDateRange"": ""2023-11-07"", ""team"": ""Charleston""}",/lineups/team,200,2026-02-21T20:28:56.489357+00:00
0.355,,False,"{""season"": 2024, ""seasonType"": ""regular"", ""team"": ""Charleston Southern""}",/games,200,2026-02-21T20:28:57.020049+00:00
1.8,,False,"{""endDateRange"": ""2024-03-08"", ""season"": 2024, ""startDateRange"": ""2023-11-07"", ""team"": ""Charleston Southern""}",/lineups/team,200,2026-02-21T20:28:58.971576+00:00
0.346,,False,"{""season"": 2024, ""seasonType"": ""regular"", ""team"": ""Charlotte""}",/games,200,2026-02-21T20:28:59.491042+00:00
1.923,,False,"{""endDateRange"": ""2024-03-16"", ""season"": 2024, ""startDateRange"": ""2023-11-07"", ""team"": ""Charlotte""}",/lineups/team,200,2026-02-21T20:29:01.565661+00:00
0.387,,False,"{""season"": 2024, ""seasonType"": ""regular"", ""team"": ""Chattanooga""}",/games,200,2026-02-21T20:29:02.119865+00:00
2.135,,False,"{""endDateRange"": ""2024-03-10"", ""season"": 2024, ""startDateRange"": ""2023-11-07"", ""team"": ""Chattanooga""}",/lineups/team,200,2026-02-21T20:29:04.407382+00:00
0.332,,False,"{""season"": 2024, ""seasonType"": ""regular"", ""team"": ""Chicago State""}",/games,200,2026-02-21T20:29:04.912543+00:00
2.211,,False,"{""endDateRange"": ""2024-02-19"", ""season"": 2024, ""startDateRange"": ""2023-11-07"", ""team"": ""Chicago State""}",/lineups/team,200,2026-02-21T20:29:07.275825+00:00
0.309,,False,"{""season"": 2024, ""seasonType"": ""regular"", ""team"": ""Cincinnati""}",/games,200,2026-02-21T20:29:07.758124+00:00
2.344,,False,"{""endDateRange"": ""2024-03-15"", ""season"": 2024, ""startDateRange"": ""2023-11-07"", ""team"": ""Cincinnati""}",/lineups/team,200,2026-02-21T20:29:10.253999+00:00
0.317,,False,"{""season"": 2024, ""seasonType"": ""regular"", ""team"": ""Clemson""}",/games,200,2026-02-21T20:29:10.752070+00:00
1.61,,False,"{""endDateRange"": ""2024-03-14"", ""season"": 2024, ""startDateRange"": ""2023-11-07"", ""team"": ""Clemson""}",/lineups/team,200,2026-02-21T20:29:12.514257+00:00
0.338,,False,"{""season"": 2024, ""seasonType"": ""regular"", ""team"": ""Cleveland State""}",/games,200,2026-02-21T20:29:13.015069+00:00
1.827,,False,"{""endDateRange"": ""2024-03-11"", ""season"": 2024, ""startDateRange"": ""2023-11-07"", ""team"": ""Cleveland State""}",/lineups/team,200,2026-02-21T20:29:14.993954+00:00
0.308,,False,"{""season"": 2024, ""seasonType"": ""regular"", ""team"": ""Coastal Carolina""}",/games,200,2026-02-21T20:29:15.474033+00:00
2.026,,False,"{""endDateRange"": ""2024-03-07"", ""season"": 2024, ""startDateRange"": ""2023-11-07"", ""team"": ""Coastal Carolina""}",/lineups/team,200,2026-02-21T20:29:17.651768+00:00
0.337,,False,"{""season"": 2024, ""seasonType"": ""regular"", ""team"": ""Colgate""}",/games,200,2026-02-21T20:29:18.164117+00:00
1.747,,False,"{""endDateRange"": ""2024-03-13"", ""season"": 2024, ""startDateRange"": ""2023-11-07"", ""team"": ""Colgate""}",/lineups/team,200,2026-02-21T20:29:20.062725+00:00
0.325,,False,"{""season"": 2024, ""seasonType"": ""regular"", ""team"": ""Colorado""}",/games,200,2026-02-21T20:29:20.563287+00:00
2.319,,False,"{""endDateRange"": ""2024-03-17"", ""season"": 2024, ""startDateRange"": ""2023-11-07"", ""team"": ""Colorado""}",/lineups/team,200,2026-02-21T20:29:23.034462+00:00
0.328,,False,"{""season"": 2024, ""seasonType"": ""regular"", ""team"": ""Colorado State""}",/games,200,2026-02-21T20:29:23.539856+00:00
1.848,,False,"{""endDateRange"": ""2024-03-16"", ""season"": 2024, ""startDateRange"": ""2023-11-07"", ""team"": ""Colorado State""}",/lineups/team,200,2026-02-21T20:29:25.540095+00:00
0.332,,False,"{""season"": 2024, ""seasonType"": ""regular"", ""team"": ""Columbia""}",/games,200,2026-02-21T20:29:26.041655+00:00
1.697,,False,"{""endDateRange"": ""2024-03-09"", ""season"": 2024, ""startDateRange"": ""2023-11-07"", ""team"": ""Columbia""}",/lineups/team,200,2026-02-21T20:29:27.890753+00:00
0.324,,False,"{""season"": 2024, ""seasonType"": ""regular"", ""team"": ""UConn""}",/games,200,2026-02-21T20:29:28.382279+00:00
1.968,,False,"{""endDateRange"": ""2024-03-16"", ""season"": 2024, ""startDateRange"": ""2023-11-06"", ""team"": ""UConn""}",/lineups/team,200,2026-02-21T20:29:30.502672+00:00
0.35,,False,"{""season"": 2024, ""seasonType"": ""regular"", ""team"": ""Coppin State""}",/games,200,2026-02-21T20:29:31.026311+00:00
1.703,,False,"{""endDateRange"": ""2024-03-13"", ""season"": 2024, ""startDateRange"": ""2023-11-07"", ""team"": ""Coppin State""}",/lineups/team,200,2026-02-21T20:29:32.880692+00:00
0.302,,False,"{""season"": 2024, ""seasonType"": ""regular"", ""team"": ""Cornell""}",/games,200,2026-02-21T20:29:33.376021+00:00
1.901,,False,"{""endDateRange"": ""2024-03-16"", ""season"": 2024, ""startDateRange"": ""2023-11-07"", ""team"": ""Cornell""}",/lineups/team,200,2026-02-21T20:29:35.428677+00:00
0.294,,False,"{""season"": 2024, ""seasonType"": ""regular"", ""team"": ""Creighton""}",/games,200,2026-02-21T20:29:35.900017+00:00
1.445,,False,"{""endDateRange"": ""2024-03-14"", ""season"": 2024, ""startDateRange"": ""2023-11-08"", ""team"": ""Creighton""}",/lineups/team,200,2026-02-21T20:29:37.497531+00:00
0.338,,False,"{""season"": 2024, ""seasonType"": ""regular"", ""team"": ""Dartmouth""}",/games,200,2026-02-21T20:29:37.995949+00:00
1.652,,False,"{""endDateRange"": ""2024-03-06"", ""season"": 2024, ""startDateRange"": ""2023-11-07"", ""team"": ""Dartmouth""}",/lineups/team,200,2026-02-21T20:29:39.799823+00:00
0.322,,False,"{""season"": 2024, ""seasonType"": ""regular"", ""team"": ""Davidson""}",/games,200,2026-02-21T20:29:40.310439+00:00
2.213,,False,"{""endDateRange"": ""2024-03-12"", ""season"": 2024, ""startDateRange"": ""2023-11-07"", ""team"": ""Davidson""}",/lineups/team,200,2026-02-21T20:29:42.675435+00:00
0.346,,False,"{""season"": 2024, ""seasonType"": ""regular"", ""team"": ""Dayton""}",/games,200,2026-02-21T20:29:43.211356+00:00
1.456,,False,"{""endDateRange"": ""2024-03-15"", ""season"": 2024, ""startDateRange"": ""2023-11-07"", ""team"": ""Dayton""}",/lineups/team,200,2026-02-21T20:29:44.819451+00:00
0.339,,False,"{""season"": 2024, ""seasonType"": ""regular"", ""team"": ""DePaul""}",/games,200,2026-02-21T20:29:45.320394+00:00
2.467,,False,"{""endDateRange"": ""2024-03-14"", ""season"": 2024, ""startDateRange"": ""2023-11-08"", ""team"": ""DePaul""}",/lineups/team,200,2026-02-21T20:29:47.939556+00:00
0.361,,False,"{""season"": 2024, ""seasonType"": ""regular"", ""team"": ""Delaware""}",/games,200,2026-02-21T20:29:48.490803+00:00
1.706,,False,"{""endDateRange"": ""2024-03-11"", ""season"": 2024, ""startDateRange"": ""2023-11-07"", ""team"": ""Delaware""}",/lineups/team,200,2026-02-21T20:29:50.348475+00:00
0.328,,False,"{""season"": 2024, ""seasonType"": ""regular"", ""team"": ""Delaware State""}",/games,200,2026-02-21T20:29:50.841798+00:00
2.089,,False,"{""endDateRange"": ""2024-03-16"", ""season"": 2024, ""startDateRange"": ""2023-11-07"", ""team"": ""Delaware State""}",/lineups/team,200,2026-02-21T20:29:53.083008+00:00
0.319,,False,"{""season"": 2024, ""seasonType"": ""regular"", ""team"": ""Denver""}",/games,200,2026-02-21T20:29:53.582545+00:00
2.071,,False,"{""endDateRange"": ""2024-03-13"", ""season"": 2024, ""startDateRange"": ""2023-11-07"", ""team"": ""Denver""}",/lineups/team,200,2026-02-21T20:29:55.805312+00:00
0.328,,False,"{""season"": 2024, ""seasonType"": ""regular"", ""team"": ""Detroit Mercy""}",/games,200,2026-02-21T20:29:56.307003+00:00
1.861,,False,"{""endDateRange"": ""2024-03-06"", ""season"": 2024, ""startDateRange"": ""2023-11-07"", ""team"": ""Detroit Mercy""}",/lineups/team,200,2026-02-21T20:29:58.320133+00:00
0.294,,False,"{""season"": 2024, ""seasonType"": ""regular"", ""team"": ""Drake""}",/games,200,2026-02-21T20:29:58.800290+00:00
2.042,,False,"{""endDateRange"": ""2024-03-10"", ""season"": 2024, ""startDateRange"": ""2023-11-09"", ""team"": ""Drake""}",/lineups/team,200,2026-02-21T20:30:00.995165+00:00
0.547,,False,"{""season"": 2024, ""seasonType"": ""regular"", ""team"": ""Drexel""}",/games,200,2026-02-21T20:30:01.710641+00:00
2.212,,False,"{""endDateRange"": ""2024-03-10"", ""season"": 2024, ""startDateRange"": ""2023-11-07"", ""team"": ""Drexel""}",/lineups/team,200,2026-02-21T20:30:04.074833+00:00
0.492,,False,"{""season"": 2024, ""seasonType"": ""regular"", ""team"": ""Duke""}",/games,200,2026-02-21T20:30:04.732740+00:00
1.94,,False,"{""endDateRange"": ""2024-03-14"", ""season"": 2024, ""startDateRange"": ""2023-11-07"", ""team"": ""Duke""}",/lineups/team,200,2026-02-21T20:30:06.824546+00:00
0.395,,False,"{""season"": 2024, ""seasonType"": ""regular"", ""team"": ""Duquesne""}",/games,200,2026-02-21T20:30:07.388704+00:00
2.489,,False,"{""endDateRange"": ""2024-03-17"", ""season"": 2024, ""startDateRange"": ""2023-11-07"", ""team"": ""Duquesne""}",/lineups/team,200,2026-02-21T20:30:10.029449+00:00
0.35,,False,"{""season"": 2024, ""seasonType"": ""regular"", ""team"": ""East Carolina""}",/games,200,2026-02-21T20:30:10.563160+00:00
2.649,,False,"{""endDateRange"": ""2024-03-15"", ""season"": 2024, ""startDateRange"": ""2023-11-07"", ""team"": ""East Carolina""}",/lineups/team,200,2026-02-21T20:30:13.364560+00:00
0.326,,False,"{""season"": 2024, ""seasonType"": ""regular"", ""team"": ""East Tennessee State""}",/games,200,2026-02-21T20:30:13.875895+00:00
1.982,,False,"{""endDateRange"": ""2024-03-11"", ""season"": 2024, ""startDateRange"": ""2023-11-07"", ""team"": ""East Tennessee State""}",/lineups/team,200,2026-02-21T20:30:16.010242+00:00
0.349,,False,"{""season"": 2024, ""seasonType"": ""regular"", ""team"": ""East Texas A&M""}",/games,200,2026-02-21T20:30:16.539117+00:00
2.447,,False,"{""endDateRange"": ""2024-03-12"", ""season"": 2024, ""startDateRange"": ""2023-11-07"", ""team"": ""East Texas A&M""}",/lineups/team,200,2026-02-21T20:30:19.138176+00:00
0.321,,False,"{""season"": 2024, ""seasonType"": ""regular"", ""team"": ""Eastern Illinois""}",/games,200,2026-02-21T20:30:19.656237+00:00
1.764,,False,"{""endDateRange"": ""2024-03-07"", ""season"": 2024, ""startDateRange"": ""2023-11-07"", ""team"": ""Eastern Illinois""}",/lineups/team,200,2026-02-21T20:30:21.572406+00:00
0.362,,False,"{""season"": 2024, ""seasonType"": ""regular"", ""team"": ""Eastern Kentucky""}",/games,200,2026-02-21T20:30:22.118711+00:00
1.623,,False,"{""endDateRange"": ""2024-03-06"", ""season"": 2024, ""startDateRange"": ""2023-11-08"", ""team"": ""Eastern Kentucky""}",/lineups/team,200,2026-02-21T20:30:23.893984+00:00
0.321,,False,"{""season"": 2024, ""seasonType"": ""regular"", ""team"": ""Eastern Michigan""}",/games,200,2026-02-21T20:30:24.382659+00:00
2.064,,False,"{""endDateRange"": ""2024-03-09"", ""season"": 2024, ""startDateRange"": ""2023-11-07"", ""team"": ""Eastern Michigan""}",/lineups/team,200,2026-02-21T20:30:26.598485+00:00
0.31,,False,"{""season"": 2024, ""seasonType"": ""regular"", ""team"": ""Eastern Washington""}",/games,200,2026-02-21T20:30:27.089366+00:00
2.234,,False,"{""endDateRange"": ""2024-03-10"", ""season"": 2024, ""startDateRange"": ""2023-11-07"", ""team"": ""Eastern Washington""}",/lineups/team,200,2026-02-21T20:30:29.475200+00:00
0.33,,False,"{""season"": 2024, ""seasonType"": ""regular"", ""team"": ""Elon""}",/games,200,2026-02-21T20:30:29.979090+00:00
2.11,,False,"{""endDateRange"": ""2024-03-08"", ""season"": 2024, ""startDateRange"": ""2023-11-07"", ""team"": ""Elon""}",/lineups/team,200,2026-02-21T20:30:32.240823+00:00
0.305,,False,"{""season"": 2024, ""seasonType"": ""regular"", ""team"": ""Evansville""}",/games,200,2026-02-21T20:30:32.726508+00:00
1.645,,False,"{""endDateRange"": ""2024-03-09"", ""season"": 2024, ""startDateRange"": ""2023-11-07"", ""team"": ""Evansville""}",/lineups/team,200,2026-02-21T20:30:34.523983+00:00
0.322,,False,"{""season"": 2024, ""seasonType"": ""regular"", ""team"": ""Florida International""}",/games,200,2026-02-21T20:30:35.014844+00:00
2.457,,False,"{""endDateRange"": ""2024-03-13"", ""season"": 2024, ""startDateRange"": ""2023-11-07"", ""team"": ""Florida International""}",/lineups/team,200,2026-02-21T20:30:37.623584+00:00
0.297,,False,"{""season"": 2024, ""seasonType"": ""regular"", ""team"": ""Fairfield""}",/games,200,2026-02-21T20:30:38.118703+00:00
1.481,,False,"{""endDateRange"": ""2024-03-16"", ""season"": 2024, ""startDateRange"": ""2023-11-07"", ""team"": ""Fairfield""}",/lineups/team,200,2026-02-21T20:30:39.751749+00:00
0.294,,False,"{""season"": 2024, ""seasonType"": ""regular"", ""team"": ""Fairleigh Dickinson""}",/games,200,2026-02-21T20:30:40.214814+00:00
2.331,,False,"{""endDateRange"": ""2024-03-07"", ""season"": 2024, ""startDateRange"": ""2023-11-07"", ""team"": ""Fairleigh Dickinson""}",/lineups/team,200,2026-02-21T20:30:42.697926+00:00
0.319,,False,"{""season"": 2024, ""seasonType"": ""regular"", ""team"": ""Florida""}",/games,200,2026-02-21T20:30:43.189779+00:00
1.897,,False,"{""endDateRange"": ""2024-03-17"", ""season"": 2024, ""startDateRange"": ""2023-11-07"", ""team"": ""Florida""}",/lineups/team,200,2026-02-21T20:30:45.238558+00:00
0.288,,False,"{""season"": 2024, ""seasonType"": ""regular"", ""team"": ""Florida A&M""}",/games,200,2026-02-21T20:30:45.695866+00:00
1.652,,False,"{""endDateRange"": ""2024-03-09"", ""season"": 2024, ""startDateRange"": ""2023-11-08"", ""team"": ""Florida A&M""}",/lineups/team,200,2026-02-21T20:30:47.499538+00:00
0.314,,False,"{""season"": 2024, ""seasonType"": ""regular"", ""team"": ""Florida Atlantic""}",/games,200,2026-02-21T20:30:47.994582+00:00
2.082,,False,"{""endDateRange"": ""2024-03-16"", ""season"": 2024, ""startDateRange"": ""2023-11-09"", ""team"": ""Florida Atlantic""}",/lineups/team,200,2026-02-21T20:30:50.228900+00:00
0.307,,False,"{""season"": 2024, ""seasonType"": ""regular"", ""team"": ""Florida Gulf Coast""}",/games,200,2026-02-21T20:30:50.708738+00:00
2.067,,False,"{""endDateRange"": ""2024-03-05"", ""season"": 2024, ""startDateRange"": ""2023-11-07"", ""team"": ""Florida Gulf Coast""}",/lineups/team,200,2026-02-21T20:30:52.927298+00:00
0.33,,False,"{""season"": 2024, ""seasonType"": ""regular"", ""team"": ""Florida State""}",/games,200,2026-02-21T20:30:53.430060+00:00
2.43,,False,"{""endDateRange"": ""2024-03-14"", ""season"": 2024, ""startDateRange"": ""2023-11-10"", ""team"": ""Florida State""}",/lineups/team,200,2026-02-21T20:30:56.012196+00:00
0.321,,False,"{""season"": 2024, ""seasonType"": ""regular"", ""team"": ""Fordham""}",/games,200,2026-02-21T20:30:56.516832+00:00
2.451,,False,"{""endDateRange"": ""2024-03-13"", ""season"": 2024, ""startDateRange"": ""2023-11-07"", ""team"": ""Fordham""}",/lineups/team,200,2026-02-21T20:30:59.119724+00:00
0.32,,False,"{""season"": 2024, ""seasonType"": ""regular"", ""team"": ""Fresno State""}",/games,200,2026-02-21T20:30:59.620550+00:00
2.274,,False,"{""endDateRange"": ""2024-03-14"", ""season"": 2024, ""startDateRange"": ""2023-11-07"", ""team"": ""Fresno State""}",/lineups/team,200,2026-02-21T20:31:02.047343+00:00
0.326,,False,"{""season"": 2024, ""seasonType"": ""regular"", ""team"": ""Furman""}",/games,200,2026-02-21T20:31:02.545894+00:00
1.852,,False,"{""endDateRange"": ""2024-03-10"", ""season"": 2024, ""startDateRange"": ""2023-11-07"", ""team"": ""Furman""}",/lineups/team,200,2026-02-21T20:31:04.550255+00:00
0.327,,False,"{""season"": 2024, ""seasonType"": ""regular"", ""team"": ""Gardner-Webb""}",/games,200,2026-02-21T20:31:05.050611+00:00
2.56,,False,"{""endDateRange"": ""2024-03-09"", ""season"": 2024, ""startDateRange"": ""2023-11-07"", ""team"": ""Gardner-Webb""}",/lineups/team,200,2026-02-21T20:31:07.762649+00:00
0.296,,False,"{""season"": 2024, ""seasonType"": ""regular"", ""team"": ""George Mason""}",/games,200,2026-02-21T20:31:08.235244+00:00
1.711,,False,"{""endDateRange"": ""2024-03-13"", ""season"": 2024, ""startDateRange"": ""2023-11-07"", ""team"": ""George Mason""}",/lineups/team,200,2026-02-21T20:31:10.098348+00:00
0.297,,False,"{""season"": 2024, ""seasonType"": ""regular"", ""team"": ""George Washington""}",/games,200,2026-02-21T20:31:10.564658+00:00
1.701,,False,"{""endDateRange"": ""2024-03-12"", ""season"": 2024, ""startDateRange"": ""2023-11-07"", ""team"": ""George Washington""}",/lineups/team,200,2026-02-21T20:31:12.417784+00:00
0.314,,False,"{""season"": 2024, ""seasonType"": ""regular"", ""team"": ""Georgetown""}",/games,200,2026-02-21T20:31:12.900750+00:00
1.48,,False,"{""endDateRange"": ""2024-03-13"", ""season"": 2024, ""startDateRange"": ""2023-11-08"", ""team"": ""Georgetown""}",/lineups/team,200,2026-02-21T20:31:14.533103+00:00
0.402,,False,"{""season"": 2024, ""seasonType"": ""regular"", ""team"": ""Georgia""}",/games,200,2026-02-21T20:31:15.103525+00:00
2.899,,False,"{""endDateRange"": ""2024-03-15"", ""season"": 2024, ""startDateRange"": ""2023-11-06"", ""team"": ""Georgia""}",/lineups/team,200,2026-02-21T20:31:18.154379+00:00
0.314,,False,"{""season"": 2024, ""seasonType"": ""regular"", ""team"": ""Georgia Southern""}",/games,200,2026-02-21T20:31:18.645953+00:00
2.123,,False,"{""endDateRange"": ""2024-03-09"", ""season"": 2024, ""startDateRange"": ""2023-11-07"", ""team"": ""Georgia Southern""}",/lineups/team,200,2026-02-21T20:31:20.921241+00:00
0.328,,False,"{""season"": 2024, ""seasonType"": ""regular"", ""team"": ""Georgia State""}",/games,200,2026-02-21T20:31:21.439657+00:00
1.799,,False,"{""endDateRange"": ""2024-03-08"", ""season"": 2024, ""startDateRange"": ""2023-11-07"", ""team"": ""Georgia State""}",/lineups/team,200,2026-02-21T20:31:23.391000+00:00
0.324,,False,"{""season"": 2024, ""seasonType"": ""regular"", ""team"": ""Georgia Tech""}",/games,200,2026-02-21T20:31:23.884720+00:00
2.331,,False,"{""endDateRange"": ""2024-03-12"", ""season"": 2024, ""startDateRange"": ""2023-11-07"", ""team"": ""Georgia Tech""}",/lineups/team,200,2026-02-21T20:31:26.367366+00:00
0.341,,False,"{""season"": 2024, ""seasonType"": ""regular"", ""team"": ""Gonzaga""}",/games,200,2026-02-21T20:31:26.900608+00:00
1.209,,False,"{""endDateRange"": ""2024-03-13"", ""season"": 2024, ""startDateRange"": ""2023-11-11"", ""team"": ""Gonzaga""}",/lineups/team,200,2026-02-21T20:31:28.261802+00:00
0.298,,False,"{""season"": 2024, ""seasonType"": ""regular"", ""team"": ""Grambling""}",/games,200,2026-02-21T20:31:28.720249+00:00
1.952,,False,"{""endDateRange"": ""2024-03-17"", ""season"": 2024, ""startDateRange"": ""2023-11-07"", ""team"": ""Grambling""}",/lineups/team,200,2026-02-21T20:31:30.824491+00:00
0.312,,False,"{""season"": 2024, ""seasonType"": ""regular"", ""team"": ""Grand Canyon""}",/games,200,2026-02-21T20:31:31.322265+00:00
1.952,,False,"{""endDateRange"": ""2024-03-17"", ""season"": 2024, ""startDateRange"": ""2023-11-07"", ""team"": ""Grand Canyon""}",/lineups/team,200,2026-02-21T20:31:33.425898+00:00
0.349,,False,"{""season"": 2024, ""seasonType"": ""regular"", ""team"": ""Green Bay""}",/games,200,2026-02-21T20:31:33.945344+00:00
1.806,,False,"{""endDateRange"": ""2024-03-08"", ""season"": 2024, ""startDateRange"": ""2023-11-07"", ""team"": ""Green Bay""}",/lineups/team,200,2026-02-21T20:31:35.903428+00:00
0.345,,False,"{""season"": 2024, ""seasonType"": ""regular"", ""team"": ""Hampton""}",/games,200,2026-02-21T20:31:36.428128+00:00
1.555,,False,"{""endDateRange"": ""2024-03-10"", ""season"": 2024, ""startDateRange"": ""2023-11-07"", ""team"": ""Hampton""}",/lineups/team,200,2026-02-21T20:31:38.134959+00:00
0.322,,False,"{""season"": 2024, ""seasonType"": ""regular"", ""team"": ""Harvard""}",/games,200,2026-02-21T20:31:38.634007+00:00
1.675,,False,"{""endDateRange"": ""2024-03-06"", ""season"": 2024, ""startDateRange"": ""2023-11-07"", ""team"": ""Harvard""}",/lineups/team,200,2026-02-21T20:31:40.460266+00:00
0.301,,False,"{""season"": 2024, ""seasonType"": ""regular"", ""team"": ""Hawai'i""}",/games,200,2026-02-21T20:31:40.932206+00:00
1.932,,False,"{""endDateRange"": ""2024-03-16"", ""season"": 2024, ""startDateRange"": ""2023-11-15"", ""team"": ""Hawai'i""}",/lineups/team,200,2026-02-21T20:31:43.016129+00:00
0.294,,False,"{""season"": 2024, ""seasonType"": ""regular"", ""team"": ""High Point""}",/games,200,2026-02-21T20:31:43.484552+00:00
1.86,,False,"{""endDateRange"": ""2024-03-09"", ""season"": 2024, ""startDateRange"": ""2023-11-07"", ""team"": ""High Point""}",/lineups/team,200,2026-02-21T20:31:45.496966+00:00
0.306,,False,"{""season"": 2024, ""seasonType"": ""regular"", ""team"": ""Hofstra""}",/games,200,2026-02-21T20:31:45.974120+00:00
1.367,,False,"{""endDateRange"": ""2024-03-12"", ""season"": 2024, ""startDateRange"": ""2023-11-06"", ""team"": ""Hofstra""}",/lineups/team,200,2026-02-21T20:31:47.493225+00:00
0.316,,False,"{""season"": 2024, ""seasonType"": ""regular"", ""team"": ""Holy Cross""}",/games,200,2026-02-21T20:31:47.969341+00:00
0.167,http_500,False,"{""endDateRange"": ""2024-03-08"", ""season"": 2024, ""startDateRange"": ""2023-11-07"", ""team"": ""Holy Cross""}",/lineups/team,500,2026-02-21T20:31:48.288175+00:00
0.299,,False,"{""season"": 2024, ""seasonType"": ""regular"", ""team"": ""Houston""}",/games,200,2026-02-21T20:31:48.738247+00:00
1.979,,False,"{""endDateRange"": ""2024-03-16"", ""season"": 2024, ""startDateRange"": ""2023-11-07"", ""team"": ""Houston""}",/lineups/team,200,2026-02-21T20:31:50.869054+00:00
0.343,,False,"{""season"": 2024, ""seasonType"": ""regular"", ""team"": ""Houston Christian""}",/games,200,2026-02-21T20:31:51.384515+00:00
1.188,,False,"{""endDateRange"": ""2024-03-07"", ""season"": 2024, ""startDateRange"": ""2023-11-07"", ""team"": ""Houston Christian""}",/lineups/team,200,2026-02-21T20:31:52.725014+00:00
0.333,,False,"{""season"": 2024, ""seasonType"": ""regular"", ""team"": ""Howard""}",/games,200,2026-02-21T20:31:53.228546+00:00
2.344,,False,"{""endDateRange"": ""2024-03-16"", ""season"": 2024, ""startDateRange"": ""2023-11-07"", ""team"": ""Howard""}",/lineups/team,200,2026-02-21T20:31:55.724684+00:00
0.319,,False,"{""season"": 2024, ""seasonType"": ""regular"", ""team"": ""IU Indianapolis""}",/games,200,2026-02-21T20:31:56.232130+00:00
1.769,,False,"{""endDateRange"": ""2024-03-06"", ""season"": 2024, ""startDateRange"": ""2023-11-06"", ""team"": ""IU Indianapolis""}",/lineups/team,200,2026-02-21T20:31:58.153763+00:00
0.303,,False,"{""season"": 2024, ""seasonType"": ""regular"", ""team"": ""Idaho""}",/games,200,2026-02-21T20:31:58.631517+00:00
2.065,,False,"{""endDateRange"": ""2024-03-10"", ""season"": 2024, ""startDateRange"": ""2023-11-07"", ""team"": ""Idaho""}",/lineups/team,200,2026-02-21T20:32:00.847996+00:00
0.334,,False,"{""season"": 2024, ""seasonType"": ""regular"", ""team"": ""Idaho State""}",/games,200,2026-02-21T20:32:01.361415+00:00
2.115,,False,"{""endDateRange"": ""2024-03-13"", ""season"": 2024, ""startDateRange"": ""2023-11-07"", ""team"": ""Idaho State""}",/lineups/team,200,2026-02-21T20:32:03.628719+00:00
0.337,,False,"{""season"": 2024, ""seasonType"": ""regular"", ""team"": ""Illinois""}",/games,200,2026-02-21T20:32:04.130744+00:00
2.138,,False,"{""endDateRange"": ""2024-03-17"", ""season"": 2024, ""startDateRange"": ""2023-11-07"", ""team"": ""Illinois""}",/lineups/team,200,2026-02-21T20:32:06.420522+00:00
0.353,,False,"{""season"": 2024, ""seasonType"": ""regular"", ""team"": ""UIC""}",/games,200,2026-02-21T20:32:06.947617+00:00
1.94,,False,"{""endDateRange"": ""2024-03-09"", ""season"": 2024, ""startDateRange"": ""2023-11-07"", ""team"": ""UIC""}",/lineups/team,200,2026-02-21T20:32:09.039239+00:00
0.332,,False,"{""season"": 2024, ""seasonType"": ""regular"", ""team"": ""Illinois State""}",/games,200,2026-02-21T20:32:09.547095+00:00
1.699,,False,"{""endDateRange"": ""2024-03-08"", ""season"": 2024, ""startDateRange"": ""2023-11-07"", ""team"": ""Illinois State""}",/lineups/team,200,2026-02-21T20:32:11.398449+00:00
0.328,,False,"{""season"": 2024, ""seasonType"": ""regular"", ""team"": ""Incarnate Word""}",/games,200,2026-02-21T20:32:11.907387+00:00
2.652,,False,"{""endDateRange"": ""2024-03-07"", ""season"": 2024, ""startDateRange"": ""2023-11-07"", ""team"": ""Incarnate Word""}",/lineups/team,200,2026-02-21T20:32:14.711063+00:00
0.312,,False,"{""season"": 2024, ""seasonType"": ""regular"", ""team"": ""Indiana""}",/games,200,2026-02-21T20:32:15.213656+00:00
1.774,,False,"{""endDateRange"": ""2024-03-16"", ""season"": 2024, ""startDateRange"": ""2023-11-07"", ""team"": ""Indiana""}",/lineups/team,200,2026-02-21T20:32:17.140017+00:00
0.3,,False,"{""season"": 2024, ""seasonType"": ""regular"", ""team"": ""Indiana State""}",/games,200,2026-02-21T20:32:17.612280+00:00
1.336,,False,"{""endDateRange"": ""2024-03-10"", ""season"": 2024, ""startDateRange"": ""2023-11-07"", ""team"": ""Indiana State""}",/lineups/team,200,2026-02-21T20:32:19.100370+00:00
0.318,,False,"{""season"": 2024, ""seasonType"": ""regular"", ""team"": ""Iona""}",/games,200,2026-02-21T20:32:19.587659+00:00
2.459,,False,"{""endDateRange"": ""2024-03-14"", ""season"": 2024, ""startDateRange"": ""2023-11-07"", ""team"": ""Iona""}",/lineups/team,200,2026-02-21T20:32:22.198730+00:00
0.304,,False,"{""season"": 2024, ""seasonType"": ""regular"", ""team"": ""Iowa""}",/games,200,2026-02-21T20:32:22.688536+00:00
1.581,,False,"{""endDateRange"": ""2024-03-14"", ""season"": 2024, ""startDateRange"": ""2023-11-08"", ""team"": ""Iowa""}",/lineups/team,200,2026-02-21T20:32:24.421353+00:00
0.321,,False,"{""season"": 2024, ""seasonType"": ""regular"", ""team"": ""Iowa State""}",/games,200,2026-02-21T20:32:24.918409+00:00
2.716,,False,"{""endDateRange"": ""2024-03-16"", ""season"": 2024, ""startDateRange"": ""2023-11-07"", ""team"": ""Iowa State""}",/lineups/team,200,2026-02-21T20:32:27.786603+00:00
0.302,,False,"{""season"": 2024, ""seasonType"": ""regular"", ""team"": ""Jackson State""}",/games,200,2026-02-21T20:32:28.259099+00:00
1.383,,False,"{""endDateRange"": ""2024-03-14"", ""season"": 2024, ""startDateRange"": ""2023-11-07"", ""team"": ""Jackson State""}",/lineups/team,200,2026-02-21T20:32:29.794504+00:00
0.356,,False,"{""season"": 2024, ""seasonType"": ""regular"", ""team"": ""Jacksonville""}",/games,200,2026-02-21T20:32:30.328586+00:00
2.167,,False,"{""endDateRange"": ""2024-03-08"", ""season"": 2024, ""startDateRange"": ""2023-11-07"", ""team"": ""Jacksonville""}",/lineups/team,200,2026-02-21T20:32:32.647765+00:00
0.325,,False,"{""season"": 2024, ""seasonType"": ""regular"", ""team"": ""Jacksonville State""}",/games,200,2026-02-21T20:32:33.149740+00:00
2.065,,False,"{""endDateRange"": ""2024-03-13"", ""season"": 2024, ""startDateRange"": ""2023-11-07"", ""team"": ""Jacksonville State""}",/lineups/team,200,2026-02-21T20:32:35.366927+00:00
0.282,,False,"{""season"": 2024, ""seasonType"": ""regular"", ""team"": ""James Madison""}",/games,200,2026-02-21T20:32:35.830506+00:00
2.087,,False,"{""endDateRange"": ""2024-03-11"", ""season"": 2024, ""startDateRange"": ""2023-11-07"", ""team"": ""James Madison""}",/lineups/team,200,2026-02-21T20:32:38.069706+00:00
0.314,,False,"{""season"": 2024, ""seasonType"": ""regular"", ""team"": ""Kansas""}",/games,200,2026-02-21T20:32:38.553135+00:00
1.887,,False,"{""endDateRange"": ""2024-03-14"", ""season"": 2024, ""startDateRange"": ""2023-11-07"", ""team"": ""Kansas""}",/lineups/team,200,2026-02-21T20:32:40.591997+00:00
0.302,,False,"{""season"": 2024, ""seasonType"": ""regular"", ""team"": ""Kansas State""}",/games,200,2026-02-21T20:32:41.070077+00:00
2.364,,False,"{""endDateRange"": ""2024-03-14"", ""season"": 2024, ""startDateRange"": ""2023-11-07"", ""team"": ""Kansas State""}",/lineups/team,200,2026-02-21T20:32:43.586526+00:00
0.298,,False,"{""season"": 2024, ""seasonType"": ""regular"", ""team"": ""Kennesaw State""}",/games,200,2026-02-21T20:32:44.060606+00:00
1.637,,False,"{""endDateRange"": ""2024-03-05"", ""season"": 2024, ""startDateRange"": ""2023-11-08"", ""team"": ""Kennesaw State""}",/lineups/team,200,2026-02-21T20:32:45.850160+00:00
0.301,,False,"{""season"": 2024, ""seasonType"": ""regular"", ""team"": ""Kent State""}",/games,200,2026-02-21T20:32:46.323522+00:00
2.032,,False,"{""endDateRange"": ""2024-03-16"", ""season"": 2024, ""startDateRange"": ""2023-11-07"", ""team"": ""Kent State""}",/lineups/team,200,2026-02-21T20:32:48.507184+00:00
0.308,,False,"{""season"": 2024, ""seasonType"": ""regular"", ""team"": ""Kentucky""}",/games,200,2026-02-21T20:32:48.998102+00:00
3.318,,False,"{""endDateRange"": ""2024-03-15"", ""season"": 2024, ""startDateRange"": ""2023-11-07"", ""team"": ""Kentucky""}",/lineups/team,200,2026-02-21T20:32:52.468230+00:00
0.301,,False,"{""season"": 2024, ""seasonType"": ""regular"", ""team"": ""LSU""}",/games,200,2026-02-21T20:32:52.953500+00:00
1.894,,False,"{""endDateRange"": ""2024-03-14"", ""season"": 2024, ""startDateRange"": ""2023-11-07"", ""team"": ""LSU""}",/lineups/team,200,2026-02-21T20:32:54.999795+00:00
0.316,,False,"{""season"": 2024, ""seasonType"": ""regular"", ""team"": ""La Salle""}",/games,200,2026-02-21T20:32:55.490108+00:00
1.451,,False,"{""endDateRange"": ""2024-03-13"", ""season"": 2024, ""startDateRange"": ""2023-11-07"", ""team"": ""La Salle""}",/lineups/team,200,2026-02-21T20:32:57.093275+00:00
0.312,,False,"{""season"": 2024, ""seasonType"": ""regular"", ""team"": ""Lafayette""}",/games,200,2026-02-21T20:32:57.566068+00:00
1.786,,False,"{""endDateRange"": ""2024-03-08"", ""season"": 2024, ""startDateRange"": ""2023-11-07"", ""team"": ""Lafayette""}",/lineups/team,200,2026-02-21T20:32:59.503768+00:00
0.311,,False,"{""season"": 2024, ""seasonType"": ""regular"", ""team"": ""Lamar""}",/games,200,2026-02-21T20:32:59.991765+00:00
2.29,,False,"{""endDateRange"": ""2024-03-12"", ""season"": 2024, ""startDateRange"": ""2023-11-07"", ""team"": ""Lamar""}",/lineups/team,200,2026-02-21T20:33:02.434199+00:00
0.329,,False,"{""season"": 2024, ""seasonType"": ""regular"", ""team"": ""Le Moyne""}",/games,200,2026-02-21T20:33:02.945513+00:00
1.501,,False,"{""endDateRange"": ""2024-03-09"", ""season"": 2024, ""startDateRange"": ""2023-11-08"", ""team"": ""Le Moyne""}",/lineups/team,200,2026-02-21T20:33:04.598577+00:00
0.297,,False,"{""season"": 2024, ""seasonType"": ""regular"", ""team"": ""Lehigh""}",/games,200,2026-02-21T20:33:05.068174+00:00
2.14,,False,"{""endDateRange"": ""2024-03-13"", ""season"": 2024, ""startDateRange"": ""2023-11-07"", ""team"": ""Lehigh""}",/lineups/team,200,2026-02-21T20:33:07.360283+00:00
0.288,,False,"{""season"": 2024, ""seasonType"": ""regular"", ""team"": ""Liberty""}",/games,200,2026-02-21T20:33:07.833724+00:00
2.046,,False,"{""endDateRange"": ""2024-03-14"", ""season"": 2024, ""startDateRange"": ""2023-11-07"", ""team"": ""Liberty""}",/lineups/team,200,2026-02-21T20:33:10.031720+00:00
0.291,,False,"{""season"": 2024, ""seasonType"": ""regular"", ""team"": ""Lindenwood""}",/games,200,2026-02-21T20:33:10.496359+00:00
1.664,,False,"{""endDateRange"": ""2024-03-02"", ""season"": 2024, ""startDateRange"": ""2023-11-07"", ""team"": ""Lindenwood""}",/lineups/team,200,2026-02-21T20:33:12.312686+00:00
0.29,,False,"{""season"": 2024, ""seasonType"": ""regular"", ""team"": ""Lipscomb""}",/games,200,2026-02-21T20:33:12.774321+00:00
1.968,,False,"{""endDateRange"": ""2024-03-06"", ""season"": 2024, ""startDateRange"": ""2023-11-07"", ""team"": ""Lipscomb""}",/lineups/team,200,2026-02-21T20:33:14.894332+00:00
0.321,,False,"{""season"": 2024, ""seasonType"": ""regular"", ""team"": ""Little Rock""}",/games,200,2026-02-21T20:33:15.409746+00:00
1.605,,False,"{""endDateRange"": ""2024-03-10"", ""season"": 2024, ""startDateRange"": ""2023-11-07"", ""team"": ""Little Rock""}",/lineups/team,200,2026-02-21T20:33:17.166501+00:00
0.281,,False,"{""season"": 2024, ""seasonType"": ""regular"", ""team"": ""Long Beach State""}",/games,200,2026-02-21T20:33:17.617845+00:00
2.008,,False,"{""endDateRange"": ""2024-03-17"", ""season"": 2024, ""startDateRange"": ""2023-11-07"", ""team"": ""Long Beach State""}",/lineups/team,200,2026-02-21T20:33:19.778096+00:00
0.303,,False,"{""season"": 2024, ""seasonType"": ""regular"", ""team"": ""Longwood""}",/games,200,2026-02-21T20:33:20.262807+00:00
3.205,,False,"{""endDateRange"": ""2024-03-10"", ""season"": 2024, ""startDateRange"": ""2023-11-07"", ""team"": ""Longwood""}",/lineups/team,200,2026-02-21T20:33:23.619703+00:00
0.366,,False,"{""season"": 2024, ""seasonType"": ""regular"", ""team"": ""Louisiana""}",/games,200,2026-02-21T20:33:24.170803+00:00
1.666,,False,"{""endDateRange"": ""2024-03-09"", ""season"": 2024, ""startDateRange"": ""2023-11-07"", ""team"": ""Louisiana""}",/lineups/team,200,2026-02-21T20:33:25.989343+00:00
0.378,,False,"{""season"": 2024, ""seasonType"": ""regular"", ""team"": ""UL Monroe""}",/games,200,2026-02-21T20:33:26.536405+00:00
1.319,,False,"{""endDateRange"": ""2024-03-05"", ""season"": 2024, ""startDateRange"": ""2023-11-07"", ""team"": ""UL Monroe""}",/lineups/team,200,2026-02-21T20:33:28.007194+00:00
0.317,,False,"{""season"": 2024, ""seasonType"": ""regular"", ""team"": ""Louisiana Tech""}",/games,200,2026-02-21T20:33:28.490960+00:00
1.479,,False,"{""endDateRange"": ""2024-03-14"", ""season"": 2024, ""startDateRange"": ""2023-11-07"", ""team"": ""Louisiana Tech""}",/lineups/team,200,2026-02-21T20:33:30.122384+00:00
0.341,,False,"{""season"": 2024, ""seasonType"": ""regular"", ""team"": ""Louisville""}",/games,200,2026-02-21T20:33:30.638822+00:00
1.343,,False,"{""endDateRange"": ""2024-03-12"", ""season"": 2024, ""startDateRange"": ""2023-11-07"", ""team"": ""Louisville""}",/lineups/team,200,2026-02-21T20:33:32.134269+00:00
0.31,,False,"{""season"": 2024, ""seasonType"": ""regular"", ""team"": ""Loyola Chicago""}",/games,200,2026-02-21T20:33:32.618345+00:00
2.751,,False,"{""endDateRange"": ""2024-03-14"", ""season"": 2024, ""startDateRange"": ""2023-11-09"", ""team"": ""Loyola Chicago""}",/lineups/team,200,2026-02-21T20:33:35.521091+00:00
0.321,,False,"{""season"": 2024, ""seasonType"": ""regular"", ""team"": ""Loyola Maryland""}",/games,200,2026-02-21T20:33:36.030625+00:00
1.731,,False,"{""endDateRange"": ""2024-03-06"", ""season"": 2024, ""startDateRange"": ""2023-11-07"", ""team"": ""Loyola Maryland""}",/lineups/team,200,2026-02-21T20:33:37.914161+00:00
0.318,,False,"{""season"": 2024, ""seasonType"": ""regular"", ""team"": ""Loyola Marymount""}",/games,200,2026-02-21T20:33:38.405899+00:00
1.527,,False,"{""endDateRange"": ""2024-03-09"", ""season"": 2024, ""startDateRange"": ""2023-11-08"", ""team"": ""Loyola Marymount""}",/lineups/team,200,2026-02-21T20:33:40.085125+00:00
0.315,,False,"{""season"": 2024, ""seasonType"": ""regular"", ""team"": ""Maine""}",/games,200,2026-02-21T20:33:40.573133+00:00
1.575,,False,"{""endDateRange"": ""2024-03-09"", ""season"": 2024, ""startDateRange"": ""2023-11-07"", ""team"": ""Maine""}",/lineups/team,200,2026-02-21T20:33:42.299840+00:00
0.3,,False,"{""season"": 2024, ""seasonType"": ""regular"", ""team"": ""Manhattan""}",/games,200,2026-02-21T20:33:42.766313+00:00
1.448,,False,"{""endDateRange"": ""2024-03-13"", ""season"": 2024, ""startDateRange"": ""2023-11-07"", ""team"": ""Manhattan""}",/lineups/team,200,2026-02-21T20:33:44.366556+00:00
0.307,,False,"{""season"": 2024, ""seasonType"": ""regular"", ""team"": ""Marist""}",/games,200,2026-02-21T20:33:44.856847+00:00
2.043,,False,"{""endDateRange"": ""2024-03-16"", ""season"": 2024, ""startDateRange"": ""2023-11-07"", ""team"": ""Marist""}",/lineups/team,200,2026-02-21T20:33:47.052249+00:00
0.394,,False,"{""season"": 2024, ""seasonType"": ""regular"", ""team"": ""Marquette""}",/games,200,2026-02-21T20:33:47.624781+00:00
2.065,,False,"{""endDateRange"": ""2024-03-16"", ""season"": 2024, ""startDateRange"": ""2023-11-07"", ""team"": ""Marquette""}",/lineups/team,200,2026-02-21T20:33:49.841456+00:00
0.357,,False,"{""season"": 2024, ""seasonType"": ""regular"", ""team"": ""Marshall""}",/games,200,2026-02-21T20:33:50.375821+00:00
1.369,,False,"{""endDateRange"": ""2024-03-10"", ""season"": 2024, ""startDateRange"": ""2023-11-07"", ""team"": ""Marshall""}",/lineups/team,200,2026-02-21T20:33:51.896383+00:00
0.341,,False,"{""season"": 2024, ""seasonType"": ""regular"", ""team"": ""Maryland""}",/games,200,2026-02-21T20:33:52.411554+00:00
2.049,,False,"{""endDateRange"": ""2024-03-14"", ""season"": 2024, ""startDateRange"": ""2023-11-08"", ""team"": ""Maryland""}",/lineups/team,200,2026-02-21T20:33:54.612356+00:00
0.336,,False,"{""season"": 2024, ""seasonType"": ""regular"", ""team"": ""Maryland Eastern Shore""}",/games,200,2026-02-21T20:33:55.121112+00:00
2.243,,False,"{""endDateRange"": ""2024-03-14"", ""season"": 2024, ""startDateRange"": ""2023-11-07"", ""team"": ""Maryland Eastern Shore""}",/lineups/team,200,2026-02-21T20:33:57.515707+00:00
0.339,,False,"{""season"": 2024, ""seasonType"": ""regular"", ""team"": ""Massachusetts""}",/games,200,2026-02-21T20:33:58.034870+00:00
1.762,,False,"{""endDateRange"": ""2024-03-14"", ""season"": 2024, ""startDateRange"": ""2023-11-08"", ""team"": ""Massachusetts""}",/lineups/team,200,2026-02-21T20:33:59.948655+00:00
0.449,,False,"{""season"": 2024, ""seasonType"": ""regular"", ""team"": ""McNeese""}",/games,200,2026-02-21T20:34:00.568966+00:00
1.59,,False,"{""endDateRange"": ""2024-03-13"", ""season"": 2024, ""startDateRange"": ""2023-11-07"", ""team"": ""McNeese""}",/lineups/team,200,2026-02-21T20:34:02.310505+00:00
0.338,,False,"{""season"": 2024, ""seasonType"": ""regular"", ""team"": ""Memphis""}",/games,200,2026-02-21T20:34:02.806517+00:00
3.711,,False,"{""endDateRange"": ""2024-03-14"", ""season"": 2024, ""startDateRange"": ""2023-11-07"", ""team"": ""Memphis""}",/lineups/team,200,2026-02-21T20:34:06.670186+00:00
0.37,,False,"{""season"": 2024, ""seasonType"": ""regular"", ""team"": ""Mercer""}",/games,200,2026-02-21T20:34:07.276175+00:00
2.096,,False,"{""endDateRange"": ""2024-03-09"", ""season"": 2024, ""startDateRange"": ""2023-11-07"", ""team"": ""Mercer""}",/lineups/team,200,2026-02-21T20:34:09.524588+00:00
0.331,,False,"{""season"": 2024, ""seasonType"": ""regular"", ""team"": ""Merrimack""}",/games,200,2026-02-21T20:34:10.039738+00:00
1.758,,False,"{""endDateRange"": ""2024-03-12"", ""season"": 2024, ""startDateRange"": ""2023-11-07"", ""team"": ""Merrimack""}",/lineups/team,200,2026-02-21T20:34:11.950129+00:00
0.32,,False,"{""season"": 2024, ""seasonType"": ""regular"", ""team"": ""Miami""}",/games,200,2026-02-21T20:34:12.431199+00:00
1.288,,False,"{""endDateRange"": ""2024-03-12"", ""season"": 2024, ""startDateRange"": ""2023-11-07"", ""team"": ""Miami""}",/lineups/team,200,2026-02-21T20:34:13.871688+00:00
0.313,,False,"{""season"": 2024, ""seasonType"": ""regular"", ""team"": ""Miami (OH)""}",/games,200,2026-02-21T20:34:14.354623+00:00
1.853,,False,"{""endDateRange"": ""2024-03-14"", ""season"": 2024, ""startDateRange"": ""2023-11-07"", ""team"": ""Miami (OH)""}",/lineups/team,200,2026-02-21T20:34:16.359975+00:00
0.367,,False,"{""season"": 2024, ""seasonType"": ""regular"", ""team"": ""Michigan""}",/games,200,2026-02-21T20:34:16.906436+00:00
1.662,,False,"{""endDateRange"": ""2024-03-14"", ""season"": 2024, ""startDateRange"": ""2023-11-08"", ""team"": ""Michigan""}",/lineups/team,200,2026-02-21T20:34:18.720748+00:00
0.33,,False,"{""season"": 2024, ""seasonType"": ""regular"", ""team"": ""Michigan State""}",/games,200,2026-02-21T20:34:19.224507+00:00
2.155,,False,"{""endDateRange"": ""2024-03-15"", ""season"": 2024, ""startDateRange"": ""2023-11-07"", ""team"": ""Michigan State""}",/lineups/team,200,2026-02-21T20:34:21.531906+00:00
0.344,,False,"{""season"": 2024, ""seasonType"": ""regular"", ""team"": ""Middle Tennessee""}",/games,200,2026-02-21T20:34:22.051567+00:00
1.978,,False,"{""endDateRange"": ""2024-03-15"", ""season"": 2024, ""startDateRange"": ""2023-11-07"", ""team"": ""Middle Tennessee""}",/lineups/team,200,2026-02-21T20:34:24.181061+00:00
0.383,,False,"{""season"": 2024, ""seasonType"": ""regular"", ""team"": ""Milwaukee""}",/games,200,2026-02-21T20:34:24.734584+00:00
2.484,,False,"{""endDateRange"": ""2024-03-12"", ""season"": 2024, ""startDateRange"": ""2023-11-07"", ""team"": ""Milwaukee""}",/lineups/team,200,2026-02-21T20:34:27.370523+00:00
0.365,,False,"{""season"": 2024, ""seasonType"": ""regular"", ""team"": ""Minnesota""}",/games,200,2026-02-21T20:34:27.935164+00:00
1.428,,False,"{""endDateRange"": ""2024-03-14"", ""season"": 2024, ""startDateRange"": ""2023-11-07"", ""team"": ""Minnesota""}",/lineups/team,200,2026-02-21T20:34:29.515398+00:00
0.341,,False,"{""season"": 2024, ""seasonType"": ""regular"", ""team"": ""Ole Miss""}",/games,200,2026-02-21T20:34:30.031369+00:00
2.029,,False,"{""endDateRange"": ""2024-03-14"", ""season"": 2024, ""startDateRange"": ""2023-11-07"", ""team"": ""Ole Miss""}",/lineups/team,200,2026-02-21T20:34:32.212627+00:00
0.368,,False,"{""season"": 2024, ""seasonType"": ""regular"", ""team"": ""Mississippi State""}",/games,200,2026-02-21T20:34:32.751168+00:00
2.097,,False,"{""endDateRange"": ""2024-03-16"", ""season"": 2024, ""startDateRange"": ""2023-11-09"", ""team"": ""Mississippi State""}",/lineups/team,200,2026-02-21T20:34:35.000368+00:00
0.294,,False,"{""season"": 2024, ""seasonType"": ""regular"", ""team"": ""Mississippi Valley State""}",/games,200,2026-02-21T20:34:35.474355+00:00
1.894,,False,"{""endDateRange"": ""2024-03-09"", ""season"": 2024, ""startDateRange"": ""2023-11-07"", ""team"": ""Mississippi Valley State""}",/lineups/team,200,2026-02-21T20:34:37.520015+00:00
0.355,,False,"{""season"": 2024, ""seasonType"": ""regular"", ""team"": ""Missouri""}",/games,200,2026-02-21T20:34:38.066643+00:00
2.287,,False,"{""endDateRange"": ""2024-03-14"", ""season"": 2024, ""startDateRange"": ""2023-11-07"", ""team"": ""Missouri""}",/lineups/team,200,2026-02-21T20:34:40.505670+00:00
0.348,,False,"{""season"": 2024, ""seasonType"": ""regular"", ""team"": ""Missouri State""}",/games,200,2026-02-21T20:34:41.051487+00:00
1.573,,False,"{""endDateRange"": ""2024-03-08"", ""season"": 2024, ""startDateRange"": ""2023-11-07"", ""team"": ""Missouri State""}",/lineups/team,200,2026-02-21T20:34:42.776257+00:00
0.332,,False,"{""season"": 2024, ""seasonType"": ""regular"", ""team"": ""Monmouth""}",/games,200,2026-02-21T20:34:43.282272+00:00
1.631,,False,"{""endDateRange"": ""2024-03-10"", ""season"": 2024, ""startDateRange"": ""2023-11-07"", ""team"": ""Monmouth""}",/lineups/team,200,2026-02-21T20:34:45.065348+00:00
0.334,,False,"{""season"": 2024, ""seasonType"": ""regular"", ""team"": ""Montana""}",/games,200,2026-02-21T20:34:45.571740+00:00
2.254,,False,"{""endDateRange"": ""2024-03-14"", ""season"": 2024, ""startDateRange"": ""2023-11-08"", ""team"": ""Montana""}",/lineups/team,200,2026-02-21T20:34:47.977836+00:00
0.327,,False,"{""season"": 2024, ""seasonType"": ""regular"", ""team"": ""Montana State""}",/games,200,2026-02-21T20:34:48.484428+00:00
1.846,,False,"{""endDateRange"": ""2024-03-14"", ""season"": 2024, ""startDateRange"": ""2023-11-07"", ""team"": ""Montana State""}",/lineups/team,200,2026-02-21T20:34:50.482660+00:00
0.34,,False,"{""season"": 2024, ""seasonType"": ""regular"", ""team"": ""Morehead State""}",/games,200,2026-02-21T20:34:50.989765+00:00
2.043,,False,"{""endDateRange"": ""2024-03-10"", ""season"": 2024, ""startDateRange"": ""2023-11-07"", ""team"": ""Morehead State""}",/lineups/team,200,2026-02-21T20:34:53.184589+00:00
0.352,,False,"{""season"": 2024, ""seasonType"": ""regular"", ""team"": ""Morgan State""}",/games,200,2026-02-21T20:34:53.703055+00:00
2.683,,False,"{""endDateRange"": ""2024-03-14"", ""season"": 2024, ""startDateRange"": ""2023-11-07"", ""team"": ""Morgan State""}",/lineups/team,200,2026-02-21T20:34:56.538271+00:00
0.359,,False,"{""season"": 2024, ""seasonType"": ""regular"", ""team"": ""Mount St. Mary's""}",/games,200,2026-02-21T20:34:57.116856+00:00
1.685,,False,"{""endDateRange"": ""2024-03-12"", ""season"": 2024, ""startDateRange"": ""2023-11-08"", ""team"": ""Mount St. Mary's""}",/lineups/team,200,2026-02-21T20:34:58.953535+00:00
0.319,,False,"{""season"": 2024, ""seasonType"": ""regular"", ""team"": ""Murray State""}",/games,200,2026-02-21T20:34:59.434824+00:00
1.812,,False,"{""endDateRange"": ""2024-03-07"", ""season"": 2024, ""startDateRange"": ""2023-11-07"", ""team"": ""Murray State""}",/lineups/team,200,2026-02-21T20:35:01.398959+00:00
0.586,,False,"{""season"": 2024, ""seasonType"": ""regular"", ""team"": ""NC State""}",/games,200,2026-02-21T20:35:02.155828+00:00
2.977,,False,"{""endDateRange"": ""2024-03-17"", ""season"": 2024, ""startDateRange"": ""2023-11-07"", ""team"": ""NC State""}",/lineups/team,200,2026-02-21T20:35:05.285126+00:00
0.385,,False,"{""season"": 2024, ""seasonType"": ""regular"", ""team"": ""NJIT""}",/games,200,2026-02-21T20:35:05.843116+00:00
2.05,,False,"{""endDateRange"": ""2024-03-02"", ""season"": 2024, ""startDateRange"": ""2023-11-07"", ""team"": ""NJIT""}",/lineups/team,200,2026-02-21T20:35:08.045239+00:00
0.347,,False,"{""season"": 2024, ""seasonType"": ""regular"", ""team"": ""Navy""}",/games,200,2026-02-21T20:35:08.569718+00:00
2.723,,False,"{""endDateRange"": ""2024-03-08"", ""season"": 2024, ""startDateRange"": ""2023-11-07"", ""team"": ""Navy""}",/lineups/team,200,2026-02-21T20:35:11.444438+00:00
0.334,,False,"{""season"": 2024, ""seasonType"": ""regular"", ""team"": ""Nebraska""}",/games,200,2026-02-21T20:35:11.976175+00:00
2.089,,False,"{""endDateRange"": ""2024-03-16"", ""season"": 2024, ""startDateRange"": ""2023-11-07"", ""team"": ""Nebraska""}",/lineups/team,200,2026-02-21T20:35:14.216830+00:00
0.354,,False,"{""season"": 2024, ""seasonType"": ""regular"", ""team"": ""Omaha""}",/games,200,2026-02-21T20:35:14.744372+00:00
1.736,,False,"{""endDateRange"": ""2024-03-12"", ""season"": 2024, ""startDateRange"": ""2023-11-07"", ""team"": ""Omaha""}",/lineups/team,200,2026-02-21T20:35:16.632466+00:00
0.403,,False,"{""season"": 2024, ""seasonType"": ""regular"", ""team"": ""Nevada""}",/games,200,2026-02-21T20:35:17.206777+00:00
1.93,,False,"{""endDateRange"": ""2024-03-15"", ""season"": 2024, ""startDateRange"": ""2023-11-08"", ""team"": ""Nevada""}",/lineups/team,200,2026-02-21T20:35:19.289137+00:00
0.34,,False,"{""season"": 2024, ""seasonType"": ""regular"", ""team"": ""New Hampshire""}",/games,200,2026-02-21T20:35:19.801995+00:00
2.094,,False,"{""endDateRange"": ""2024-03-12"", ""season"": 2024, ""startDateRange"": ""2023-11-07"", ""team"": ""New Hampshire""}",/lineups/team,200,2026-02-21T20:35:22.047824+00:00
0.371,,False,"{""season"": 2024, ""seasonType"": ""regular"", ""team"": ""New Mexico""}",/games,200,2026-02-21T20:35:22.588800+00:00
2.024,,False,"{""endDateRange"": ""2024-03-16"", ""season"": 2024, ""startDateRange"": ""2023-11-07"", ""team"": ""New Mexico""}",/lineups/team,200,2026-02-21T20:35:24.764742+00:00
0.36,,False,"{""season"": 2024, ""seasonType"": ""regular"", ""team"": ""New Mexico State""}",/games,200,2026-02-21T20:35:25.298836+00:00
2.364,,False,"{""endDateRange"": ""2024-03-15"", ""season"": 2024, ""startDateRange"": ""2023-11-07"", ""team"": ""New Mexico State""}",/lineups/team,200,2026-02-21T20:35:27.815201+00:00
0.41,,False,"{""season"": 2024, ""seasonType"": ""regular"", ""team"": ""New Orleans""}",/games,200,2026-02-21T20:35:28.407853+00:00
1.834,,False,"{""endDateRange"": ""2024-03-11"", ""season"": 2024, ""startDateRange"": ""2023-11-07"", ""team"": ""New Orleans""}",/lineups/team,200,2026-02-21T20:35:30.394005+00:00
0.415,,False,"{""season"": 2024, ""seasonType"": ""regular"", ""team"": ""Niagara""}",/games,200,2026-02-21T20:35:30.986992+00:00
2.225,,False,"{""endDateRange"": ""2024-03-14"", ""season"": 2024, ""startDateRange"": ""2023-11-07"", ""team"": ""Niagara""}",/lineups/team,200,2026-02-21T20:35:33.364019+00:00
0.405,,False,"{""season"": 2024, ""seasonType"": ""regular"", ""team"": ""Nicholls""}",/games,200,2026-02-21T20:35:33.945157+00:00
1.95,,False,"{""endDateRange"": ""2024-03-13"", ""season"": 2024, ""startDateRange"": ""2023-11-07"", ""team"": ""Nicholls""}",/lineups/team,200,2026-02-21T20:35:36.048128+00:00
0.328,,False,"{""season"": 2024, ""seasonType"": ""regular"", ""team"": ""Norfolk State""}",/games,200,2026-02-21T20:35:36.545136+00:00
1.588,,False,"{""endDateRange"": ""2024-03-15"", ""season"": 2024, ""startDateRange"": ""2023-11-07"", ""team"": ""Norfolk State""}",/lineups/team,200,2026-02-21T20:35:38.285280+00:00
0.365,,False,"{""season"": 2024, ""seasonType"": ""regular"", ""team"": ""North Alabama""}",/games,200,2026-02-21T20:35:38.833890+00:00
1.981,,False,"{""endDateRange"": ""2024-03-08"", ""season"": 2024, ""startDateRange"": ""2023-11-07"", ""team"": ""North Alabama""}",/lineups/team,200,2026-02-21T20:35:40.967045+00:00
0.33,,False,"{""season"": 2024, ""seasonType"": ""regular"", ""team"": ""North Carolina""}",/games,200,2026-02-21T20:35:41.482386+00:00
1.902,,False,"{""endDateRange"": ""2024-03-17"", ""season"": 2024, ""startDateRange"": ""2023-11-07"", ""team"": ""North Carolina""}",/lineups/team,200,2026-02-21T20:35:43.536564+00:00
0.334,,False,"{""season"": 2024, ""seasonType"": ""regular"", ""team"": ""North Carolina A&T""}",/games,200,2026-02-21T20:35:44.039036+00:00
2.309,,False,"{""endDateRange"": ""2024-03-08"", ""season"": 2024, ""startDateRange"": ""2023-11-07"", ""team"": ""North Carolina A&T""}",/lineups/team,200,2026-02-21T20:35:46.500834+00:00
0.352,,False,"{""season"": 2024, ""seasonType"": ""regular"", ""team"": ""North Carolina Central""}",/games,200,2026-02-21T20:35:47.037619+00:00
1.491,,False,"{""endDateRange"": ""2024-03-16"", ""season"": 2024, ""startDateRange"": ""2023-11-07"", ""team"": ""North Carolina Central""}",/lineups/team,200,2026-02-21T20:35:48.681060+00:00
0.338,,False,"{""season"": 2024, ""seasonType"": ""regular"", ""team"": ""North Dakota""}",/games,200,2026-02-21T20:35:49.192634+00:00
2.346,,False,"{""endDateRange"": ""2024-03-11"", ""season"": 2024, ""startDateRange"": ""2023-11-08"", ""team"": ""North Dakota""}",/lineups/team,200,2026-02-21T20:35:51.690243+00:00
0.357,,False,"{""season"": 2024, ""seasonType"": ""regular"", ""team"": ""North Dakota State""}",/games,200,2026-02-21T20:35:52.222362+00:00
2.643,,False,"{""endDateRange"": ""2024-03-10"", ""season"": 2024, ""startDateRange"": ""2023-11-07"", ""team"": ""North Dakota State""}",/lineups/team,200,2026-02-21T20:35:55.017435+00:00
0.327,,False,"{""season"": 2024, ""seasonType"": ""regular"", ""team"": ""North Florida""}",/games,200,2026-02-21T20:35:55.515727+00:00
1.789,,False,"{""endDateRange"": ""2024-03-06"", ""season"": 2024, ""startDateRange"": ""2023-11-07"", ""team"": ""North Florida""}",/lineups/team,200,2026-02-21T20:35:57.457135+00:00
0.449,,False,"{""season"": 2024, ""seasonType"": ""regular"", ""team"": ""North Texas""}",/games,200,2026-02-21T20:35:58.074924+00:00
2.766,,False,"{""endDateRange"": ""2024-03-15"", ""season"": 2024, ""startDateRange"": ""2023-11-08"", ""team"": ""North Texas""}",/lineups/team,200,2026-02-21T20:36:00.993304+00:00
0.46,,False,"{""season"": 2024, ""seasonType"": ""regular"", ""team"": ""Northeastern""}",/games,200,2026-02-21T20:36:01.620158+00:00
2.147,,False,"{""endDateRange"": ""2024-03-09"", ""season"": 2024, ""startDateRange"": ""2023-11-07"", ""team"": ""Northeastern""}",/lineups/team,200,2026-02-21T20:36:03.919786+00:00
0.34,,False,"{""season"": 2024, ""seasonType"": ""regular"", ""team"": ""Northern Arizona""}",/games,200,2026-02-21T20:36:04.441575+00:00
2.048,,False,"{""endDateRange"": ""2024-03-10"", ""season"": 2024, ""startDateRange"": ""2023-11-06"", ""team"": ""Northern Arizona""}",/lineups/team,200,2026-02-21T20:36:06.641523+00:00
0.304,,False,"{""season"": 2024, ""seasonType"": ""regular"", ""team"": ""Northern Colorado""}",/games,200,2026-02-21T20:36:07.122055+00:00
1.901,,False,"{""endDateRange"": ""2024-03-11"", ""season"": 2024, ""startDateRange"": ""2023-11-07"", ""team"": ""Northern Colorado""}",/lineups/team,200,2026-02-21T20:36:09.175389+00:00
0.332,,False,"{""season"": 2024, ""seasonType"": ""regular"", ""team"": ""Northern Illinois""}",/games,200,2026-02-21T20:36:09.676282+00:00
1.876,,False,"{""endDateRange"": ""2024-03-09"", ""season"": 2024, ""startDateRange"": ""2023-11-07"", ""team"": ""Northern Illinois""}",/lineups/team,200,2026-02-21T20:36:11.703923+00:00
0.328,,False,"{""season"": 2024, ""seasonType"": ""regular"", ""team"": ""Northern Iowa""}",/games,200,2026-02-21T20:36:12.209656+00:00
1.626,,False,"{""endDateRange"": ""2024-03-09"", ""season"": 2024, ""startDateRange"": ""2023-11-08"", ""team"": ""Northern Iowa""}",/lineups/team,200,2026-02-21T20:36:13.988092+00:00
0.287,,False,"{""season"": 2024, ""seasonType"": ""regular"", ""team"": ""Northern Kentucky""}",/games,200,2026-02-21T20:36:14.446757+00:00
1.921,,False,"{""endDateRange"": ""2024-03-12"", ""season"": 2024, ""startDateRange"": ""2023-11-07"", ""team"": ""Northern Kentucky""}",/lineups/team,200,2026-02-21T20:36:16.520242+00:00
0.327,,False,"{""season"": 2024, ""seasonType"": ""regular"", ""team"": ""Northwestern""}",/games,200,2026-02-21T20:36:17.011287+00:00
1.704,,False,"{""endDateRange"": ""2024-03-15"", ""season"": 2024, ""startDateRange"": ""2023-11-07"", ""team"": ""Northwestern""}",/lineups/team,200,2026-02-21T20:36:18.867016+00:00
0.311,,False,"{""season"": 2024, ""seasonType"": ""regular"", ""team"": ""Northwestern State""}",/games,200,2026-02-21T20:36:19.343102+00:00
1.852,,False,"{""endDateRange"": ""2024-03-11"", ""season"": 2024, ""startDateRange"": ""2023-11-07"", ""team"": ""Northwestern State""}",/lineups/team,200,2026-02-21T20:36:21.346741+00:00
0.325,,False,"{""season"": 2024, ""seasonType"": ""regular"", ""team"": ""Notre Dame""}",/games,200,2026-02-21T20:36:21.846463+00:00
2.102,,False,"{""endDateRange"": ""2024-03-13"", ""season"": 2024, ""startDateRange"": ""2023-11-07"", ""team"": ""Notre Dame""}",/lineups/team,200,2026-02-21T20:36:24.100656+00:00
0.332,,False,"{""season"": 2024, ""seasonType"": ""regular"", ""team"": ""Oakland""}",/games,200,2026-02-21T20:36:24.598946+00:00
1.894,,False,"{""endDateRange"": ""2024-03-12"", ""season"": 2024, ""startDateRange"": ""2023-11-07"", ""team"": ""Oakland""}",/lineups/team,200,2026-02-21T20:36:26.644912+00:00
0.314,,False,"{""season"": 2024, ""seasonType"": ""regular"", ""team"": ""Ohio""}",/games,200,2026-02-21T20:36:27.135663+00:00
1.624,,False,"{""endDateRange"": ""2024-03-15"", ""season"": 2024, ""startDateRange"": ""2023-11-09"", ""team"": ""Ohio""}",/lineups/team,200,2026-02-21T20:36:28.911411+00:00
0.286,,False,"{""season"": 2024, ""seasonType"": ""regular"", ""team"": ""Ohio State""}",/games,200,2026-02-21T20:36:29.364072+00:00
2.078,,False,"{""endDateRange"": ""2024-03-15"", ""season"": 2024, ""startDateRange"": ""2023-11-07"", ""team"": ""Ohio State""}",/lineups/team,200,2026-02-21T20:36:31.594608+00:00
0.363,,False,"{""season"": 2024, ""seasonType"": ""regular"", ""team"": ""Oklahoma""}",/games,200,2026-02-21T20:36:32.131022+00:00
2.112,,False,"{""endDateRange"": ""2024-03-13"", ""season"": 2024, ""startDateRange"": ""2023-11-07"", ""team"": ""Oklahoma""}",/lineups/team,200,2026-02-21T20:36:34.394752+00:00
0.296,,False,"{""season"": 2024, ""seasonType"": ""regular"", ""team"": ""Oklahoma State""}",/games,200,2026-02-21T20:36:34.855175+00:00
2.36,,False,"{""endDateRange"": ""2024-03-12"", ""season"": 2024, ""startDateRange"": ""2023-11-07"", ""team"": ""Oklahoma State""}",/lineups/team,200,2026-02-21T20:36:37.366778+00:00
0.372,,False,"{""season"": 2024, ""seasonType"": ""regular"", ""team"": ""Old Dominion""}",/games,200,2026-02-21T20:36:37.933893+00:00
1.824,,False,"{""endDateRange"": ""2024-03-06"", ""season"": 2024, ""startDateRange"": ""2023-11-07"", ""team"": ""Old Dominion""}",/lineups/team,200,2026-02-21T20:36:39.909823+00:00
0.302,,False,"{""season"": 2024, ""seasonType"": ""regular"", ""team"": ""Oral Roberts""}",/games,200,2026-02-21T20:36:40.387683+00:00
1.245,,False,"{""endDateRange"": ""2024-03-10"", ""season"": 2024, ""startDateRange"": ""2023-11-07"", ""team"": ""Oral Roberts""}",/lineups/team,200,2026-02-21T20:36:41.784754+00:00
0.3,,False,"{""season"": 2024, ""seasonType"": ""regular"", ""team"": ""Oregon""}",/games,200,2026-02-21T20:36:42.247970+00:00
2.019,,False,"{""endDateRange"": ""2024-03-17"", ""season"": 2024, ""startDateRange"": ""2023-11-06"", ""team"": ""Oregon""}",/lineups/team,200,2026-02-21T20:36:44.419015+00:00
0.297,,False,"{""season"": 2024, ""seasonType"": ""regular"", ""team"": ""Oregon State""}",/games,200,2026-02-21T20:36:44.895497+00:00
1.575,,False,"{""endDateRange"": ""2024-03-13"", ""season"": 2024, ""startDateRange"": ""2023-11-06"", ""team"": ""Oregon State""}",/lineups/team,200,2026-02-21T20:36:46.622794+00:00
0.307,,False,"{""season"": 2024, ""seasonType"": ""regular"", ""team"": ""Pacific""}",/games,200,2026-02-21T20:36:47.112890+00:00
2.206,,False,"{""endDateRange"": ""2024-03-07"", ""season"": 2024, ""startDateRange"": ""2023-11-07"", ""team"": ""Pacific""}",/lineups/team,200,2026-02-21T20:36:49.470919+00:00
0.341,,False,"{""season"": 2024, ""seasonType"": ""regular"", ""team"": ""Pennsylvania""}",/games,200,2026-02-21T20:36:50.028781+00:00
2.166,,False,"{""endDateRange"": ""2024-03-09"", ""season"": 2024, ""startDateRange"": ""2023-11-06"", ""team"": ""Pennsylvania""}",/lineups/team,200,2026-02-21T20:36:52.347041+00:00
0.313,,False,"{""season"": 2024, ""seasonType"": ""regular"", ""team"": ""Penn State""}",/games,200,2026-02-21T20:36:52.845609+00:00
2.188,,False,"{""endDateRange"": ""2024-03-15"", ""season"": 2024, ""startDateRange"": ""2023-11-07"", ""team"": ""Penn State""}",/lineups/team,200,2026-02-21T20:36:55.185455+00:00
0.309,,False,"{""season"": 2024, ""seasonType"": ""regular"", ""team"": ""Pepperdine""}",/games,200,2026-02-21T20:36:55.674302+00:00
1.561,,False,"{""endDateRange"": ""2024-03-09"", ""season"": 2024, ""startDateRange"": ""2023-11-07"", ""team"": ""Pepperdine""}",/lineups/team,200,2026-02-21T20:36:57.387614+00:00
0.298,,False,"{""season"": 2024, ""seasonType"": ""regular"", ""team"": ""Pittsburgh""}",/games,200,2026-02-21T20:36:57.857805+00:00
2.205,,False,"{""endDateRange"": ""2024-03-15"", ""season"": 2024, ""startDateRange"": ""2023-11-07"", ""team"": ""Pittsburgh""}",/lineups/team,200,2026-02-21T20:37:00.214415+00:00
0.328,,False,"{""season"": 2024, ""seasonType"": ""regular"", ""team"": ""Portland""}",/games,200,2026-02-21T20:37:00.718066+00:00
1.621,,False,"{""endDateRange"": ""2024-03-10"", ""season"": 2024, ""startDateRange"": ""2023-11-07"", ""team"": ""Portland""}",/lineups/team,200,2026-02-21T20:37:02.491087+00:00
0.325,,False,"{""season"": 2024, ""seasonType"": ""regular"", ""team"": ""Portland State""}",/games,200,2026-02-21T20:37:02.988164+00:00
2.013,,False,"{""endDateRange"": ""2024-03-12"", ""season"": 2024, ""startDateRange"": ""2023-11-07"", ""team"": ""Portland State""}",/lineups/team,200,2026-02-21T20:37:05.153304+00:00
0.3,,False,"{""season"": 2024, ""seasonType"": ""regular"", ""team"": ""Prairie View A&M""}",/games,200,2026-02-21T20:37:05.634900+00:00
2.62,,False,"{""endDateRange"": ""2024-03-09"", ""season"": 2024, ""startDateRange"": ""2023-11-06"", ""team"": ""Prairie View A&M""}",/lineups/team,200,2026-02-21T20:37:08.407000+00:00
0.319,,False,"{""season"": 2024, ""seasonType"": ""regular"", ""team"": ""Presbyterian""}",/games,200,2026-02-21T20:37:08.922933+00:00
1.48,,False,"{""endDateRange"": ""2024-03-09"", ""season"": 2024, ""startDateRange"": ""2023-11-08"", ""team"": ""Presbyterian""}",/lineups/team,200,2026-02-21T20:37:10.554568+00:00
0.314,,False,"{""season"": 2024, ""seasonType"": ""regular"", ""team"": ""Princeton""}",/games,200,2026-02-21T20:37:11.035329+00:00
0.984,,False,"{""endDateRange"": ""2024-03-16"", ""season"": 2024, ""startDateRange"": ""2023-11-07"", ""team"": ""Princeton""}",/lineups/team,200,2026-02-21T20:37:12.170881+00:00
0.29,,False,"{""season"": 2024, ""seasonType"": ""regular"", ""team"": ""Providence""}",/games,200,2026-02-21T20:37:12.620201+00:00
1.642,,False,"{""endDateRange"": ""2024-03-16"", ""season"": 2024, ""startDateRange"": ""2023-11-07"", ""team"": ""Providence""}",/lineups/team,200,2026-02-21T20:37:14.414616+00:00
0.301,,False,"{""season"": 2024, ""seasonType"": ""regular"", ""team"": ""Purdue""}",/games,200,2026-02-21T20:37:14.883049+00:00
1.785,,False,"{""endDateRange"": ""2024-03-16"", ""season"": 2024, ""startDateRange"": ""2023-11-06"", ""team"": ""Purdue""}",/lineups/team,200,2026-02-21T20:37:16.820527+00:00
0.303,,False,"{""season"": 2024, ""seasonType"": ""regular"", ""team"": ""Purdue Fort Wayne""}",/games,200,2026-02-21T20:37:17.289491+00:00
2.265,,False,"{""endDateRange"": ""2024-03-08"", ""season"": 2024, ""startDateRange"": ""2023-11-08"", ""team"": ""Purdue Fort Wayne""}",/lineups/team,200,2026-02-21T20:37:19.706500+00:00
0.304,,False,"{""season"": 2024, ""seasonType"": ""regular"", ""team"": ""Queens University""}",/games,200,2026-02-21T20:37:20.175375+00:00
2.131,,False,"{""endDateRange"": ""2024-03-06"", ""season"": 2024, ""startDateRange"": ""2023-11-07"", ""team"": ""Queens University""}",/lineups/team,200,2026-02-21T20:37:22.458298+00:00
0.302,,False,"{""season"": 2024, ""seasonType"": ""regular"", ""team"": ""Quinnipiac""}",/games,200,2026-02-21T20:37:22.939149+00:00
2.38,,False,"{""endDateRange"": ""2024-03-15"", ""season"": 2024, ""startDateRange"": ""2023-11-07"", ""team"": ""Quinnipiac""}",/lineups/team,200,2026-02-21T20:37:25.471488+00:00
0.341,,False,"{""season"": 2024, ""seasonType"": ""regular"", ""team"": ""Radford""}",/games,200,2026-02-21T20:37:26.007841+00:00
2.209,,False,"{""endDateRange"": ""2024-03-08"", ""season"": 2024, ""startDateRange"": ""2023-11-07"", ""team"": ""Radford""}",/lineups/team,200,2026-02-21T20:37:28.368643+00:00
0.31,,False,"{""season"": 2024, ""seasonType"": ""regular"", ""team"": ""Rhode Island""}",/games,200,2026-02-21T20:37:28.852041+00:00
1.854,,False,"{""endDateRange"": ""2024-03-12"", ""season"": 2024, ""startDateRange"": ""2023-11-07"", ""team"": ""Rhode Island""}",/lineups/team,200,2026-02-21T20:37:30.857958+00:00
0.323,,False,"{""season"": 2024, ""seasonType"": ""regular"", ""team"": ""Rice""}",/games,200,2026-02-21T20:37:31.363121+00:00
1.503,,False,"{""endDateRange"": ""2024-03-13"", ""season"": 2024, ""startDateRange"": ""2023-11-08"", ""team"": ""Rice""}",/lineups/team,200,2026-02-21T20:37:33.018033+00:00
0.281,,False,"{""season"": 2024, ""seasonType"": ""regular"", ""team"": ""Richmond""}",/games,200,2026-02-21T20:37:33.471608+00:00
1.633,,False,"{""endDateRange"": ""2024-03-14"", ""season"": 2024, ""startDateRange"": ""2023-11-07"", ""team"": ""Richmond""}",/lineups/team,200,2026-02-21T20:37:35.256521+00:00
0.291,,False,"{""season"": 2024, ""seasonType"": ""regular"", ""team"": ""Rider""}",/games,200,2026-02-21T20:37:35.715160+00:00
1.303,,False,"{""endDateRange"": ""2024-03-15"", ""season"": 2024, ""startDateRange"": ""2023-11-07"", ""team"": ""Rider""}",/lineups/team,200,2026-02-21T20:37:37.169782+00:00
0.303,,False,"{""season"": 2024, ""seasonType"": ""regular"", ""team"": ""Robert Morris""}",/games,200,2026-02-21T20:37:37.641301+00:00
2.156,,False,"{""endDateRange"": ""2024-03-06"", ""season"": 2024, ""startDateRange"": ""2023-11-07"", ""team"": ""Robert Morris""}",/lineups/team,200,2026-02-21T20:37:39.948945+00:00
0.296,,False,"{""season"": 2024, ""seasonType"": ""regular"", ""team"": ""Rutgers""}",/games,200,2026-02-21T20:37:40.427225+00:00
1.863,,False,"{""endDateRange"": ""2024-03-13"", ""season"": 2024, ""startDateRange"": ""2023-11-07"", ""team"": ""Rutgers""}",/lineups/team,200,2026-02-21T20:37:42.442464+00:00
0.307,,False,"{""season"": 2024, ""seasonType"": ""regular"", ""team"": ""SIU Edwardsville""}",/games,200,2026-02-21T20:37:42.935048+00:00
1.53,,False,"{""endDateRange"": ""2024-03-08"", ""season"": 2024, ""startDateRange"": ""2023-11-07"", ""team"": ""SIU Edwardsville""}",/lineups/team,200,2026-02-21T20:37:44.617340+00:00
0.284,,False,"{""season"": 2024, ""seasonType"": ""regular"", ""team"": ""SMU""}",/games,200,2026-02-21T20:37:45.077397+00:00
1.946,,False,"{""endDateRange"": ""2024-03-15"", ""season"": 2024, ""startDateRange"": ""2023-11-07"", ""team"": ""SMU""}",/lineups/team,200,2026-02-21T20:37:47.175116+00:00
0.3,,False,"{""season"": 2024, ""seasonType"": ""regular"", ""team"": ""Sacramento State""}",/games,200,2026-02-21T20:37:47.646699+00:00
2.129,,False,"{""endDateRange"": ""2024-03-13"", ""season"": 2024, ""startDateRange"": ""2023-11-08"", ""team"": ""Sacramento State""}",/lineups/team,200,2026-02-21T20:37:49.927403+00:00
0.337,,False,"{""season"": 2024, ""seasonType"": ""regular"", ""team"": ""Sacred Heart""}",/games,200,2026-02-21T20:37:50.437157+00:00
1.582,,False,"{""endDateRange"": ""2024-03-07"", ""season"": 2024, ""startDateRange"": ""2023-11-07"", ""team"": ""Sacred Heart""}",/lineups/team,200,2026-02-21T20:37:52.171187+00:00
0.28,,False,"{""season"": 2024, ""seasonType"": ""regular"", ""team"": ""St. Francis (PA)""}",/games,200,2026-02-21T20:37:52.622863+00:00
1.459,,False,"{""endDateRange"": ""2024-03-07"", ""season"": 2024, ""startDateRange"": ""2023-11-07"", ""team"": ""St. Francis (PA)""}",/lineups/team,200,2026-02-21T20:37:54.233409+00:00
0.302,,False,"{""season"": 2024, ""seasonType"": ""regular"", ""team"": ""Saint Joseph's""}",/games,200,2026-02-21T20:37:54.717086+00:00
1.442,,False,"{""endDateRange"": ""2024-03-16"", ""season"": 2024, ""startDateRange"": ""2023-11-07"", ""team"": ""Saint Joseph's""}",/lineups/team,200,2026-02-21T20:37:56.311006+00:00
0.309,,False,"{""season"": 2024, ""seasonType"": ""regular"", ""team"": ""Saint Louis""}",/games,200,2026-02-21T20:37:56.779869+00:00
3.041,,False,"{""endDateRange"": ""2024-03-13"", ""season"": 2024, ""startDateRange"": ""2023-11-07"", ""team"": ""Saint Louis""}",/lineups/team,200,2026-02-21T20:37:59.973117+00:00
0.377,,False,"{""season"": 2024, ""seasonType"": ""regular"", ""team"": ""Saint Mary's""}",/games,200,2026-02-21T20:38:00.547757+00:00
2.014,,False,"{""endDateRange"": ""2024-03-13"", ""season"": 2024, ""startDateRange"": ""2023-11-07"", ""team"": ""Saint Mary's""}",/lineups/team,200,2026-02-21T20:38:02.713907+00:00
0.296,,False,"{""season"": 2024, ""seasonType"": ""regular"", ""team"": ""Saint Peter's""}",/games,200,2026-02-21T20:38:03.178619+00:00
2.03,,False,"{""endDateRange"": ""2024-03-16"", ""season"": 2024, ""startDateRange"": ""2023-11-07"", ""team"": ""Saint Peter's""}",/lineups/team,200,2026-02-21T20:38:05.360572+00:00
0.338,,False,"{""season"": 2024, ""seasonType"": ""regular"", ""team"": ""Sam Houston""}",/games,200,2026-02-21T20:38:05.879121+00:00
2.177,,False,"{""endDateRange"": ""2024-03-15"", ""season"": 2024, ""startDateRange"": ""2023-11-07"", ""team"": ""Sam Houston""}",/lineups/team,200,2026-02-21T20:38:08.208209+00:00
0.289,,False,"{""season"": 2024, ""seasonType"": ""regular"", ""team"": ""Samford""}",/games,200,2026-02-21T20:38:08.672532+00:00
2.237,,False,"{""endDateRange"": ""2024-03-11"", ""season"": 2024, ""startDateRange"": ""2023-11-06"", ""team"": ""Samford""}",/lineups/team,200,2026-02-21T20:38:11.062007+00:00
0.327,,False,"{""season"": 2024, ""seasonType"": ""regular"", ""team"": ""San Diego""}",/games,200,2026-02-21T20:38:11.586675+00:00
1.769,,False,"{""endDateRange"": ""2024-03-10"", ""season"": 2024, ""startDateRange"": ""2023-11-07"", ""team"": ""San Diego""}",/lineups/team,200,2026-02-21T20:38:13.507580+00:00
0.304,,False,"{""season"": 2024, ""seasonType"": ""regular"", ""team"": ""San Diego State""}",/games,200,2026-02-21T20:38:13.990994+00:00
1.492,,False,"{""endDateRange"": ""2024-03-16"", ""season"": 2024, ""startDateRange"": ""2023-11-07"", ""team"": ""San Diego State""}",/lineups/team,200,2026-02-21T20:38:15.635045+00:00
0.338,,False,"{""season"": 2024, ""seasonType"": ""regular"", ""team"": ""San Francisco""}",/games,200,2026-02-21T20:38:16.139326+00:00
2.312,,False,"{""endDateRange"": ""2024-03-12"", ""season"": 2024, ""startDateRange"": ""2023-11-07"", ""team"": ""San Francisco""}",/lineups/team,200,2026-02-21T20:38:18.603595+00:00
0.317,,False,"{""season"": 2024, ""seasonType"": ""regular"", ""team"": ""San Jos\u00e9 State""}",/games,200,2026-02-21T20:38:19.109147+00:00
1.504,,False,"{""endDateRange"": ""2024-03-13"", ""season"": 2024, ""startDateRange"": ""2023-11-08"", ""team"": ""San Jos\u00e9 State""}",/lineups/team,200,2026-02-21T20:38:20.765155+00:00
0.34,,False,"{""season"": 2024, ""seasonType"": ""regular"", ""team"": ""Santa Clara""}",/games,200,2026-02-21T20:38:21.279122+00:00
2.364,,False,"{""endDateRange"": ""2024-03-12"", ""season"": 2024, ""startDateRange"": ""2023-11-09"", ""team"": ""Santa Clara""}",/lineups/team,200,2026-02-21T20:38:23.795436+00:00
0.314,,False,"{""season"": 2024, ""seasonType"": ""regular"", ""team"": ""Seattle U""}",/games,200,2026-02-21T20:38:24.293380+00:00
1.743,,False,"{""endDateRange"": ""2024-03-16"", ""season"": 2024, ""startDateRange"": ""2023-11-09"", ""team"": ""Seattle U""}",/lineups/team,200,2026-02-21T20:38:26.188315+00:00
0.339,,False,"{""season"": 2024, ""seasonType"": ""regular"", ""team"": ""Seton Hall""}",/games,200,2026-02-21T20:38:26.701633+00:00
1.389,,False,"{""endDateRange"": ""2024-03-14"", ""season"": 2024, ""startDateRange"": ""2023-11-07"", ""team"": ""Seton Hall""}",/lineups/team,200,2026-02-21T20:38:28.242759+00:00
0.314,,False,"{""season"": 2024, ""seasonType"": ""regular"", ""team"": ""Siena""}",/games,200,2026-02-21T20:38:28.726297+00:00
1.712,,False,"{""endDateRange"": ""2024-03-13"", ""season"": 2024, ""startDateRange"": ""2023-11-07"", ""team"": ""Siena""}",/lineups/team,200,2026-02-21T20:38:30.589972+00:00
0.342,,False,"{""season"": 2024, ""seasonType"": ""regular"", ""team"": ""South Alabama""}",/games,200,2026-02-21T20:38:31.117921+00:00
1.932,,False,"{""endDateRange"": ""2024-03-07"", ""season"": 2024, ""startDateRange"": ""2023-11-07"", ""team"": ""South Alabama""}",/lineups/team,200,2026-02-21T20:38:33.201851+00:00
0.306,,False,"{""season"": 2024, ""seasonType"": ""regular"", ""team"": ""South Carolina""}",/games,200,2026-02-21T20:38:33.678195+00:00
1.9,,False,"{""endDateRange"": ""2024-03-15"", ""season"": 2024, ""startDateRange"": ""2023-11-07"", ""team"": ""South Carolina""}",/lineups/team,200,2026-02-21T20:38:35.730085+00:00
0.338,,False,"{""season"": 2024, ""seasonType"": ""regular"", ""team"": ""South Carolina State""}",/games,200,2026-02-21T20:38:36.246414+00:00
1.894,,False,"{""endDateRange"": ""2024-03-15"", ""season"": 2024, ""startDateRange"": ""2023-11-07"", ""team"": ""South Carolina State""}",/lineups/team,200,2026-02-21T20:38:38.292953+00:00
0.316,,False,"{""season"": 2024, ""seasonType"": ""regular"", ""team"": ""South Dakota""}",/games,200,2026-02-21T20:38:38.802929+00:00
1.813,,False,"{""endDateRange"": ""2024-03-09"", ""season"": 2024, ""startDateRange"": ""2023-11-07"", ""team"": ""South Dakota""}",/lineups/team,200,2026-02-21T20:38:40.767926+00:00
0.344,,False,"{""season"": 2024, ""seasonType"": ""regular"", ""team"": ""South Dakota State""}",/games,200,2026-02-21T20:38:41.290152+00:00
1.47,,False,"{""endDateRange"": ""2024-03-13"", ""season"": 2024, ""startDateRange"": ""2023-11-07"", ""team"": ""South Dakota State""}",/lineups/team,200,2026-02-21T20:38:42.912756+00:00
0.31,,False,"{""season"": 2024, ""seasonType"": ""regular"", ""team"": ""South Florida""}",/games,200,2026-02-21T20:38:43.384363+00:00
1.514,,False,"{""endDateRange"": ""2024-03-16"", ""season"": 2024, ""startDateRange"": ""2023-11-10"", ""team"": ""South Florida""}",/lineups/team,200,2026-02-21T20:38:45.050223+00:00
0.335,,False,"{""season"": 2024, ""seasonType"": ""regular"", ""team"": ""Southeast Missouri State""}",/games,200,2026-02-21T20:38:45.554721+00:00
2.081,,False,"{""endDateRange"": ""2024-03-03"", ""season"": 2024, ""startDateRange"": ""2023-11-07"", ""team"": ""Southeast Missouri State""}",/lineups/team,200,2026-02-21T20:38:47.787805+00:00
0.319,,False,"{""season"": 2024, ""seasonType"": ""regular"", ""team"": ""SE Louisiana""}",/games,200,2026-02-21T20:38:48.305285+00:00
1.509,,False,"{""endDateRange"": ""2024-03-10"", ""season"": 2024, ""startDateRange"": ""2023-11-07"", ""team"": ""SE Louisiana""}",/lineups/team,200,2026-02-21T20:38:49.966288+00:00
0.306,,False,"{""season"": 2024, ""seasonType"": ""regular"", ""team"": ""Southern""}",/games,200,2026-02-21T20:38:50.443100+00:00
1.647,,False,"{""endDateRange"": ""2024-03-15"", ""season"": 2024, ""startDateRange"": ""2023-11-07"", ""team"": ""Southern""}",/lineups/team,200,2026-02-21T20:38:52.241960+00:00
0.325,,False,"{""season"": 2024, ""seasonType"": ""regular"", ""team"": ""Southern Illinois""}",/games,200,2026-02-21T20:38:52.745471+00:00
1.601,,False,"{""endDateRange"": ""2024-03-08"", ""season"": 2024, ""startDateRange"": ""2023-11-07"", ""team"": ""Southern Illinois""}",/lineups/team,200,2026-02-21T20:38:54.498541+00:00
0.336,,False,"{""season"": 2024, ""seasonType"": ""regular"", ""team"": ""Southern Indiana""}",/games,200,2026-02-21T20:38:55.005785+00:00
1.593,,False,"{""endDateRange"": ""2024-03-07"", ""season"": 2024, ""startDateRange"": ""2023-11-07"", ""team"": ""Southern Indiana""}",/lineups/team,200,2026-02-21T20:38:56.750600+00:00
0.332,,False,"{""season"": 2024, ""seasonType"": ""regular"", ""team"": ""Southern Miss""}",/games,200,2026-02-21T20:38:57.254717+00:00
1.371,,False,"{""endDateRange"": ""2024-03-07"", ""season"": 2024, ""startDateRange"": ""2023-11-07"", ""team"": ""Southern Miss""}",/lineups/team,200,2026-02-21T20:38:58.777932+00:00
0.384,,False,"{""season"": 2024, ""seasonType"": ""regular"", ""team"": ""Southern Utah""}",/games,200,2026-02-21T20:38:59.336914+00:00
1.994,,False,"{""endDateRange"": ""2024-03-10"", ""season"": 2024, ""startDateRange"": ""2023-11-07"", ""team"": ""Southern Utah""}",/lineups/team,200,2026-02-21T20:39:01.483176+00:00
0.415,,False,"{""season"": 2024, ""seasonType"": ""regular"", ""team"": ""St. Bonaventure""}",/games,200,2026-02-21T20:39:02.076160+00:00
1.891,,False,"{""endDateRange"": ""2024-03-16"", ""season"": 2024, ""startDateRange"": ""2023-11-07"", ""team"": ""St. Bonaventure""}",/lineups/team,200,2026-02-21T20:39:04.118974+00:00
0.41,,False,"{""season"": 2024, ""seasonType"": ""regular"", ""team"": ""St. John's""}",/games,200,2026-02-21T20:39:04.690095+00:00
1.968,,False,"{""endDateRange"": ""2024-03-15"", ""season"": 2024, ""startDateRange"": ""2023-11-08"", ""team"": ""St. John's""}",/lineups/team,200,2026-02-21T20:39:06.809713+00:00
0.365,,False,"{""season"": 2024, ""seasonType"": ""regular"", ""team"": ""Stanford""}",/games,200,2026-02-21T20:39:07.358464+00:00
1.791,,False,"{""endDateRange"": ""2024-03-15"", ""season"": 2024, ""startDateRange"": ""2023-11-07"", ""team"": ""Stanford""}",/lineups/team,200,2026-02-21T20:39:09.301254+00:00
0.323,,False,"{""season"": 2024, ""seasonType"": ""regular"", ""team"": ""Stephen F. Austin""}",/games,200,2026-02-21T20:39:09.797753+00:00
2.453,,False,"{""endDateRange"": ""2024-03-15"", ""season"": 2024, ""startDateRange"": ""2023-11-06"", ""team"": ""Stephen F. Austin""}",/lineups/team,200,2026-02-21T20:39:12.402393+00:00
0.32,,False,"{""season"": 2024, ""seasonType"": ""regular"", ""team"": ""Stetson""}",/games,200,2026-02-21T20:39:12.908367+00:00
1.219,,False,"{""endDateRange"": ""2024-03-10"", ""season"": 2024, ""startDateRange"": ""2023-11-07"", ""team"": ""Stetson""}",/lineups/team,200,2026-02-21T20:39:14.279144+00:00
0.315,,False,"{""season"": 2024, ""seasonType"": ""regular"", ""team"": ""Stonehill""}",/games,200,2026-02-21T20:39:14.769243+00:00
2.022,,False,"{""endDateRange"": ""2024-03-02"", ""season"": 2024, ""startDateRange"": ""2023-11-07"", ""team"": ""Stonehill""}",/lineups/team,200,2026-02-21T20:39:16.943217+00:00
0.332,,False,"{""season"": 2024, ""seasonType"": ""regular"", ""team"": ""Stony Brook""}",/games,200,2026-02-21T20:39:17.467322+00:00
2.088,,False,"{""endDateRange"": ""2024-03-12"", ""season"": 2024, ""startDateRange"": ""2023-11-08"", ""team"": ""Stony Brook""}",/lineups/team,200,2026-02-21T20:39:19.707556+00:00
0.336,,False,"{""season"": 2024, ""seasonType"": ""regular"", ""team"": ""Syracuse""}",/games,200,2026-02-21T20:39:20.214034+00:00
1.363,,False,"{""endDateRange"": ""2024-03-13"", ""season"": 2024, ""startDateRange"": ""2023-11-07"", ""team"": ""Syracuse""}",/lineups/team,200,2026-02-21T20:39:21.728996+00:00
0.324,,False,"{""season"": 2024, ""seasonType"": ""regular"", ""team"": ""TCU""}",/games,200,2026-02-21T20:39:22.216456+00:00
2.468,,False,"{""endDateRange"": ""2024-03-14"", ""season"": 2024, ""startDateRange"": ""2023-11-07"", ""team"": ""TCU""}",/lineups/team,200,2026-02-21T20:39:24.836871+00:00
0.371,,False,"{""season"": 2024, ""seasonType"": ""regular"", ""team"": ""Tarleton State""}",/games,200,2026-02-21T20:39:25.377304+00:00
1.263,,False,"{""endDateRange"": ""2024-03-16"", ""season"": 2024, ""startDateRange"": ""2023-11-07"", ""team"": ""Tarleton State""}",/lineups/team,200,2026-02-21T20:39:26.792068+00:00
0.331,,False,"{""season"": 2024, ""seasonType"": ""regular"", ""team"": ""Temple""}",/games,200,2026-02-21T20:39:27.292555+00:00
1.633,,False,"{""endDateRange"": ""2024-03-17"", ""season"": 2024, ""startDateRange"": ""2023-11-07"", ""team"": ""Temple""}",/lineups/team,200,2026-02-21T20:39:29.077562+00:00
0.332,,False,"{""season"": 2024, ""seasonType"": ""regular"", ""team"": ""Tennessee""}",/games,200,2026-02-21T20:39:29.586485+00:00
1.96,,False,"{""endDateRange"": ""2024-03-15"", ""season"": 2024, ""startDateRange"": ""2023-11-06"", ""team"": ""Tennessee""}",/lineups/team,200,2026-02-21T20:39:31.698438+00:00
0.353,,False,"{""season"": 2024, ""seasonType"": ""regular"", ""team"": ""UT Martin""}",/games,200,2026-02-21T20:39:32.224992+00:00
1.216,,False,"{""endDateRange"": ""2024-03-09"", ""season"": 2024, ""startDateRange"": ""2023-11-07"", ""team"": ""UT Martin""}",/lineups/team,200,2026-02-21T20:39:33.592570+00:00
0.321,,False,"{""season"": 2024, ""seasonType"": ""regular"", ""team"": ""Tennessee State""}",/games,200,2026-02-21T20:39:34.083666+00:00
1.826,,False,"{""endDateRange"": ""2024-03-08"", ""season"": 2024, ""startDateRange"": ""2023-11-07"", ""team"": ""Tennessee State""}",/lineups/team,200,2026-02-21T20:39:36.061931+00:00
0.32,,False,"{""season"": 2024, ""seasonType"": ""regular"", ""team"": ""Tennessee Tech""}",/games,200,2026-02-21T20:39:36.567866+00:00
1.237,,False,"{""endDateRange"": ""2024-03-02"", ""season"": 2024, ""startDateRange"": ""2023-11-06"", ""team"": ""Tennessee Tech""}",/lineups/team,200,2026-02-21T20:39:37.956765+00:00
0.301,,False,"{""season"": 2024, ""seasonType"": ""regular"", ""team"": ""Texas""}",/games,200,2026-02-21T20:39:38.433013+00:00
1.606,,False,"{""endDateRange"": ""2024-03-13"", ""season"": 2024, ""startDateRange"": ""2023-11-07"", ""team"": ""Texas""}",/lineups/team,200,2026-02-21T20:39:40.191017+00:00
0.304,,False,"{""season"": 2024, ""seasonType"": ""regular"", ""team"": ""Texas A&M""}",/games,200,2026-02-21T20:39:40.663796+00:00
2.159,,False,"{""endDateRange"": ""2024-03-16"", ""season"": 2024, ""startDateRange"": ""2023-11-07"", ""team"": ""Texas A&M""}",/lineups/team,200,2026-02-21T20:39:42.974530+00:00
0.305,,False,"{""season"": 2024, ""seasonType"": ""regular"", ""team"": ""Texas A&M-Corpus Christi""}",/games,200,2026-02-21T20:39:43.456295+00:00
1.678,,False,"{""endDateRange"": ""2024-03-13"", ""season"": 2024, ""startDateRange"": ""2023-11-08"", ""team"": ""Texas A&M-Corpus Christi""}",/lineups/team,200,2026-02-21T20:39:45.286266+00:00
0.33,,False,"{""season"": 2024, ""seasonType"": ""regular"", ""team"": ""Texas Southern""}",/games,200,2026-02-21T20:39:45.825560+00:00
1.264,,False,"{""endDateRange"": ""2024-03-17"", ""season"": 2024, ""startDateRange"": ""2023-11-07"", ""team"": ""Texas Southern""}",/lineups/team,200,2026-02-21T20:39:47.241815+00:00
0.329,,False,"{""season"": 2024, ""seasonType"": ""regular"", ""team"": ""Texas State""}",/games,200,2026-02-21T20:39:47.757253+00:00
1.729,,False,"{""endDateRange"": ""2024-03-11"", ""season"": 2024, ""startDateRange"": ""2023-11-07"", ""team"": ""Texas State""}",/lineups/team,200,2026-02-21T20:39:49.638508+00:00
0.328,,False,"{""season"": 2024, ""seasonType"": ""regular"", ""team"": ""Texas Tech""}",/games,200,2026-02-21T20:39:50.150021+00:00
2.114,,False,"{""endDateRange"": ""2024-03-15"", ""season"": 2024, ""startDateRange"": ""2023-11-09"", ""team"": ""Texas Tech""}",/lineups/team,200,2026-02-21T20:39:52.415700+00:00
0.368,,False,"{""season"": 2024, ""seasonType"": ""regular"", ""team"": ""The Citadel""}",/games,200,2026-02-21T20:39:52.949550+00:00
1.797,,False,"{""endDateRange"": ""2024-03-08"", ""season"": 2024, ""startDateRange"": ""2023-11-07"", ""team"": ""The Citadel""}",/lineups/team,200,2026-02-21T20:39:54.898985+00:00
0.329,,False,"{""season"": 2024, ""seasonType"": ""regular"", ""team"": ""Toledo""}",/games,200,2026-02-21T20:39:55.405393+00:00
1.808,,False,"{""endDateRange"": ""2024-03-14"", ""season"": 2024, ""startDateRange"": ""2023-11-07"", ""team"": ""Toledo""}",/lineups/team,200,2026-02-21T20:39:57.365733+00:00
0.334,,False,"{""season"": 2024, ""seasonType"": ""regular"", ""team"": ""Towson""}",/games,200,2026-02-21T20:39:57.866122+00:00
3.165,,False,"{""endDateRange"": ""2024-03-11"", ""season"": 2024, ""startDateRange"": ""2023-11-07"", ""team"": ""Towson""}",/lineups/team,200,2026-02-21T20:40:01.183204+00:00
0.476,,False,"{""season"": 2024, ""seasonType"": ""regular"", ""team"": ""Troy""}",/games,200,2026-02-21T20:40:01.835441+00:00
1.344,,False,"{""endDateRange"": ""2024-03-09"", ""season"": 2024, ""startDateRange"": ""2023-11-06"", ""team"": ""Troy""}",/lineups/team,200,2026-02-21T20:40:03.331207+00:00
0.57,,False,"{""season"": 2024, ""seasonType"": ""regular"", ""team"": ""Tulane""}",/games,200,2026-02-21T20:40:04.063852+00:00
1.85,,False,"{""endDateRange"": ""2024-03-14"", ""season"": 2024, ""startDateRange"": ""2023-11-07"", ""team"": ""Tulane""}",/lineups/team,200,2026-02-21T20:40:06.065341+00:00
0.402,,False,"{""season"": 2024, ""seasonType"": ""regular"", ""team"": ""Tulsa""}",/games,200,2026-02-21T20:40:06.632023+00:00
1.243,,False,"{""endDateRange"": ""2024-03-14"", ""season"": 2024, ""startDateRange"": ""2023-11-07"", ""team"": ""Tulsa""}",/lineups/team,200,2026-02-21T20:40:08.027212+00:00
0.346,,False,"{""season"": 2024, ""seasonType"": ""regular"", ""team"": ""UAB""}",/games,200,2026-02-21T20:40:08.530619+00:00
1.843,,False,"{""endDateRange"": ""2024-03-17"", ""season"": 2024, ""startDateRange"": ""2023-11-07"", ""team"": ""UAB""}",/lineups/team,200,2026-02-21T20:40:10.525507+00:00
0.325,,False,"{""season"": 2024, ""seasonType"": ""regular"", ""team"": ""UC Davis""}",/games,200,2026-02-21T20:40:11.016697+00:00
2.151,,False,"{""endDateRange"": ""2024-03-17"", ""season"": 2024, ""startDateRange"": ""2023-11-07"", ""team"": ""UC Davis""}",/lineups/team,200,2026-02-21T20:40:13.320355+00:00
0.334,,False,"{""season"": 2024, ""seasonType"": ""regular"", ""team"": ""UC Irvine""}",/games,200,2026-02-21T20:40:13.831079+00:00
2.908,,False,"{""endDateRange"": ""2024-03-16"", ""season"": 2024, ""startDateRange"": ""2023-11-08"", ""team"": ""UC Irvine""}",/lineups/team,200,2026-02-21T20:40:16.890962+00:00
0.352,,False,"{""season"": 2024, ""seasonType"": ""regular"", ""team"": ""UC Riverside""}",/games,200,2026-02-21T20:40:17.425126+00:00
2.235,,False,"{""endDateRange"": ""2024-03-15"", ""season"": 2024, ""startDateRange"": ""2023-11-08"", ""team"": ""UC Riverside""}",/lineups/team,200,2026-02-21T20:40:19.811980+00:00
0.362,,False,"{""season"": 2024, ""seasonType"": ""regular"", ""team"": ""UC San Diego""}",/games,200,2026-02-21T20:40:20.351831+00:00
1.894,,False,"{""endDateRange"": ""2024-03-10"", ""season"": 2024, ""startDateRange"": ""2023-11-07"", ""team"": ""UC San Diego""}",/lineups/team,200,2026-02-21T20:40:22.398401+00:00
0.349,,False,"{""season"": 2024, ""seasonType"": ""regular"", ""team"": ""UC Santa Barbara""}",/games,200,2026-02-21T20:40:22.910457+00:00
2.464,,False,"{""endDateRange"": ""2024-03-14"", ""season"": 2024, ""startDateRange"": ""2023-11-10"", ""team"": ""UC Santa Barbara""}",/lineups/team,200,2026-02-21T20:40:25.526233+00:00
0.322,,False,"{""season"": 2024, ""seasonType"": ""regular"", ""team"": ""UCF""}",/games,200,2026-02-21T20:40:26.019400+00:00
1.951,,False,"{""endDateRange"": ""2024-03-13"", ""season"": 2024, ""startDateRange"": ""2023-11-07"", ""team"": ""UCF""}",/lineups/team,200,2026-02-21T20:40:28.122945+00:00
0.311,,False,"{""season"": 2024, ""seasonType"": ""regular"", ""team"": ""UCLA""}",/games,200,2026-02-21T20:40:28.621729+00:00
1.972,,False,"{""endDateRange"": ""2024-03-14"", ""season"": 2024, ""startDateRange"": ""2023-11-07"", ""team"": ""UCLA""}",/lineups/team,200,2026-02-21T20:40:30.745763+00:00
0.314,,False,"{""season"": 2024, ""seasonType"": ""regular"", ""team"": ""UMBC""}",/games,200,2026-02-21T20:40:31.234779+00:00
1.816,,False,"{""endDateRange"": ""2024-03-09"", ""season"": 2024, ""startDateRange"": ""2023-11-07"", ""team"": ""UMBC""}",/lineups/team,200,2026-02-21T20:40:33.202727+00:00
0.327,,False,"{""season"": 2024, ""seasonType"": ""regular"", ""team"": ""Kansas City""}",/games,200,2026-02-21T20:40:33.712885+00:00
2.077,,False,"{""endDateRange"": ""2024-03-10"", ""season"": 2024, ""startDateRange"": ""2023-11-07"", ""team"": ""Kansas City""}",/lineups/team,200,2026-02-21T20:40:35.942027+00:00
0.329,,False,"{""season"": 2024, ""seasonType"": ""regular"", ""team"": ""UMass Lowell""}",/games,200,2026-02-21T20:40:36.451378+00:00
1.307,,False,"{""endDateRange"": ""2024-03-16"", ""season"": 2024, ""startDateRange"": ""2023-11-06"", ""team"": ""UMass Lowell""}",/lineups/team,200,2026-02-21T20:40:37.910547+00:00
0.301,,False,"{""season"": 2024, ""seasonType"": ""regular"", ""team"": ""UNC Asheville""}",/games,200,2026-02-21T20:40:38.377410+00:00
1.751,,False,"{""endDateRange"": ""2024-03-10"", ""season"": 2024, ""startDateRange"": ""2023-11-08"", ""team"": ""UNC Asheville""}",/lineups/team,200,2026-02-21T20:40:40.280494+00:00
0.306,,False,"{""season"": 2024, ""seasonType"": ""regular"", ""team"": ""UNC Greensboro""}",/games,200,2026-02-21T20:40:40.755656+00:00
2.121,,False,"{""endDateRange"": ""2024-03-09"", ""season"": 2024, ""startDateRange"": ""2023-11-11"", ""team"": ""UNC Greensboro""}",/lineups/team,200,2026-02-21T20:40:43.028524+00:00
0.327,,False,"{""season"": 2024, ""seasonType"": ""regular"", ""team"": ""UNC Wilmington""}",/games,200,2026-02-21T20:40:43.535492+00:00
2.007,,False,"{""endDateRange"": ""2024-03-10"", ""season"": 2024, ""startDateRange"": ""2023-11-07"", ""team"": ""UNC Wilmington""}",/lineups/team,200,2026-02-21T20:40:45.694838+00:00
0.662,,False,"{""season"": 2024, ""seasonType"": ""regular"", ""team"": ""UNLV""}",/games,200,2026-02-21T20:40:46.537924+00:00
1.613,,False,"{""endDateRange"": ""2024-03-14"", ""season"": 2024, ""startDateRange"": ""2023-11-09"", ""team"": ""UNLV""}",/lineups/team,200,2026-02-21T20:40:48.303008+00:00
0.35,,False,"{""season"": 2024, ""seasonType"": ""regular"", ""team"": ""USC""}",/games,200,2026-02-21T20:40:48.827252+00:00
2.104,,False,"{""endDateRange"": ""2024-03-14"", ""season"": 2024, ""startDateRange"": ""2023-11-07"", ""team"": ""USC""}",/lineups/team,200,2026-02-21T20:40:51.083218+00:00
0.368,,False,"{""season"": 2024, ""seasonType"": ""regular"", ""team"": ""South Carolina Upstate""}",/games,200,2026-02-21T20:40:51.639445+00:00
1.95,,False,"{""endDateRange"": ""2024-03-07"", ""season"": 2024, ""startDateRange"": ""2023-11-07"", ""team"": ""South Carolina Upstate""}",/lineups/team,200,2026-02-21T20:40:53.740943+00:00
0.351,,False,"{""season"": 2024, ""seasonType"": ""regular"", ""team"": ""UT Arlington""}",/games,200,2026-02-21T20:40:54.269501+00:00
1.828,,False,"{""endDateRange"": ""2024-03-17"", ""season"": 2024, ""startDateRange"": ""2023-11-07"", ""team"": ""UT Arlington""}",/lineups/team,200,2026-02-21T20:40:56.249624+00:00
0.349,,False,"{""season"": 2024, ""seasonType"": ""regular"", ""team"": ""UT Rio Grande Valley""}",/games,200,2026-02-21T20:40:56.782434+00:00
1.708,,False,"{""endDateRange"": ""2024-03-10"", ""season"": 2024, ""startDateRange"": ""2023-11-07"", ""team"": ""UT Rio Grande Valley""}",/lineups/team,200,2026-02-21T20:40:58.642540+00:00
0.345,,False,"{""season"": 2024, ""seasonType"": ""regular"", ""team"": ""UTEP""}",/games,200,2026-02-21T20:40:59.173131+00:00
2.152,,False,"{""endDateRange"": ""2024-03-17"", ""season"": 2024, ""startDateRange"": ""2023-11-07"", ""team"": ""UTEP""}",/lineups/team,200,2026-02-21T20:41:01.477221+00:00
0.372,,False,"{""season"": 2024, ""seasonType"": ""regular"", ""team"": ""UTSA""}",/games,200,2026-02-21T20:41:02.032491+00:00
1.702,,False,"{""endDateRange"": ""2024-03-13"", ""season"": 2024, ""startDateRange"": ""2023-11-07"", ""team"": ""UTSA""}",/lineups/team,200,2026-02-21T20:41:03.886386+00:00
0.363,,False,"{""season"": 2024, ""seasonType"": ""regular"", ""team"": ""Utah""}",/games,200,2026-02-21T20:41:04.424435+00:00
1.915,,False,"{""endDateRange"": ""2024-03-15"", ""season"": 2024, ""startDateRange"": ""2023-11-07"", ""team"": ""Utah""}",/lineups/team,200,2026-02-21T20:41:06.491700+00:00
0.38,,False,"{""season"": 2024, ""seasonType"": ""regular"", ""team"": ""Utah State""}",/games,200,2026-02-21T20:41:07.046047+00:00
1.514,,False,"{""endDateRange"": ""2024-03-16"", ""season"": 2024, ""startDateRange"": ""2023-11-07"", ""team"": ""Utah State""}",/lineups/team,200,2026-02-21T20:41:08.712280+00:00
0.325,,False,"{""season"": 2024, ""seasonType"": ""regular"", ""team"": ""Utah Tech""}",/games,200,2026-02-21T20:41:09.209750+00:00
1.729,,False,"{""endDateRange"": ""2024-03-09"", ""season"": 2024, ""startDateRange"": ""2023-11-09"", ""team"": ""Utah Tech""}",/lineups/team,200,2026-02-21T20:41:11.090578+00:00
1.376,,False,"{""season"": 2024, ""seasonType"": ""regular"", ""team"": ""Utah Valley""}",/games,200,2026-02-21T20:41:12.650096+00:00
2.627,,False,"{""endDateRange"": ""2024-03-14"", ""season"": 2024, ""startDateRange"": ""2023-11-07"", ""team"": ""Utah Valley""}",/lineups/team,200,2026-02-21T20:41:15.429321+00:00
0.336,,False,"{""season"": 2024, ""seasonType"": ""regular"", ""team"": ""VCU""}",/games,200,2026-02-21T20:41:15.949887+00:00
1.403,,False,"{""endDateRange"": ""2024-03-17"", ""season"": 2024, ""startDateRange"": ""2023-11-07"", ""team"": ""VCU""}",/lineups/team,200,2026-02-21T20:41:17.504840+00:00
0.347,,False,"{""season"": 2024, ""seasonType"": ""regular"", ""team"": ""VMI""}",/games,200,2026-02-21T20:41:18.016555+00:00
1.738,,False,"{""endDateRange"": ""2024-03-09"", ""season"": 2024, ""startDateRange"": ""2023-11-07"", ""team"": ""VMI""}",/lineups/team,200,2026-02-21T20:41:19.906198+00:00
0.369,,False,"{""season"": 2024, ""seasonType"": ""regular"", ""team"": ""Valparaiso""}",/games,200,2026-02-21T20:41:20.444656+00:00
1.777,,False,"{""endDateRange"": ""2024-03-07"", ""season"": 2024, ""startDateRange"": ""2023-11-07"", ""team"": ""Valparaiso""}",/lineups/team,200,2026-02-21T20:41:22.374315+00:00
0.403,,False,"{""season"": 2024, ""seasonType"": ""regular"", ""team"": ""Vanderbilt""}",/games,200,2026-02-21T20:41:22.949394+00:00
1.652,,False,"{""endDateRange"": ""2024-03-13"", ""season"": 2024, ""startDateRange"": ""2023-11-08"", ""team"": ""Vanderbilt""}",/lineups/team,200,2026-02-21T20:41:24.753175+00:00
0.337,,False,"{""season"": 2024, ""seasonType"": ""regular"", ""team"": ""Vermont""}",/games,200,2026-02-21T20:41:25.278871+00:00
2.19,,False,"{""endDateRange"": ""2024-03-16"", ""season"": 2024, ""startDateRange"": ""2023-11-07"", ""team"": ""Vermont""}",/lineups/team,200,2026-02-21T20:41:27.621385+00:00
0.335,,False,"{""season"": 2024, ""seasonType"": ""regular"", ""team"": ""Villanova""}",/games,200,2026-02-21T20:41:28.137987+00:00
2.556,,False,"{""endDateRange"": ""2024-03-15"", ""season"": 2024, ""startDateRange"": ""2023-11-07"", ""team"": ""Villanova""}",/lineups/team,200,2026-02-21T20:41:30.846427+00:00
0.395,,False,"{""season"": 2024, ""seasonType"": ""regular"", ""team"": ""Virginia""}",/games,200,2026-02-21T20:41:31.418310+00:00
1.729,,False,"{""endDateRange"": ""2024-03-16"", ""season"": 2024, ""startDateRange"": ""2023-11-07"", ""team"": ""Virginia""}",/lineups/team,200,2026-02-21T20:41:33.299400+00:00
0.333,,False,"{""season"": 2024, ""seasonType"": ""regular"", ""team"": ""Virginia Tech""}",/games,200,2026-02-21T20:41:33.807972+00:00
1.784,,False,"{""endDateRange"": ""2024-03-13"", ""season"": 2024, ""startDateRange"": ""2023-11-07"", ""team"": ""Virginia Tech""}",/lineups/team,200,2026-02-21T20:41:35.744321+00:00
0.384,,False,"{""season"": 2024, ""seasonType"": ""regular"", ""team"": ""Wagner""}",/games,200,2026-02-21T20:41:36.298252+00:00
1.296,,False,"{""endDateRange"": ""2024-03-12"", ""season"": 2024, ""startDateRange"": ""2023-11-07"", ""team"": ""Wagner""}",/lineups/team,200,2026-02-21T20:41:37.746090+00:00
0.339,,False,"{""season"": 2024, ""seasonType"": ""regular"", ""team"": ""Wake Forest""}",/games,200,2026-02-21T20:41:38.249061+00:00
2.515,,False,"{""endDateRange"": ""2024-03-14"", ""season"": 2024, ""startDateRange"": ""2023-11-07"", ""team"": ""Wake Forest""}",/lineups/team,200,2026-02-21T20:41:40.915699+00:00
0.366,,False,"{""season"": 2024, ""seasonType"": ""regular"", ""team"": ""Washington""}",/games,200,2026-02-21T20:41:41.472286+00:00
1.669,,False,"{""endDateRange"": ""2024-03-13"", ""season"": 2024, ""startDateRange"": ""2023-11-07"", ""team"": ""Washington""}",/lineups/team,200,2026-02-21T20:41:43.293604+00:00
0.319,,False,"{""season"": 2024, ""seasonType"": ""regular"", ""team"": ""Washington State""}",/games,200,2026-02-21T20:41:43.781587+00:00
1.76,,False,"{""endDateRange"": ""2024-03-16"", ""season"": 2024, ""startDateRange"": ""2023-11-07"", ""team"": ""Washington State""}",/lineups/team,200,2026-02-21T20:41:45.694006+00:00
0.301,,False,"{""season"": 2024, ""seasonType"": ""regular"", ""team"": ""Weber State""}",/games,200,2026-02-21T20:41:46.166174+00:00
1.595,,False,"{""endDateRange"": ""2024-03-11"", ""season"": 2024, ""startDateRange"": ""2023-11-08"", ""team"": ""Weber State""}",/lineups/team,200,2026-02-21T20:41:47.913297+00:00
0.315,,False,"{""season"": 2024, ""seasonType"": ""regular"", ""team"": ""West Virginia""}",/games,200,2026-02-21T20:41:48.394703+00:00
1.606,,False,"{""endDateRange"": ""2024-03-12"", ""season"": 2024, ""startDateRange"": ""2023-11-07"", ""team"": ""West Virginia""}",/lineups/team,200,2026-02-21T20:41:50.152476+00:00
0.313,,False,"{""season"": 2024, ""seasonType"": ""regular"", ""team"": ""Western Carolina""}",/games,200,2026-02-21T20:41:50.639591+00:00
1.885,,False,"{""endDateRange"": ""2024-03-10"", ""season"": 2024, ""startDateRange"": ""2023-11-08"", ""team"": ""Western Carolina""}",/lineups/team,200,2026-02-21T20:41:52.676912+00:00
0.336,,False,"{""season"": 2024, ""seasonType"": ""regular"", ""team"": ""Western Illinois""}",/games,200,2026-02-21T20:41:53.177810+00:00
1.869,,False,"{""endDateRange"": ""2024-03-09"", ""season"": 2024, ""startDateRange"": ""2023-11-07"", ""team"": ""Western Illinois""}",/lineups/team,200,2026-02-21T20:41:55.199124+00:00
0.339,,False,"{""season"": 2024, ""seasonType"": ""regular"", ""team"": ""Western Kentucky""}",/games,200,2026-02-21T20:41:55.714006+00:00
2.596,,False,"{""endDateRange"": ""2024-03-17"", ""season"": 2024, ""startDateRange"": ""2023-11-07"", ""team"": ""Western Kentucky""}",/lineups/team,200,2026-02-21T20:41:58.461561+00:00
0.321,,False,"{""season"": 2024, ""seasonType"": ""regular"", ""team"": ""Western Michigan""}",/games,200,2026-02-21T20:41:58.971839+00:00
2.121,,False,"{""endDateRange"": ""2024-03-14"", ""season"": 2024, ""startDateRange"": ""2023-11-07"", ""team"": ""Western Michigan""}",/lineups/team,200,2026-02-21T20:42:01.244725+00:00
0.426,,False,"{""season"": 2024, ""seasonType"": ""regular"", ""team"": ""Wichita State""}",/games,200,2026-02-21T20:42:01.838933+00:00
1.735,,False,"{""endDateRange"": ""2024-03-15"", ""season"": 2024, ""startDateRange"": ""2023-11-07"", ""team"": ""Wichita State""}",/lineups/team,200,2026-02-21T20:42:03.726024+00:00
0.322,,False,"{""season"": 2024, ""seasonType"": ""regular"", ""team"": ""William & Mary""}",/games,200,2026-02-21T20:42:04.214343+00:00
2.086,,False,"{""endDateRange"": ""2024-03-09"", ""season"": 2024, ""startDateRange"": ""2023-11-07"", ""team"": ""William & Mary""}",/lineups/team,200,2026-02-21T20:42:06.452633+00:00
0.32,,False,"{""season"": 2024, ""seasonType"": ""regular"", ""team"": ""Winthrop""}",/games,200,2026-02-21T20:42:06.944222+00:00
4.632,,False,"{""endDateRange"": ""2024-03-08"", ""season"": 2024, ""startDateRange"": ""2023-11-07"", ""team"": ""Winthrop""}",/lineups/team,200,2026-02-21T20:42:11.727545+00:00
0.319,,False,"{""season"": 2024, ""seasonType"": ""regular"", ""team"": ""Wisconsin""}",/games,200,2026-02-21T20:42:12.238333+00:00
2.162,,False,"{""endDateRange"": ""2024-03-17"", ""season"": 2024, ""startDateRange"": ""2023-11-07"", ""team"": ""Wisconsin""}",/lineups/team,200,2026-02-21T20:42:14.552579+00:00
0.34,,False,"{""season"": 2024, ""seasonType"": ""regular"", ""team"": ""Wofford""}",/games,200,2026-02-21T20:42:15.069859+00:00
2.399,,False,"{""endDateRange"": ""2024-03-09"", ""season"": 2024, ""startDateRange"": ""2023-11-07"", ""team"": ""Wofford""}",/lineups/team,200,2026-02-21T20:42:17.621279+00:00
0.361,,False,"{""season"": 2024, ""seasonType"": ""regular"", ""team"": ""Wright State""}",/games,200,2026-02-21T20:42:18.154074+00:00
1.434,,False,"{""endDateRange"": ""2024-03-08"", ""season"": 2024, ""startDateRange"": ""2023-11-11"", ""team"": ""Wright State""}",/lineups/team,200,2026-02-21T20:42:19.740534+00:00
0.331,,False,"{""season"": 2024, ""seasonType"": ""regular"", ""team"": ""Wyoming""}",/games,200,2026-02-21T20:42:20.235483+00:00
1.408,,False,"{""endDateRange"": ""2024-03-13"", ""season"": 2024, ""startDateRange"": ""2023-11-08"", ""team"": ""Wyoming""}",/lineups/team,200,2026-02-21T20:42:21.795332+00:00
0.33,,False,"{""season"": 2024, ""seasonType"": ""regular"", ""team"": ""Xavier""}",/games,200,2026-02-21T20:42:22.290439+00:00
1.915,,False,"{""endDateRange"": ""2024-03-14"", ""season"": 2024, ""startDateRange"": ""2023-11-07"", ""team"": ""Xavier""}",/lineups/team,200,2026-02-21T20:42:24.357172+00:00
0.317,,False,"{""season"": 2024, ""seasonType"": ""regular"", ""team"": ""Yale""}",/games,200,2026-02-21T20:42:24.842379+00:00
1.481,,False,"{""endDateRange"": ""2024-03-17"", ""season"": 2024, ""startDateRange"": ""2023-11-07"", ""team"": ""Yale""}",/lineups/team,200,2026-02-21T20:42:26.475895+00:00
0.324,,False,"{""season"": 2024, ""seasonType"": ""regular"", ""team"": ""Youngstown State""}",/games,200,2026-02-21T20:42:26.967875+00:00
1.52,,False,"{""endDateRange"": ""2024-03-08"", ""season"": 2024, ""startDateRange"": ""2023-11-07"", ""team"": ""Youngstown State""}",/lineups/team,200,2026-02-21T20:42:28.639553+00:00
0.21,,False,"{""season"": 2024, ""seasonType"": ""postseason"", ""team"": ""Abilene Christian""}",/games,200,2026-02-21T20:42:34.792272+00:00
0.174,,False,"{""endDateRange"": ""2024-03-20"", ""season"": 2024, ""startDateRange"": ""2024-03-20"", ""team"": ""Abilene Christian""}",/lineups/team,200,2026-02-21T20:42:35.117200+00:00
0.245,,False,"{""season"": 2024, ""seasonType"": ""postseason"", ""team"": ""Air Force""}",/games,200,2026-02-21T20:42:35.513167+00:00
3.239,,False,"{""season"": 2024, ""team"": ""Air Force""}",/lineups/team,200,2026-02-21T20:42:38.903126+00:00
0.216,,False,"{""season"": 2024, ""seasonType"": ""postseason"", ""team"": ""Akron""}",/games,200,2026-02-21T20:42:39.293753+00:00
0.192,,False,"{""endDateRange"": ""2024-03-21"", ""season"": 2024, ""startDateRange"": ""2024-03-21"", ""team"": ""Akron""}",/lineups/team,200,2026-02-21T20:42:39.636851+00:00
0.184,,False,"{""season"": 2024, ""seasonType"": ""postseason"", ""team"": ""Alabama""}",/games,200,2026-02-21T20:42:39.971628+00:00
0.431,,False,"{""endDateRange"": ""2024-04-07"", ""season"": 2024, ""startDateRange"": ""2024-03-23"", ""team"": ""Alabama""}",/lineups/team,200,2026-02-21T20:42:40.553961+00:00
0.198,,False,"{""season"": 2024, ""seasonType"": ""postseason"", ""team"": ""Alabama A&M""}",/games,200,2026-02-21T20:42:40.907290+00:00
0.344,,False,"{""endDateRange"": ""2024-03-23"", ""season"": 2024, ""startDateRange"": ""2024-03-21"", ""team"": ""Alabama A&M""}",/lineups/team,200,2026-02-21T20:42:41.402331+00:00
0.212,,False,"{""season"": 2024, ""seasonType"": ""postseason"", ""team"": ""Alabama State""}",/games,200,2026-02-21T20:42:41.770289+00:00
33.11,,False,"{""season"": 2024, ""team"": ""Alabama State""}",/lineups/team,200,2026-02-21T20:43:15.031347+00:00
0.188,,False,"{""season"": 2024, ""seasonType"": ""postseason"", ""team"": ""UAlbany""}",/games,200,2026-02-21T20:43:15.406872+00:00
12.31,,False,"{""season"": 2024, ""team"": ""UAlbany""}",/lineups/team,200,2026-02-21T20:43:27.867095+00:00
0.186,,False,"{""season"": 2024, ""seasonType"": ""postseason"", ""team"": ""Alcorn State""}",/games,200,2026-02-21T20:43:28.241901+00:00
27.841,,False,"{""season"": 2024, ""team"": ""Alcorn State""}",/lineups/team,200,2026-02-21T20:43:56.233078+00:00
0.19,,False,"{""season"": 2024, ""seasonType"": ""postseason"", ""team"": ""American University""}",/games,200,2026-02-21T20:43:56.631012+00:00
56.691,,False,"{""season"": 2024, ""team"": ""American University""}",/lineups/team,200,2026-02-21T20:44:53.472992+00:00
0.207,,False,"{""season"": 2024, ""seasonType"": ""postseason"", ""team"": ""App State""}",/games,200,2026-02-21T20:44:53.857446+00:00
0.237,,False,"{""endDateRange"": ""2024-03-21"", ""season"": 2024, ""startDateRange"": ""2024-03-21"", ""team"": ""App State""}",/lineups/team,200,2026-02-21T20:44:54.244767+00:00
0.194,,False,"{""season"": 2024, ""seasonType"": ""postseason"", ""team"": ""Arizona""}",/games,200,2026-02-21T20:44:54.592257+00:00
0.288,,False,"{""endDateRange"": ""2024-03-28"", ""season"": 2024, ""startDateRange"": ""2024-03-21"", ""team"": ""Arizona""}",/lineups/team,200,2026-02-21T20:44:55.031030+00:00
0.212,,False,"{""season"": 2024, ""seasonType"": ""postseason"", ""team"": ""Arizona State""}",/games,200,2026-02-21T20:44:55.397524+00:00
9.444,,False,"{""season"": 2024, ""team"": ""Arizona State""}",/lineups/team,200,2026-02-21T20:45:04.992018+00:00
0.207,,False,"{""season"": 2024, ""seasonType"": ""postseason"", ""team"": ""Arkansas""}",/games,200,2026-02-21T20:45:05.377995+00:00
11.144,,False,"{""season"": 2024, ""team"": ""Arkansas""}",/lineups/team,200,2026-02-21T20:45:16.672114+00:00
0.183,,False,"{""season"": 2024, ""seasonType"": ""postseason"", ""team"": ""Arkansas-Pine Bluff""}",/games,200,2026-02-21T20:45:17.047630+00:00
5.51,,False,"{""season"": 2024, ""team"": ""Arkansas-Pine Bluff""}",/lineups/team,200,2026-02-21T20:45:22.708037+00:00
0.189,,False,"{""season"": 2024, ""seasonType"": ""postseason"", ""team"": ""Arkansas State""}",/games,200,2026-02-21T20:45:23.074540+00:00
0.243,,False,"{""endDateRange"": ""2024-03-26"", ""season"": 2024, ""startDateRange"": ""2024-03-23"", ""team"": ""Arkansas State""}",/lineups/team,200,2026-02-21T20:45:23.468496+00:00
0.177,,False,"{""season"": 2024, ""seasonType"": ""postseason"", ""team"": ""Army""}",/games,200,2026-02-21T20:45:23.798732+00:00
14.013,,False,"{""season"": 2024, ""team"": ""Army""}",/lineups/team,200,2026-02-21T20:45:37.961806+00:00
0.182,,False,"{""season"": 2024, ""seasonType"": ""postseason"", ""team"": ""Auburn""}",/games,200,2026-02-21T20:45:38.341776+00:00
0.178,,False,"{""endDateRange"": ""2024-03-22"", ""season"": 2024, ""startDateRange"": ""2024-03-22"", ""team"": ""Auburn""}",/lineups/team,200,2026-02-21T20:45:38.670928+00:00
0.205,,False,"{""season"": 2024, ""seasonType"": ""postseason"", ""team"": ""Austin Peay""}",/games,200,2026-02-21T20:45:39.026822+00:00
0.205,,False,"{""endDateRange"": ""2024-03-21"", ""season"": 2024, ""startDateRange"": ""2024-03-21"", ""team"": ""Austin Peay""}",/lineups/team,200,2026-02-21T20:45:39.382310+00:00
0.182,,False,"{""season"": 2024, ""seasonType"": ""postseason"", ""team"": ""BYU""}",/games,200,2026-02-21T20:45:39.717146+00:00
0.172,,False,"{""endDateRange"": ""2024-03-21"", ""season"": 2024, ""startDateRange"": ""2024-03-21"", ""team"": ""BYU""}",/lineups/team,200,2026-02-21T20:45:40.040166+00:00
0.172,,False,"{""season"": 2024, ""seasonType"": ""postseason"", ""team"": ""Ball State""}",/games,200,2026-02-21T20:45:40.362856+00:00
5.469,,False,"{""season"": 2024, ""team"": ""Ball State""}",/lineups/team,200,2026-02-21T20:45:45.982139+00:00
0.21,,False,"{""season"": 2024, ""seasonType"": ""postseason"", ""team"": ""Baylor""}",/games,200,2026-02-21T20:45:46.354939+00:00
0.214,,False,"{""endDateRange"": ""2024-03-24"", ""season"": 2024, ""startDateRange"": ""2024-03-22"", ""team"": ""Baylor""}",/lineups/team,200,2026-02-21T20:45:46.719546+00:00
0.177,,False,"{""season"": 2024, ""seasonType"": ""postseason"", ""team"": ""Bellarmine""}",/games,200,2026-02-21T20:45:47.049401+00:00
21.016,,False,"{""season"": 2024, ""team"": ""Bellarmine""}",/lineups/team,200,2026-02-21T20:46:08.215992+00:00
0.183,,False,"{""season"": 2024, ""seasonType"": ""postseason"", ""team"": ""Belmont""}",/games,200,2026-02-21T20:46:08.571821+00:00
29.184,,False,"{""season"": 2024, ""team"": ""Belmont""}",/lineups/team,200,2026-02-21T20:46:37.906637+00:00
0.243,,False,"{""season"": 2024, ""seasonType"": ""postseason"", ""team"": ""Bethune-Cookman""}",/games,200,2026-02-21T20:46:38.320509+00:00
0.234,,False,"{""endDateRange"": ""2024-03-23"", ""season"": 2024, ""startDateRange"": ""2024-03-23"", ""team"": ""Bethune-Cookman""}",/lineups/team,200,2026-02-21T20:46:38.705549+00:00
0.181,,False,"{""season"": 2024, ""seasonType"": ""postseason"", ""team"": ""Binghamton""}",/games,200,2026-02-21T20:46:39.036831+00:00
4.53,,False,"{""season"": 2024, ""team"": ""Binghamton""}",/lineups/team,200,2026-02-21T20:46:43.717579+00:00
0.187,,False,"{""season"": 2024, ""seasonType"": ""postseason"", ""team"": ""Boise State""}",/games,200,2026-02-21T20:46:44.075455+00:00
0.165,,False,"{""endDateRange"": ""2024-03-21"", ""season"": 2024, ""startDateRange"": ""2024-03-21"", ""team"": ""Boise State""}",/lineups/team,200,2026-02-21T20:46:44.391227+00:00
0.189,,False,"{""season"": 2024, ""seasonType"": ""postseason"", ""team"": ""Boston College""}",/games,200,2026-02-21T20:46:44.730727+00:00
0.201,,False,"{""endDateRange"": ""2024-03-25"", ""season"": 2024, ""startDateRange"": ""2024-03-19"", ""team"": ""Boston College""}",/lineups/team,200,2026-02-21T20:46:45.082881+00:00
0.182,,False,"{""season"": 2024, ""seasonType"": ""postseason"", ""team"": ""Boston University""}",/games,200,2026-02-21T20:46:45.417772+00:00
26.476,,False,"{""season"": 2024, ""team"": ""Boston University""}",/lineups/team,200,2026-02-21T20:47:12.044499+00:00
0.184,,False,"{""season"": 2024, ""seasonType"": ""postseason"", ""team"": ""Bowling Green""}",/games,200,2026-02-21T20:47:12.418016+00:00
0.212,,False,"{""endDateRange"": ""2024-03-20"", ""season"": 2024, ""startDateRange"": ""2024-03-20"", ""team"": ""Bowling Green""}",/lineups/team,200,2026-02-21T20:47:12.780737+00:00
0.184,,False,"{""season"": 2024, ""seasonType"": ""postseason"", ""team"": ""Bradley""}",/games,200,2026-02-21T20:47:13.115549+00:00
0.441,,False,"{""endDateRange"": ""2024-03-23"", ""season"": 2024, ""startDateRange"": ""2024-03-20"", ""team"": ""Bradley""}",/lineups/team,200,2026-02-21T20:47:13.707369+00:00
0.186,,False,"{""season"": 2024, ""seasonType"": ""postseason"", ""team"": ""Brown""}",/games,200,2026-02-21T20:47:14.046097+00:00
10.996,,False,"{""season"": 2024, ""team"": ""Brown""}",/lineups/team,200,2026-02-21T20:47:25.192431+00:00
0.194,,False,"{""season"": 2024, ""seasonType"": ""postseason"", ""team"": ""Bryant""}",/games,200,2026-02-21T20:47:25.559513+00:00
7.915,,False,"{""season"": 2024, ""team"": ""Bryant""}",/lineups/team,200,2026-02-21T20:47:33.625525+00:00
0.506,,False,"{""season"": 2024, ""seasonType"": ""postseason"", ""team"": ""Bucknell""}",/games,200,2026-02-21T20:47:34.297181+00:00
9.982,,False,"{""season"": 2024, ""team"": ""Bucknell""}",/lineups/team,200,2026-02-21T20:47:44.429550+00:00
0.179,,False,"{""season"": 2024, ""seasonType"": ""postseason"", ""team"": ""Buffalo""}",/games,200,2026-02-21T20:47:44.773546+00:00
17.221,,False,"{""season"": 2024, ""team"": ""Buffalo""}",/lineups/team,200,2026-02-21T20:48:02.145626+00:00
0.184,,False,"{""season"": 2024, ""seasonType"": ""postseason"", ""team"": ""Butler""}",/games,200,2026-02-21T20:48:02.506529+00:00
0.248,,False,"{""endDateRange"": ""2024-03-20"", ""season"": 2024, ""startDateRange"": ""2024-03-20"", ""team"": ""Butler""}",/lineups/team,200,2026-02-21T20:48:02.905378+00:00
0.182,,False,"{""season"": 2024, ""seasonType"": ""postseason"", ""team"": ""California Baptist""}",/games,200,2026-02-21T20:48:03.237718+00:00
6.035,,False,"{""season"": 2024, ""team"": ""California Baptist""}",/lineups/team,200,2026-02-21T20:48:09.423453+00:00
0.166,,False,"{""season"": 2024, ""seasonType"": ""postseason"", ""team"": ""Cal Poly""}",/games,200,2026-02-21T20:48:09.781385+00:00
17.977,,False,"{""season"": 2024, ""team"": ""Cal Poly""}",/lineups/team,200,2026-02-21T20:48:27.908851+00:00
0.174,,False,"{""season"": 2024, ""seasonType"": ""postseason"", ""team"": ""Cal State Bakersfield""}",/games,200,2026-02-21T20:48:28.268335+00:00
35.006,,False,"{""season"": 2024, ""team"": ""Cal State Bakersfield""}",/lineups/team,200,2026-02-21T20:49:03.424961+00:00
0.265,,False,"{""season"": 2024, ""seasonType"": ""postseason"", ""team"": ""Cal State Fullerton""}",/games,200,2026-02-21T20:49:03.879004+00:00
18.327,,False,"{""season"": 2024, ""team"": ""Cal State Fullerton""}",/lineups/team,200,2026-02-21T20:49:22.356607+00:00
1.064,,False,"{""season"": 2024, ""seasonType"": ""postseason"", ""team"": ""Cal State Northridge""}",/games,200,2026-02-21T20:49:23.602499+00:00
24.741,,False,"{""season"": 2024, ""team"": ""Cal State Northridge""}",/lineups/team,200,2026-02-21T20:49:48.493841+00:00
0.186,,False,"{""season"": 2024, ""seasonType"": ""postseason"", ""team"": ""California""}",/games,200,2026-02-21T20:49:48.851906+00:00
7.901,,False,"{""season"": 2024, ""team"": ""California""}",/lineups/team,200,2026-02-21T20:49:56.903187+00:00
0.522,,False,"{""season"": 2024, ""seasonType"": ""postseason"", ""team"": ""Campbell""}",/games,200,2026-02-21T20:49:57.595105+00:00
19.067,,False,"{""season"": 2024, ""team"": ""Campbell""}",/lineups/team,200,2026-02-21T20:50:16.812351+00:00
0.183,,False,"{""season"": 2024, ""seasonType"": ""postseason"", ""team"": ""Canisius""}",/games,200,2026-02-21T20:50:17.171203+00:00
5.849,,False,"{""season"": 2024, ""team"": ""Canisius""}",/lineups/team,200,2026-02-21T20:50:23.170534+00:00
0.179,,False,"{""season"": 2024, ""seasonType"": ""postseason"", ""team"": ""Central Arkansas""}",/games,200,2026-02-21T20:50:23.515942+00:00
11.155,,False,"{""season"": 2024, ""team"": ""Central Arkansas""}",/lineups/team,200,2026-02-21T20:50:34.822119+00:00
0.179,,False,"{""season"": 2024, ""seasonType"": ""postseason"", ""team"": ""Central Connecticut""}",/games,200,2026-02-21T20:50:35.185506+00:00
8.062,,False,"{""season"": 2024, ""team"": ""Central Connecticut""}",/lineups/team,200,2026-02-21T20:50:43.397955+00:00
0.174,,False,"{""season"": 2024, ""seasonType"": ""postseason"", ""team"": ""Central Michigan""}",/games,200,2026-02-21T20:50:43.739987+00:00
21.563,,False,"{""season"": 2024, ""team"": ""Central Michigan""}",/lineups/team,200,2026-02-21T20:51:05.454027+00:00
0.197,,False,"{""season"": 2024, ""seasonType"": ""postseason"", ""team"": ""Charleston""}",/games,200,2026-02-21T20:51:05.821442+00:00
0.766,,False,"{""endDateRange"": ""2024-03-23"", ""season"": 2024, ""startDateRange"": ""2024-03-23"", ""team"": ""Charleston""}",/lineups/team,200,2026-02-21T20:51:06.738317+00:00
0.236,,False,"{""season"": 2024, ""seasonType"": ""postseason"", ""team"": ""Charleston Southern""}",/games,200,2026-02-21T20:51:07.125379+00:00
11.254,,False,"{""season"": 2024, ""team"": ""Charleston Southern""}",/lineups/team,200,2026-02-21T20:51:18.530187+00:00
0.183,,False,"{""season"": 2024, ""seasonType"": ""postseason"", ""team"": ""Charlotte""}",/games,200,2026-02-21T20:51:18.884871+00:00
6.879,,False,"{""season"": 2024, ""team"": ""Charlotte""}",/lineups/team,200,2026-02-21T20:51:25.914170+00:00
0.168,,False,"{""season"": 2024, ""seasonType"": ""postseason"", ""team"": ""Chattanooga""}",/games,200,2026-02-21T20:51:26.248446+00:00
18.589,,False,"{""season"": 2024, ""team"": ""Chattanooga""}",/lineups/team,200,2026-02-21T20:51:44.987597+00:00
0.21,,False,"{""season"": 2024, ""seasonType"": ""postseason"", ""team"": ""Chicago State""}",/games,200,2026-02-21T20:51:45.370331+00:00
0.817,,False,"{""endDateRange"": ""2024-03-25"", ""season"": 2024, ""startDateRange"": ""2024-03-23"", ""team"": ""Chicago State""}",/lineups/team,200,2026-02-21T20:51:46.338278+00:00
0.193,,False,"{""season"": 2024, ""seasonType"": ""postseason"", ""team"": ""Cincinnati""}",/games,200,2026-02-21T20:51:46.683649+00:00
0.285,,False,"{""endDateRange"": ""2024-03-27"", ""season"": 2024, ""startDateRange"": ""2024-03-21"", ""team"": ""Cincinnati""}",/lineups/team,200,2026-02-21T20:51:47.119653+00:00
0.839,,False,"{""season"": 2024, ""seasonType"": ""postseason"", ""team"": ""Clemson""}",/games,200,2026-02-21T20:51:48.112859+00:00
0.337,,False,"{""endDateRange"": ""2024-03-31"", ""season"": 2024, ""startDateRange"": ""2024-03-22"", ""team"": ""Clemson""}",/lineups/team,200,2026-02-21T20:51:48.601091+00:00
0.182,,False,"{""season"": 2024, ""seasonType"": ""postseason"", ""team"": ""Cleveland State""}",/games,200,2026-02-21T20:51:48.937231+00:00
0.288,,False,"{""endDateRange"": ""2024-03-25"", ""season"": 2024, ""startDateRange"": ""2024-03-24"", ""team"": ""Cleveland State""}",/lineups/team,200,2026-02-21T20:51:49.375788+00:00
0.628,,False,"{""season"": 2024, ""seasonType"": ""postseason"", ""team"": ""Coastal Carolina""}",/games,200,2026-02-21T20:51:50.156372+00:00
11.654,,False,"{""season"": 2024, ""team"": ""Coastal Carolina""}",/lineups/team,200,2026-02-21T20:52:01.960475+00:00
0.316,,False,"{""season"": 2024, ""seasonType"": ""postseason"", ""team"": ""Colgate""}",/games,200,2026-02-21T20:52:02.450518+00:00
0.46,,False,"{""endDateRange"": ""2024-03-22"", ""season"": 2024, ""startDateRange"": ""2024-03-22"", ""team"": ""Colgate""}",/lineups/team,200,2026-02-21T20:52:03.061667+00:00
0.185,,False,"{""season"": 2024, ""seasonType"": ""postseason"", ""team"": ""Colorado""}",/games,200,2026-02-21T20:52:03.397072+00:00
0.263,,False,"{""endDateRange"": ""2024-03-24"", ""season"": 2024, ""startDateRange"": ""2024-03-21"", ""team"": ""Colorado""}",/lineups/team,200,2026-02-21T20:52:03.810868+00:00
0.513,,False,"{""season"": 2024, ""seasonType"": ""postseason"", ""team"": ""Colorado State""}",/games,200,2026-02-21T20:52:04.476412+00:00
0.211,,False,"{""endDateRange"": ""2024-03-21"", ""season"": 2024, ""startDateRange"": ""2024-03-20"", ""team"": ""Colorado State""}",/lineups/team,200,2026-02-21T20:52:04.838387+00:00
0.168,,False,"{""season"": 2024, ""seasonType"": ""postseason"", ""team"": ""Columbia""}",/games,200,2026-02-21T20:52:05.158202+00:00
9.865,,False,"{""season"": 2024, ""team"": ""Columbia""}",/lineups/team,200,2026-02-21T20:52:15.173782+00:00
0.18,,False,"{""season"": 2024, ""seasonType"": ""postseason"", ""team"": ""UConn""}",/games,200,2026-02-21T20:52:15.521031+00:00
0.883,,False,"{""endDateRange"": ""2024-04-09"", ""season"": 2024, ""startDateRange"": ""2024-03-22"", ""team"": ""UConn""}",/lineups/team,200,2026-02-21T20:52:16.555139+00:00
0.185,,False,"{""season"": 2024, ""seasonType"": ""postseason"", ""team"": ""Coppin State""}",/games,200,2026-02-21T20:52:16.893911+00:00
8.191,,False,"{""season"": 2024, ""team"": ""Coppin State""}",/lineups/team,200,2026-02-21T20:52:25.235706+00:00
0.182,,False,"{""season"": 2024, ""seasonType"": ""postseason"", ""team"": ""Cornell""}",/games,200,2026-02-21T20:52:25.610925+00:00
0.167,,False,"{""endDateRange"": ""2024-03-19"", ""season"": 2024, ""startDateRange"": ""2024-03-19"", ""team"": ""Cornell""}",/lineups/team,200,2026-02-21T20:52:25.928412+00:00
0.218,,False,"{""season"": 2024, ""seasonType"": ""postseason"", ""team"": ""Creighton""}",/games,200,2026-02-21T20:52:26.296794+00:00
0.252,,False,"{""endDateRange"": ""2024-03-30"", ""season"": 2024, ""startDateRange"": ""2024-03-21"", ""team"": ""Creighton""}",/lineups/team,200,2026-02-21T20:52:26.699509+00:00
0.176,,False,"{""season"": 2024, ""seasonType"": ""postseason"", ""team"": ""Dartmouth""}",/games,200,2026-02-21T20:52:27.027612+00:00
13.39,,False,"{""season"": 2024, ""team"": ""Dartmouth""}",/lineups/team,200,2026-02-21T20:52:40.568036+00:00
0.17,,False,"{""season"": 2024, ""seasonType"": ""postseason"", ""team"": ""Davidson""}",/games,200,2026-02-21T20:52:40.924545+00:00
12.025,,False,"{""season"": 2024, ""team"": ""Davidson""}",/lineups/team,200,2026-02-21T20:52:53.099805+00:00
0.186,,False,"{""season"": 2024, ""seasonType"": ""postseason"", ""team"": ""Dayton""}",/games,200,2026-02-21T20:52:53.474517+00:00
0.241,,False,"{""endDateRange"": ""2024-03-23"", ""season"": 2024, ""startDateRange"": ""2024-03-21"", ""team"": ""Dayton""}",/lineups/team,200,2026-02-21T20:52:53.866398+00:00
0.18,,False,"{""season"": 2024, ""seasonType"": ""postseason"", ""team"": ""DePaul""}",/games,200,2026-02-21T20:52:54.199851+00:00
7.87,,False,"{""season"": 2024, ""team"": ""DePaul""}",/lineups/team,200,2026-02-21T20:53:02.220712+00:00
0.188,,False,"{""season"": 2024, ""seasonType"": ""postseason"", ""team"": ""Delaware""}",/games,200,2026-02-21T20:53:02.597347+00:00
11.941,,False,"{""season"": 2024, ""team"": ""Delaware""}",/lineups/team,200,2026-02-21T20:53:14.688899+00:00
0.185,,False,"{""season"": 2024, ""seasonType"": ""postseason"", ""team"": ""Delaware State""}",/games,200,2026-02-21T20:53:15.039272+00:00
0.178,,False,"{""endDateRange"": ""2024-03-23"", ""season"": 2024, ""startDateRange"": ""2024-03-23"", ""team"": ""Delaware State""}",/lineups/team,200,2026-02-21T20:53:15.368198+00:00
0.179,,False,"{""season"": 2024, ""seasonType"": ""postseason"", ""team"": ""Denver""}",/games,200,2026-02-21T20:53:15.697698+00:00
20.064,,False,"{""season"": 2024, ""team"": ""Denver""}",/lineups/team,200,2026-02-21T20:53:35.912891+00:00
0.169,,False,"{""season"": 2024, ""seasonType"": ""postseason"", ""team"": ""Detroit Mercy""}",/games,200,2026-02-21T20:53:36.254465+00:00
11.28,,False,"{""season"": 2024, ""team"": ""Detroit Mercy""}",/lineups/team,200,2026-02-21T20:53:47.685194+00:00
0.724,,False,"{""season"": 2024, ""seasonType"": ""postseason"", ""team"": ""Drake""}",/games,200,2026-02-21T20:53:48.593325+00:00
0.501,,False,"{""endDateRange"": ""2024-03-22"", ""season"": 2024, ""startDateRange"": ""2024-03-22"", ""team"": ""Drake""}",/lineups/team,200,2026-02-21T20:53:49.245061+00:00
0.491,,False,"{""season"": 2024, ""seasonType"": ""postseason"", ""team"": ""Drexel""}",/games,200,2026-02-21T20:53:49.886469+00:00
16.962,,False,"{""season"": 2024, ""team"": ""Drexel""}",/lineups/team,200,2026-02-21T20:54:06.999369+00:00
0.195,,False,"{""season"": 2024, ""seasonType"": ""postseason"", ""team"": ""Duke""}",/games,200,2026-02-21T20:54:07.360326+00:00
0.349,,False,"{""endDateRange"": ""2024-03-31"", ""season"": 2024, ""startDateRange"": ""2024-03-22"", ""team"": ""Duke""}",/lineups/team,200,2026-02-21T20:54:07.860524+00:00
0.66,,False,"{""season"": 2024, ""seasonType"": ""postseason"", ""team"": ""Duquesne""}",/games,200,2026-02-21T20:54:08.674025+00:00
0.315,,False,"{""endDateRange"": ""2024-03-24"", ""season"": 2024, ""startDateRange"": ""2024-03-21"", ""team"": ""Duquesne""}",/lineups/team,200,2026-02-21T20:54:09.139379+00:00
0.226,,False,"{""season"": 2024, ""seasonType"": ""postseason"", ""team"": ""East Carolina""}",/games,200,2026-02-21T20:54:09.518066+00:00
36.287,,False,"{""season"": 2024, ""team"": ""East Carolina""}",/lineups/team,200,2026-02-21T20:54:45.955592+00:00
0.176,,False,"{""season"": 2024, ""seasonType"": ""postseason"", ""team"": ""East Tennessee State""}",/games,200,2026-02-21T20:54:46.315729+00:00
12.005,,False,"{""season"": 2024, ""team"": ""East Tennessee State""}",/lineups/team,200,2026-02-21T20:54:58.471338+00:00
0.258,,False,"{""season"": 2024, ""seasonType"": ""postseason"", ""team"": ""East Texas A&M""}",/games,200,2026-02-21T20:54:58.907662+00:00
26.55,,False,"{""season"": 2024, ""team"": ""East Texas A&M""}",/lineups/team,200,2026-02-21T20:55:25.608355+00:00
0.179,,False,"{""season"": 2024, ""seasonType"": ""postseason"", ""team"": ""Eastern Illinois""}",/games,200,2026-02-21T20:55:25.983480+00:00
8.354,,False,"{""season"": 2024, ""team"": ""Eastern Illinois""}",/lineups/team,200,2026-02-21T20:55:34.488250+00:00
0.17,,False,"{""season"": 2024, ""seasonType"": ""postseason"", ""team"": ""Eastern Kentucky""}",/games,200,2026-02-21T20:55:34.841169+00:00
11.303,,False,"{""season"": 2024, ""team"": ""Eastern Kentucky""}",/lineups/team,200,2026-02-21T20:55:46.294358+00:00
0.191,,False,"{""season"": 2024, ""seasonType"": ""postseason"", ""team"": ""Eastern Michigan""}",/games,200,2026-02-21T20:55:46.651760+00:00
16.604,,False,"{""season"": 2024, ""team"": ""Eastern Michigan""}",/lineups/team,200,2026-02-21T20:56:03.406313+00:00
0.188,,False,"{""season"": 2024, ""seasonType"": ""postseason"", ""team"": ""Eastern Washington""}",/games,200,2026-02-21T20:56:03.773255+00:00
17.323,,False,"{""season"": 2024, ""team"": ""Eastern Washington""}",/lineups/team,200,2026-02-21T20:56:21.247001+00:00
0.182,,False,"{""season"": 2024, ""seasonType"": ""postseason"", ""team"": ""Elon""}",/games,200,2026-02-21T20:56:21.602085+00:00
22.472,,False,"{""season"": 2024, ""team"": ""Elon""}",/lineups/team,200,2026-02-21T20:56:44.224489+00:00
0.184,,False,"{""season"": 2024, ""seasonType"": ""postseason"", ""team"": ""Evansville""}",/games,200,2026-02-21T20:56:44.587173+00:00
0.22,,False,"{""endDateRange"": ""2024-03-25"", ""season"": 2024, ""startDateRange"": ""2024-03-24"", ""team"": ""Evansville""}",/lineups/team,200,2026-02-21T20:56:44.957891+00:00
0.176,,False,"{""season"": 2024, ""seasonType"": ""postseason"", ""team"": ""Florida International""}",/games,200,2026-02-21T20:56:45.286322+00:00
35.565,,False,"{""season"": 2024, ""team"": ""Florida International""}",/lineups/team,200,2026-02-21T20:57:21.001711+00:00
0.191,,False,"{""season"": 2024, ""seasonType"": ""postseason"", ""team"": ""Fairfield""}",/games,200,2026-02-21T20:57:21.390625+00:00
0.233,,False,"{""endDateRange"": ""2024-03-27"", ""season"": 2024, ""startDateRange"": ""2024-03-24"", ""team"": ""Fairfield""}",/lineups/team,200,2026-02-21T20:57:21.773939+00:00
0.183,,False,"{""season"": 2024, ""seasonType"": ""postseason"", ""team"": ""Fairleigh Dickinson""}",/games,200,2026-02-21T20:57:22.109859+00:00
38.512,,False,"{""season"": 2024, ""team"": ""Fairleigh Dickinson""}",/lineups/team,200,2026-02-21T20:58:00.772683+00:00
0.194,,False,"{""season"": 2024, ""seasonType"": ""postseason"", ""team"": ""Florida""}",/games,200,2026-02-21T20:58:01.138567+00:00
0.176,,False,"{""endDateRange"": ""2024-03-22"", ""season"": 2024, ""startDateRange"": ""2024-03-22"", ""team"": ""Florida""}",/lineups/team,200,2026-02-21T20:58:01.465240+00:00
0.205,,False,"{""season"": 2024, ""seasonType"": ""postseason"", ""team"": ""Florida A&M""}",/games,200,2026-02-21T20:58:01.821145+00:00
11.322,,False,"{""season"": 2024, ""team"": ""Florida A&M""}",/lineups/team,200,2026-02-21T20:58:13.293869+00:00
0.176,,False,"{""season"": 2024, ""seasonType"": ""postseason"", ""team"": ""Florida Atlantic""}",/games,200,2026-02-21T20:58:13.649798+00:00
0.173,,False,"{""endDateRange"": ""2024-03-22"", ""season"": 2024, ""startDateRange"": ""2024-03-22"", ""team"": ""Florida Atlantic""}",/lineups/team,200,2026-02-21T20:58:13.973437+00:00
0.177,,False,"{""season"": 2024, ""seasonType"": ""postseason"", ""team"": ""Florida Gulf Coast""}",/games,200,2026-02-21T20:58:14.300687+00:00
22.041,,False,"{""season"": 2024, ""team"": ""Florida Gulf Coast""}",/lineups/team,200,2026-02-21T20:58:36.492141+00:00
0.227,,False,"{""season"": 2024, ""seasonType"": ""postseason"", ""team"": ""Florida State""}",/games,200,2026-02-21T20:58:36.890190+00:00
46.407,,False,"{""season"": 2024, ""team"": ""Florida State""}",/lineups/team,200,2026-02-21T20:59:23.447873+00:00
0.191,,False,"{""season"": 2024, ""seasonType"": ""postseason"", ""team"": ""Fordham""}",/games,200,2026-02-21T20:59:23.821569+00:00
27.462,,False,"{""season"": 2024, ""team"": ""Fordham""}",/lineups/team,200,2026-02-21T20:59:51.433748+00:00
0.195,,False,"{""season"": 2024, ""seasonType"": ""postseason"", ""team"": ""Fresno State""}",/games,200,2026-02-21T20:59:51.808098+00:00
17.014,,False,"{""season"": 2024, ""team"": ""Fresno State""}",/lineups/team,200,2026-02-21T21:00:08.973141+00:00
0.273,,False,"{""season"": 2024, ""seasonType"": ""postseason"", ""team"": ""Furman""}",/games,200,2026-02-21T21:00:09.417115+00:00
18.65,,False,"{""season"": 2024, ""team"": ""Furman""}",/lineups/team,200,2026-02-21T21:00:28.217524+00:00
0.182,,False,"{""season"": 2024, ""seasonType"": ""postseason"", ""team"": ""Gardner-Webb""}",/games,200,2026-02-21T21:00:28.572065+00:00
42.065,,False,"{""season"": 2024, ""team"": ""Gardner-Webb""}",/lineups/team,200,2026-02-21T21:01:10.787514+00:00
0.179,,False,"{""season"": 2024, ""seasonType"": ""postseason"", ""team"": ""George Mason""}",/games,200,2026-02-21T21:01:11.142727+00:00
10.963,,False,"{""season"": 2024, ""team"": ""George Mason""}",/lineups/team,200,2026-02-21T21:01:22.256060+00:00
0.221,,False,"{""season"": 2024, ""seasonType"": ""postseason"", ""team"": ""George Washington""}",/games,200,2026-02-21T21:01:22.645498+00:00
13.011,,False,"{""season"": 2024, ""team"": ""George Washington""}",/lineups/team,200,2026-02-21T21:01:35.807489+00:00
0.193,,False,"{""season"": 2024, ""seasonType"": ""postseason"", ""team"": ""Georgetown""}",/games,200,2026-02-21T21:01:36.168631+00:00
9.588,,False,"{""season"": 2024, ""team"": ""Georgetown""}",/lineups/team,200,2026-02-21T21:01:45.907236+00:00
0.22,,False,"{""season"": 2024, ""seasonType"": ""postseason"", ""team"": ""Georgia""}",/games,200,2026-02-21T21:01:46.295974+00:00
0.35,,False,"{""endDateRange"": ""2024-04-03"", ""season"": 2024, ""startDateRange"": ""2024-03-19"", ""team"": ""Georgia""}",/lineups/team,200,2026-02-21T21:01:46.796485+00:00
0.226,,False,"{""season"": 2024, ""seasonType"": ""postseason"", ""team"": ""Georgia Southern""}",/games,200,2026-02-21T21:01:47.179145+00:00
18.217,,False,"{""season"": 2024, ""team"": ""Georgia Southern""}",/lineups/team,200,2026-02-21T21:02:05.546472+00:00
0.17,,False,"{""season"": 2024, ""seasonType"": ""postseason"", ""team"": ""Georgia State""}",/games,200,2026-02-21T21:02:05.904796+00:00
10.408,,False,"{""season"": 2024, ""team"": ""Georgia State""}",/lineups/team,200,2026-02-21T21:02:16.463717+00:00
0.21,,False,"{""season"": 2024, ""seasonType"": ""postseason"", ""team"": ""Georgia Tech""}",/games,200,2026-02-21T21:02:16.842570+00:00
18.995,,False,"{""season"": 2024, ""team"": ""Georgia Tech""}",/lineups/team,200,2026-02-21T21:02:35.987749+00:00
0.174,,False,"{""season"": 2024, ""seasonType"": ""postseason"", ""team"": ""Gonzaga""}",/games,200,2026-02-21T21:02:36.351528+00:00
0.277,,False,"{""endDateRange"": ""2024-03-29"", ""season"": 2024, ""startDateRange"": ""2024-03-21"", ""team"": ""Gonzaga""}",/lineups/team,200,2026-02-21T21:02:36.779267+00:00
0.178,,False,"{""season"": 2024, ""seasonType"": ""postseason"", ""team"": ""Grambling""}",/games,200,2026-02-21T21:02:37.110553+00:00
0.221,,False,"{""endDateRange"": ""2024-03-22"", ""season"": 2024, ""startDateRange"": ""2024-03-20"", ""team"": ""Grambling""}",/lineups/team,200,2026-02-21T21:02:37.481745+00:00
0.18,,False,"{""season"": 2024, ""seasonType"": ""postseason"", ""team"": ""Grand Canyon""}",/games,200,2026-02-21T21:02:37.813938+00:00
0.212,,False,"{""endDateRange"": ""2024-03-24"", ""season"": 2024, ""startDateRange"": ""2024-03-23"", ""team"": ""Grand Canyon""}",/lineups/team,200,2026-02-21T21:02:38.176088+00:00
0.182,,False,"{""season"": 2024, ""seasonType"": ""postseason"", ""team"": ""Green Bay""}",/games,200,2026-02-21T21:02:38.510303+00:00
12.759,,False,"{""season"": 2024, ""team"": ""Green Bay""}",/lineups/team,200,2026-02-21T21:02:51.420212+00:00
0.178,,False,"{""season"": 2024, ""seasonType"": ""postseason"", ""team"": ""Hampton""}",/games,200,2026-02-21T21:02:51.776764+00:00
9.155,,False,"{""season"": 2024, ""team"": ""Hampton""}",/lineups/team,200,2026-02-21T21:03:01.082463+00:00
0.211,,False,"{""season"": 2024, ""seasonType"": ""postseason"", ""team"": ""Harvard""}",/games,200,2026-02-21T21:03:01.468816+00:00
10.136,,False,"{""season"": 2024, ""team"": ""Harvard""}",/lineups/team,200,2026-02-21T21:03:11.754868+00:00
0.172,,False,"{""season"": 2024, ""seasonType"": ""postseason"", ""team"": ""Hawai'i""}",/games,200,2026-02-21T21:03:12.096710+00:00
10.94,,False,"{""season"": 2024, ""team"": ""Hawai'i""}",/lineups/team,200,2026-02-21T21:03:23.187748+00:00
0.177,,False,"{""season"": 2024, ""seasonType"": ""postseason"", ""team"": ""High Point""}",/games,200,2026-02-21T21:03:23.537726+00:00
0.255,,False,"{""endDateRange"": ""2024-03-27"", ""season"": 2024, ""startDateRange"": ""2024-03-25"", ""team"": ""High Point""}",/lineups/team,200,2026-02-21T21:03:23.943228+00:00
0.173,,False,"{""season"": 2024, ""seasonType"": ""postseason"", ""team"": ""Hofstra""}",/games,200,2026-02-21T21:03:24.269793+00:00
3.128,,False,"{""season"": 2024, ""team"": ""Hofstra""}",/lineups/team,200,2026-02-21T21:03:27.547970+00:00
0.18,,False,"{""season"": 2024, ""seasonType"": ""postseason"", ""team"": ""Holy Cross""}",/games,200,2026-02-21T21:03:27.888526+00:00
0.166,http_500,False,"{""season"": 2024, ""team"": ""Holy Cross""}",/lineups/team,500,2026-02-21T21:03:28.204999+00:00
0.18,,False,"{""season"": 2024, ""seasonType"": ""postseason"", ""team"": ""Houston""}",/games,200,2026-02-21T21:03:28.535659+00:00
0.275,,False,"{""endDateRange"": ""2024-03-30"", ""season"": 2024, ""startDateRange"": ""2024-03-23"", ""team"": ""Houston""}",/lineups/team,200,2026-02-21T21:03:28.961796+00:00
0.173,,False,"{""season"": 2024, ""seasonType"": ""postseason"", ""team"": ""Houston Christian""}",/games,200,2026-02-21T21:03:29.290035+00:00
3.238,,False,"{""season"": 2024, ""team"": ""Houston Christian""}",/lineups/team,200,2026-02-21T21:03:32.678488+00:00
0.173,,False,"{""season"": 2024, ""seasonType"": ""postseason"", ""team"": ""Howard""}",/games,200,2026-02-21T21:03:33.021868+00:00
0.178,,False,"{""endDateRange"": ""2024-03-19"", ""season"": 2024, ""startDateRange"": ""2024-03-19"", ""team"": ""Howard""}",/lineups/team,200,2026-02-21T21:03:33.350602+00:00
0.184,,False,"{""season"": 2024, ""seasonType"": ""postseason"", ""team"": ""IU Indianapolis""}",/games,200,2026-02-21T21:03:33.684697+00:00
9.364,,False,"{""season"": 2024, ""team"": ""IU Indianapolis""}",/lineups/team,200,2026-02-21T21:03:43.199705+00:00
0.174,,False,"{""season"": 2024, ""seasonType"": ""postseason"", ""team"": ""Idaho""}",/games,200,2026-02-21T21:03:43.547036+00:00
14.534,,False,"{""season"": 2024, ""team"": ""Idaho""}",/lineups/team,200,2026-02-21T21:03:58.232044+00:00
0.172,,False,"{""season"": 2024, ""seasonType"": ""postseason"", ""team"": ""Idaho State""}",/games,200,2026-02-21T21:03:58.582374+00:00
11.26,,False,"{""season"": 2024, ""team"": ""Idaho State""}",/lineups/team,200,2026-02-21T21:04:09.992769+00:00
0.199,,False,"{""season"": 2024, ""seasonType"": ""postseason"", ""team"": ""Illinois""}",/games,200,2026-02-21T21:04:10.356916+00:00
0.355,,False,"{""endDateRange"": ""2024-03-30"", ""season"": 2024, ""startDateRange"": ""2024-03-21"", ""team"": ""Illinois""}",/lineups/team,200,2026-02-21T21:04:10.862435+00:00
0.176,,False,"{""season"": 2024, ""seasonType"": ""postseason"", ""team"": ""UIC""}",/games,200,2026-02-21T21:04:11.194080+00:00
12.608,,False,"{""season"": 2024, ""team"": ""UIC""}",/lineups/team,200,2026-02-21T21:04:23.952460+00:00
0.204,,False,"{""season"": 2024, ""seasonType"": ""postseason"", ""team"": ""Illinois State""}",/games,200,2026-02-21T21:04:24.331597+00:00
9.8,,False,"{""season"": 2024, ""team"": ""Illinois State""}",/lineups/team,200,2026-02-21T21:04:34.282084+00:00
0.181,,False,"{""season"": 2024, ""seasonType"": ""postseason"", ""team"": ""Incarnate Word""}",/games,200,2026-02-21T21:04:34.642989+00:00
12.029,,False,"{""season"": 2024, ""team"": ""Incarnate Word""}",/lineups/team,200,2026-02-21T21:04:46.822234+00:00
0.173,,False,"{""season"": 2024, ""seasonType"": ""postseason"", ""team"": ""Indiana""}",/games,200,2026-02-21T21:04:47.183659+00:00
7.076,,False,"{""season"": 2024, ""team"": ""Indiana""}",/lineups/team,200,2026-02-21T21:04:54.409883+00:00
0.201,,False,"{""season"": 2024, ""seasonType"": ""postseason"", ""team"": ""Indiana State""}",/games,200,2026-02-21T21:04:54.782165+00:00
0.277,,False,"{""endDateRange"": ""2024-04-04"", ""season"": 2024, ""startDateRange"": ""2024-03-20"", ""team"": ""Indiana State""}",/lineups/team,200,2026-02-21T21:04:55.210355+00:00
0.189,,False,"{""season"": 2024, ""seasonType"": ""postseason"", ""team"": ""Iona""}",/games,200,2026-02-21T21:04:55.552438+00:00
35.338,,False,"{""season"": 2024, ""team"": ""Iona""}",/lineups/team,200,2026-02-21T21:05:31.041076+00:00
0.205,,False,"{""season"": 2024, ""seasonType"": ""postseason"", ""team"": ""Iowa""}",/games,200,2026-02-21T21:05:31.429596+00:00
0.255,,False,"{""endDateRange"": ""2024-03-25"", ""season"": 2024, ""startDateRange"": ""2024-03-20"", ""team"": ""Iowa""}",/lineups/team,200,2026-02-21T21:05:31.834937+00:00
0.199,,False,"{""season"": 2024, ""seasonType"": ""postseason"", ""team"": ""Iowa State""}",/games,200,2026-02-21T21:05:32.186167+00:00
0.29,,False,"{""endDateRange"": ""2024-03-29"", ""season"": 2024, ""startDateRange"": ""2024-03-21"", ""team"": ""Iowa State""}",/lineups/team,200,2026-02-21T21:05:32.627197+00:00
0.193,,False,"{""season"": 2024, ""seasonType"": ""postseason"", ""team"": ""Jackson State""}",/games,200,2026-02-21T21:05:32.973471+00:00
2.907,,False,"{""season"": 2024, ""team"": ""Jackson State""}",/lineups/team,200,2026-02-21T21:05:36.031490+00:00
0.174,,False,"{""season"": 2024, ""seasonType"": ""postseason"", ""team"": ""Jacksonville""}",/games,200,2026-02-21T21:05:36.385518+00:00
20.692,,False,"{""season"": 2024, ""team"": ""Jacksonville""}",/lineups/team,200,2026-02-21T21:05:57.228249+00:00
0.192,,False,"{""season"": 2024, ""seasonType"": ""postseason"", ""team"": ""Jacksonville State""}",/games,200,2026-02-21T21:05:57.595690+00:00
19.808,,False,"{""season"": 2024, ""team"": ""Jacksonville State""}",/lineups/team,200,2026-02-21T21:06:17.554462+00:00
0.19,,False,"{""season"": 2024, ""seasonType"": ""postseason"", ""team"": ""James Madison""}",/games,200,2026-02-21T21:06:17.924710+00:00
0.236,,False,"{""endDateRange"": ""2024-03-24"", ""season"": 2024, ""startDateRange"": ""2024-03-23"", ""team"": ""James Madison""}",/lineups/team,200,2026-02-21T21:06:18.311065+00:00
0.182,,False,"{""season"": 2024, ""seasonType"": ""postseason"", ""team"": ""Kansas""}",/games,200,2026-02-21T21:06:18.646463+00:00
0.223,,False,"{""endDateRange"": ""2024-03-23"", ""season"": 2024, ""startDateRange"": ""2024-03-22"", ""team"": ""Kansas""}",/lineups/team,200,2026-02-21T21:06:19.020323+00:00
0.203,,False,"{""season"": 2024, ""seasonType"": ""postseason"", ""team"": ""Kansas State""}",/games,200,2026-02-21T21:06:19.375607+00:00
0.177,,False,"{""endDateRange"": ""2024-03-20"", ""season"": 2024, ""startDateRange"": ""2024-03-20"", ""team"": ""Kansas State""}",/lineups/team,200,2026-02-21T21:06:19.702940+00:00
0.177,,False,"{""season"": 2024, ""seasonType"": ""postseason"", ""team"": ""Kennesaw State""}",/games,200,2026-02-21T21:06:20.030687+00:00
11.956,,False,"{""season"": 2024, ""team"": ""Kennesaw State""}",/lineups/team,200,2026-02-21T21:06:32.137726+00:00
0.186,,False,"{""season"": 2024, ""seasonType"": ""postseason"", ""team"": ""Kent State""}",/games,200,2026-02-21T21:06:32.494543+00:00
20.114,,False,"{""season"": 2024, ""team"": ""Kent State""}",/lineups/team,200,2026-02-21T21:06:52.759230+00:00
0.212,,False,"{""season"": 2024, ""seasonType"": ""postseason"", ""team"": ""Kentucky""}",/games,200,2026-02-21T21:06:53.152270+00:00
0.175,,False,"{""endDateRange"": ""2024-03-21"", ""season"": 2024, ""startDateRange"": ""2024-03-21"", ""team"": ""Kentucky""}",/lineups/team,200,2026-02-21T21:06:53.477625+00:00
0.175,,False,"{""season"": 2024, ""seasonType"": ""postseason"", ""team"": ""LSU""}",/games,200,2026-02-21T21:06:53.803480+00:00
0.169,,False,"{""endDateRange"": ""2024-03-19"", ""season"": 2024, ""startDateRange"": ""2024-03-19"", ""team"": ""LSU""}",/lineups/team,200,2026-02-21T21:06:54.123383+00:00
0.169,,False,"{""season"": 2024, ""seasonType"": ""postseason"", ""team"": ""La Salle""}",/games,200,2026-02-21T21:06:54.443346+00:00
3.567,,False,"{""season"": 2024, ""team"": ""La Salle""}",/lineups/team,200,2026-02-21T21:06:58.161017+00:00
0.176,,False,"{""season"": 2024, ""seasonType"": ""postseason"", ""team"": ""Lafayette""}",/games,200,2026-02-21T21:06:58.497508+00:00
17.57,,False,"{""season"": 2024, ""team"": ""Lafayette""}",/lineups/team,200,2026-02-21T21:07:16.218651+00:00
0.179,,False,"{""season"": 2024, ""seasonType"": ""postseason"", ""team"": ""Lamar""}",/games,200,2026-02-21T21:07:16.572722+00:00
19.004,,False,"{""season"": 2024, ""team"": ""Lamar""}",/lineups/team,200,2026-02-21T21:07:35.727168+00:00
0.187,,False,"{""season"": 2024, ""seasonType"": ""postseason"", ""team"": ""Le Moyne""}",/games,200,2026-02-21T21:07:36.093600+00:00
7.701,,False,"{""season"": 2024, ""team"": ""Le Moyne""}",/lineups/team,200,2026-02-21T21:07:43.944887+00:00
0.18,,False,"{""season"": 2024, ""seasonType"": ""postseason"", ""team"": ""Lehigh""}",/games,200,2026-02-21T21:07:44.296706+00:00
25.5,,False,"{""season"": 2024, ""team"": ""Lehigh""}",/lineups/team,200,2026-02-21T21:08:09.947180+00:00
0.184,,False,"{""season"": 2024, ""seasonType"": ""postseason"", ""team"": ""Liberty""}",/games,200,2026-02-21T21:08:10.317121+00:00
27.317,,False,"{""season"": 2024, ""team"": ""Liberty""}",/lineups/team,200,2026-02-21T21:08:37.784356+00:00
0.177,,False,"{""season"": 2024, ""seasonType"": ""postseason"", ""team"": ""Lindenwood""}",/games,200,2026-02-21T21:08:38.133318+00:00
21.959,,False,"{""season"": 2024, ""team"": ""Lindenwood""}",/lineups/team,200,2026-02-21T21:09:00.243369+00:00
0.184,,False,"{""season"": 2024, ""seasonType"": ""postseason"", ""team"": ""Lipscomb""}",/games,200,2026-02-21T21:09:00.598969+00:00
12.094,,False,"{""season"": 2024, ""team"": ""Lipscomb""}",/lineups/team,200,2026-02-21T21:09:12.843378+00:00
0.179,,False,"{""season"": 2024, ""seasonType"": ""postseason"", ""team"": ""Little Rock""}",/games,200,2026-02-21T21:09:13.215248+00:00
0.181,,False,"{""endDateRange"": ""2024-03-24"", ""season"": 2024, ""startDateRange"": ""2024-03-24"", ""team"": ""Little Rock""}",/lineups/team,200,2026-02-21T21:09:13.546532+00:00
0.186,,False,"{""season"": 2024, ""seasonType"": ""postseason"", ""team"": ""Long Beach State""}",/games,200,2026-02-21T21:09:13.883467+00:00
0.179,,False,"{""endDateRange"": ""2024-03-21"", ""season"": 2024, ""startDateRange"": ""2024-03-21"", ""team"": ""Long Beach State""}",/lineups/team,200,2026-02-21T21:09:14.212809+00:00
0.181,,False,"{""season"": 2024, ""seasonType"": ""postseason"", ""team"": ""Longwood""}",/games,200,2026-02-21T21:09:14.544183+00:00
0.171,,False,"{""endDateRange"": ""2024-03-23"", ""season"": 2024, ""startDateRange"": ""2024-03-23"", ""team"": ""Longwood""}",/lineups/team,200,2026-02-21T21:09:14.865606+00:00
0.182,,False,"{""season"": 2024, ""seasonType"": ""postseason"", ""team"": ""Louisiana""}",/games,200,2026-02-21T21:09:15.198014+00:00
8.315,,False,"{""season"": 2024, ""team"": ""Louisiana""}",/lineups/team,200,2026-02-21T21:09:23.663550+00:00
0.178,,False,"{""season"": 2024, ""seasonType"": ""postseason"", ""team"": ""UL Monroe""}",/games,200,2026-02-21T21:09:24.009847+00:00
5.219,,False,"{""season"": 2024, ""team"": ""UL Monroe""}",/lineups/team,200,2026-02-21T21:09:29.379954+00:00
0.182,,False,"{""season"": 2024, ""seasonType"": ""postseason"", ""team"": ""Louisiana Tech""}",/games,200,2026-02-21T21:09:29.728010+00:00
9.85,,False,"{""season"": 2024, ""team"": ""Louisiana Tech""}",/lineups/team,200,2026-02-21T21:09:39.728609+00:00
0.214,,False,"{""season"": 2024, ""seasonType"": ""postseason"", ""team"": ""Louisville""}",/games,200,2026-02-21T21:09:40.116975+00:00
7.63,,False,"{""season"": 2024, ""team"": ""Louisville""}",/lineups/team,200,2026-02-21T21:09:47.897497+00:00
0.183,,False,"{""season"": 2024, ""seasonType"": ""postseason"", ""team"": ""Loyola Chicago""}",/games,200,2026-02-21T21:09:48.252912+00:00
0.177,,False,"{""endDateRange"": ""2024-03-20"", ""season"": 2024, ""startDateRange"": ""2024-03-20"", ""team"": ""Loyola Chicago""}",/lineups/team,200,2026-02-21T21:09:48.580254+00:00
0.185,,False,"{""season"": 2024, ""seasonType"": ""postseason"", ""team"": ""Loyola Maryland""}",/games,200,2026-02-21T21:09:48.916204+00:00
14.615,,False,"{""season"": 2024, ""team"": ""Loyola Maryland""}",/lineups/team,200,2026-02-21T21:10:03.681998+00:00
0.267,,False,"{""season"": 2024, ""seasonType"": ""postseason"", ""team"": ""Loyola Marymount""}",/games,200,2026-02-21T21:10:04.121625+00:00
20.349,,False,"{""season"": 2024, ""team"": ""Loyola Marymount""}",/lineups/team,200,2026-02-21T21:10:24.621681+00:00
0.252,,False,"{""season"": 2024, ""seasonType"": ""postseason"", ""team"": ""Maine""}",/games,200,2026-02-21T21:10:25.046819+00:00
12.418,,False,"{""season"": 2024, ""team"": ""Maine""}",/lineups/team,200,2026-02-21T21:10:37.615909+00:00
0.192,,False,"{""season"": 2024, ""seasonType"": ""postseason"", ""team"": ""Manhattan""}",/games,200,2026-02-21T21:10:37.973542+00:00
9.674,,False,"{""season"": 2024, ""team"": ""Manhattan""}",/lineups/team,200,2026-02-21T21:10:47.798031+00:00
0.181,,False,"{""season"": 2024, ""seasonType"": ""postseason"", ""team"": ""Marist""}",/games,200,2026-02-21T21:10:48.160412+00:00
37.744,,False,"{""season"": 2024, ""team"": ""Marist""}",/lineups/team,200,2026-02-21T21:11:26.054819+00:00
0.191,,False,"{""season"": 2024, ""seasonType"": ""postseason"", ""team"": ""Marquette""}",/games,200,2026-02-21T21:11:26.421933+00:00
0.293,,False,"{""endDateRange"": ""2024-03-29"", ""season"": 2024, ""startDateRange"": ""2024-03-22"", ""team"": ""Marquette""}",/lineups/team,200,2026-02-21T21:11:26.865478+00:00
0.173,,False,"{""season"": 2024, ""seasonType"": ""postseason"", ""team"": ""Marshall""}",/games,200,2026-02-21T21:11:27.191853+00:00
4.91,,False,"{""season"": 2024, ""team"": ""Marshall""}",/lineups/team,200,2026-02-21T21:11:32.252937+00:00
0.189,,False,"{""season"": 2024, ""seasonType"": ""postseason"", ""team"": ""Maryland""}",/games,200,2026-02-21T21:11:32.615731+00:00
23.276,,False,"{""season"": 2024, ""team"": ""Maryland""}",/lineups/team,200,2026-02-21T21:11:56.042250+00:00
0.245,,False,"{""season"": 2024, ""seasonType"": ""postseason"", ""team"": ""Maryland Eastern Shore""}",/games,200,2026-02-21T21:11:56.460055+00:00
42.991,,False,"{""season"": 2024, ""team"": ""Maryland Eastern Shore""}",/lineups/team,200,2026-02-21T21:12:39.601238+00:00
0.179,,False,"{""season"": 2024, ""seasonType"": ""postseason"", ""team"": ""Massachusetts""}",/games,200,2026-02-21T21:12:39.959874+00:00
17.115,,False,"{""season"": 2024, ""team"": ""Massachusetts""}",/lineups/team,200,2026-02-21T21:12:57.225233+00:00
0.201,,False,"{""season"": 2024, ""seasonType"": ""postseason"", ""team"": ""McNeese""}",/games,200,2026-02-21T21:12:57.596059+00:00
0.192,,False,"{""endDateRange"": ""2024-03-21"", ""season"": 2024, ""startDateRange"": ""2024-03-21"", ""team"": ""McNeese""}",/lineups/team,200,2026-02-21T21:12:57.938472+00:00
0.187,,False,"{""season"": 2024, ""seasonType"": ""postseason"", ""team"": ""Memphis""}",/games,200,2026-02-21T21:12:58.275589+00:00
21.488,,False,"{""season"": 2024, ""team"": ""Memphis""}",/lineups/team,200,2026-02-21T21:13:19.914009+00:00
0.188,,False,"{""season"": 2024, ""seasonType"": ""postseason"", ""team"": ""Mercer""}",/games,200,2026-02-21T21:13:20.336248+00:00
17.191,,False,"{""season"": 2024, ""team"": ""Mercer""}",/lineups/team,200,2026-02-21T21:13:37.678125+00:00
0.18,,False,"{""season"": 2024, ""seasonType"": ""postseason"", ""team"": ""Merrimack""}",/games,200,2026-02-21T21:13:38.040971+00:00
11.745,,False,"{""season"": 2024, ""team"": ""Merrimack""}",/lineups/team,200,2026-02-21T21:13:49.936588+00:00
0.185,,False,"{""season"": 2024, ""seasonType"": ""postseason"", ""team"": ""Miami""}",/games,200,2026-02-21T21:13:50.281939+00:00
6.896,,False,"{""season"": 2024, ""team"": ""Miami""}",/lineups/team,200,2026-02-21T21:13:57.328129+00:00
0.194,,False,"{""season"": 2024, ""seasonType"": ""postseason"", ""team"": ""Miami (OH)""}",/games,200,2026-02-21T21:13:57.691999+00:00
18.638,,False,"{""season"": 2024, ""team"": ""Miami (OH)""}",/lineups/team,200,2026-02-21T21:14:16.480164+00:00
0.186,,False,"{""season"": 2024, ""seasonType"": ""postseason"", ""team"": ""Michigan""}",/games,200,2026-02-21T21:14:16.844202+00:00
6.272,,False,"{""season"": 2024, ""team"": ""Michigan""}",/lineups/team,200,2026-02-21T21:14:23.267146+00:00
0.181,,False,"{""season"": 2024, ""seasonType"": ""postseason"", ""team"": ""Michigan State""}",/games,200,2026-02-21T21:14:23.621009+00:00
0.229,,False,"{""endDateRange"": ""2024-03-23"", ""season"": 2024, ""startDateRange"": ""2024-03-21"", ""team"": ""Michigan State""}",/lineups/team,200,2026-02-21T21:14:24.000757+00:00
0.18,,False,"{""season"": 2024, ""seasonType"": ""postseason"", ""team"": ""Middle Tennessee""}",/games,200,2026-02-21T21:14:24.333774+00:00
13.801,,False,"{""season"": 2024, ""team"": ""Middle Tennessee""}",/lineups/team,200,2026-02-21T21:14:38.285698+00:00
0.176,,False,"{""season"": 2024, ""seasonType"": ""postseason"", ""team"": ""Milwaukee""}",/games,200,2026-02-21T21:14:38.631796+00:00
26.453,,False,"{""season"": 2024, ""team"": ""Milwaukee""}",/lineups/team,200,2026-02-21T21:15:05.235469+00:00
0.216,,False,"{""season"": 2024, ""seasonType"": ""postseason"", ""team"": ""Minnesota""}",/games,200,2026-02-21T21:15:05.651118+00:00
1.244,,False,"{""endDateRange"": ""2024-03-24"", ""season"": 2024, ""startDateRange"": ""2024-03-20"", ""team"": ""Minnesota""}",/lineups/team,200,2026-02-21T21:15:07.045409+00:00
0.181,,False,"{""season"": 2024, ""seasonType"": ""postseason"", ""team"": ""Ole Miss""}",/games,200,2026-02-21T21:15:07.377963+00:00
11.765,,False,"{""season"": 2024, ""team"": ""Ole Miss""}",/lineups/team,200,2026-02-21T21:15:19.293212+00:00
0.171,,False,"{""season"": 2024, ""seasonType"": ""postseason"", ""team"": ""Mississippi State""}",/games,200,2026-02-21T21:15:19.634501+00:00
0.171,,False,"{""endDateRange"": ""2024-03-21"", ""season"": 2024, ""startDateRange"": ""2024-03-21"", ""team"": ""Mississippi State""}",/lineups/team,200,2026-02-21T21:15:19.956180+00:00
0.192,,False,"{""season"": 2024, ""seasonType"": ""postseason"", ""team"": ""Mississippi Valley State""}",/games,200,2026-02-21T21:15:20.298924+00:00
11.743,,False,"{""season"": 2024, ""team"": ""Mississippi Valley State""}",/lineups/team,200,2026-02-21T21:15:32.192436+00:00
0.18,,False,"{""season"": 2024, ""seasonType"": ""postseason"", ""team"": ""Missouri""}",/games,200,2026-02-21T21:15:32.564248+00:00
21.126,,False,"{""season"": 2024, ""team"": ""Missouri""}",/lineups/team,200,2026-02-21T21:15:53.840514+00:00
0.228,,False,"{""season"": 2024, ""seasonType"": ""postseason"", ""team"": ""Missouri State""}",/games,200,2026-02-21T21:15:54.264070+00:00
10.96,,False,"{""season"": 2024, ""team"": ""Missouri State""}",/lineups/team,200,2026-02-21T21:16:05.374768+00:00
0.18,,False,"{""season"": 2024, ""seasonType"": ""postseason"", ""team"": ""Monmouth""}",/games,200,2026-02-21T21:16:05.726699+00:00
10.921,,False,"{""season"": 2024, ""team"": ""Monmouth""}",/lineups/team,200,2026-02-21T21:16:16.798649+00:00
0.438,,False,"{""season"": 2024, ""seasonType"": ""postseason"", ""team"": ""Montana""}",/games,200,2026-02-21T21:16:17.408124+00:00
0.256,,False,"{""endDateRange"": ""2024-03-25"", ""season"": 2024, ""startDateRange"": ""2024-03-24"", ""team"": ""Montana""}",/lineups/team,200,2026-02-21T21:16:17.814488+00:00
0.182,,False,"{""season"": 2024, ""seasonType"": ""postseason"", ""team"": ""Montana State""}",/games,200,2026-02-21T21:16:18.149472+00:00
0.291,,False,"{""endDateRange"": ""2024-03-20"", ""season"": 2024, ""startDateRange"": ""2024-03-20"", ""team"": ""Montana State""}",/lineups/team,200,2026-02-21T21:16:18.591062+00:00
0.187,,False,"{""season"": 2024, ""seasonType"": ""postseason"", ""team"": ""Morehead State""}",/games,200,2026-02-21T21:16:18.928882+00:00
0.169,,False,"{""endDateRange"": ""2024-03-21"", ""season"": 2024, ""startDateRange"": ""2024-03-21"", ""team"": ""Morehead State""}",/lineups/team,200,2026-02-21T21:16:19.248506+00:00
0.719,,False,"{""season"": 2024, ""seasonType"": ""postseason"", ""team"": ""Morgan State""}",/games,200,2026-02-21T21:16:20.117790+00:00
13.299,,False,"{""season"": 2024, ""team"": ""Morgan State""}",/lineups/team,200,2026-02-21T21:16:33.567816+00:00
0.283,,False,"{""season"": 2024, ""seasonType"": ""postseason"", ""team"": ""Mount St. Mary's""}",/games,200,2026-02-21T21:16:34.067123+00:00
12.802,,False,"{""season"": 2024, ""team"": ""Mount St. Mary's""}",/lineups/team,200,2026-02-21T21:16:47.019693+00:00
0.312,,False,"{""season"": 2024, ""seasonType"": ""postseason"", ""team"": ""Murray State""}",/games,200,2026-02-21T21:16:47.494370+00:00
9.899,,False,"{""season"": 2024, ""team"": ""Murray State""}",/lineups/team,200,2026-02-21T21:16:57.543879+00:00
0.274,,False,"{""season"": 2024, ""seasonType"": ""postseason"", ""team"": ""NC State""}",/games,200,2026-02-21T21:16:57.988162+00:00
0.806,,False,"{""endDateRange"": ""2024-04-06"", ""season"": 2024, ""startDateRange"": ""2024-03-22"", ""team"": ""NC State""}",/lineups/team,200,2026-02-21T21:16:58.944976+00:00
0.185,,False,"{""season"": 2024, ""seasonType"": ""postseason"", ""team"": ""NJIT""}",/games,200,2026-02-21T21:16:59.285314+00:00
13.674,,False,"{""season"": 2024, ""team"": ""NJIT""}",/lineups/team,200,2026-02-21T21:17:13.110097+00:00
0.183,,False,"{""season"": 2024, ""seasonType"": ""postseason"", ""team"": ""Navy""}",/games,200,2026-02-21T21:17:13.470956+00:00
27.71,,False,"{""season"": 2024, ""team"": ""Navy""}",/lineups/team,200,2026-02-21T21:17:41.332074+00:00
0.186,,False,"{""season"": 2024, ""seasonType"": ""postseason"", ""team"": ""Nebraska""}",/games,200,2026-02-21T21:17:41.713526+00:00
0.179,,False,"{""endDateRange"": ""2024-03-22"", ""season"": 2024, ""startDateRange"": ""2024-03-22"", ""team"": ""Nebraska""}",/lineups/team,200,2026-02-21T21:17:42.043383+00:00
0.18,,False,"{""season"": 2024, ""seasonType"": ""postseason"", ""team"": ""Omaha""}",/games,200,2026-02-21T21:17:42.373785+00:00
8.345,,False,"{""season"": 2024, ""team"": ""Omaha""}",/lineups/team,200,2026-02-21T21:17:50.869474+00:00
0.199,,False,"{""season"": 2024, ""seasonType"": ""postseason"", ""team"": ""Nevada""}",/games,200,2026-02-21T21:17:51.239226+00:00
0.176,,False,"{""endDateRange"": ""2024-03-21"", ""season"": 2024, ""startDateRange"": ""2024-03-21"", ""team"": ""Nevada""}",/lineups/team,200,2026-02-21T21:17:51.566193+00:00
0.177,,False,"{""season"": 2024, ""seasonType"": ""postseason"", ""team"": ""New Hampshire""}",/games,200,2026-02-21T21:17:51.893721+00:00
17.01,,False,"{""season"": 2024, ""team"": ""New Hampshire""}",/lineups/team,200,2026-02-21T21:18:09.054348+00:00
0.18,,False,"{""season"": 2024, ""seasonType"": ""postseason"", ""team"": ""New Mexico""}",/games,200,2026-02-21T21:18:09.403979+00:00
0.195,,False,"{""endDateRange"": ""2024-03-22"", ""season"": 2024, ""startDateRange"": ""2024-03-22"", ""team"": ""New Mexico""}",/lineups/team,200,2026-02-21T21:18:09.749963+00:00
0.173,,False,"{""season"": 2024, ""seasonType"": ""postseason"", ""team"": ""New Mexico State""}",/games,200,2026-02-21T21:18:10.073979+00:00
16.985,,False,"{""season"": 2024, ""team"": ""New Mexico State""}",/lineups/team,200,2026-02-21T21:18:27.209861+00:00
0.172,,False,"{""season"": 2024, ""seasonType"": ""postseason"", ""team"": ""New Orleans""}",/games,200,2026-02-21T21:18:27.563580+00:00
10.9,,False,"{""season"": 2024, ""team"": ""New Orleans""}",/lineups/team,200,2026-02-21T21:18:38.614396+00:00
0.219,,False,"{""season"": 2024, ""seasonType"": ""postseason"", ""team"": ""Niagara""}",/games,200,2026-02-21T21:18:39.010540+00:00
18.01,,False,"{""season"": 2024, ""team"": ""Niagara""}",/lineups/team,200,2026-02-21T21:18:57.171527+00:00
0.173,,False,"{""season"": 2024, ""seasonType"": ""postseason"", ""team"": ""Nicholls""}",/games,200,2026-02-21T21:18:57.518847+00:00
8.977,,False,"{""season"": 2024, ""team"": ""Nicholls""}",/lineups/team,200,2026-02-21T21:19:06.646723+00:00
0.18,,False,"{""season"": 2024, ""seasonType"": ""postseason"", ""team"": ""Norfolk State""}",/games,200,2026-02-21T21:19:06.996202+00:00
0.213,,False,"{""endDateRange"": ""2024-03-27"", ""season"": 2024, ""startDateRange"": ""2024-03-23"", ""team"": ""Norfolk State""}",/lineups/team,200,2026-02-21T21:19:07.360350+00:00
0.183,,False,"{""season"": 2024, ""seasonType"": ""postseason"", ""team"": ""North Alabama""}",/games,200,2026-02-21T21:19:07.696691+00:00
11.279,,False,"{""season"": 2024, ""team"": ""North Alabama""}",/lineups/team,200,2026-02-21T21:19:19.126837+00:00
0.187,,False,"{""season"": 2024, ""seasonType"": ""postseason"", ""team"": ""North Carolina""}",/games,200,2026-02-21T21:19:19.497866+00:00
0.257,,False,"{""endDateRange"": ""2024-03-29"", ""season"": 2024, ""startDateRange"": ""2024-03-21"", ""team"": ""North Carolina""}",/lineups/team,200,2026-02-21T21:19:19.905990+00:00
0.186,,False,"{""season"": 2024, ""seasonType"": ""postseason"", ""team"": ""North Carolina A&T""}",/games,200,2026-02-21T21:19:20.245157+00:00
4.993,,False,"{""season"": 2024, ""team"": ""North Carolina A&T""}",/lineups/team,200,2026-02-21T21:19:25.389159+00:00
0.186,,False,"{""season"": 2024, ""seasonType"": ""postseason"", ""team"": ""North Carolina Central""}",/games,200,2026-02-21T21:19:25.758645+00:00
6.819,,False,"{""season"": 2024, ""team"": ""North Carolina Central""}",/lineups/team,200,2026-02-21T21:19:32.728643+00:00
0.181,,False,"{""season"": 2024, ""seasonType"": ""postseason"", ""team"": ""North Dakota""}",/games,200,2026-02-21T21:19:33.082722+00:00
13.964,,False,"{""season"": 2024, ""team"": ""North Dakota""}",/lineups/team,200,2026-02-21T21:19:47.197586+00:00
0.172,,False,"{""season"": 2024, ""seasonType"": ""postseason"", ""team"": ""North Dakota State""}",/games,200,2026-02-21T21:19:47.543655+00:00
30.64,,False,"{""season"": 2024, ""team"": ""North Dakota State""}",/lineups/team,200,2026-02-21T21:20:18.334018+00:00
0.202,,False,"{""season"": 2024, ""seasonType"": ""postseason"", ""team"": ""North Florida""}",/games,200,2026-02-21T21:20:18.706746+00:00
11.623,,False,"{""season"": 2024, ""team"": ""North Florida""}",/lineups/team,200,2026-02-21T21:20:30.480657+00:00
0.179,,False,"{""season"": 2024, ""seasonType"": ""postseason"", ""team"": ""North Texas""}",/games,200,2026-02-21T21:20:30.827653+00:00
0.238,,False,"{""endDateRange"": ""2024-03-23"", ""season"": 2024, ""startDateRange"": ""2024-03-19"", ""team"": ""North Texas""}",/lineups/team,200,2026-02-21T21:20:31.216748+00:00
0.171,,False,"{""season"": 2024, ""seasonType"": ""postseason"", ""team"": ""Northeastern""}",/games,200,2026-02-21T21:20:31.540289+00:00
18.793,,False,"{""season"": 2024, ""team"": ""Northeastern""}",/lineups/team,200,2026-02-21T21:20:50.484230+00:00
0.183,,False,"{""season"": 2024, ""seasonType"": ""postseason"", ""team"": ""Northern Arizona""}",/games,200,2026-02-21T21:20:50.847366+00:00
19.491,,False,"{""season"": 2024, ""team"": ""Northern Arizona""}",/lineups/team,200,2026-02-21T21:21:10.488610+00:00
0.171,,False,"{""season"": 2024, ""seasonType"": ""postseason"", ""team"": ""Northern Colorado""}",/games,200,2026-02-21T21:21:10.835062+00:00
0.181,,False,"{""endDateRange"": ""2024-03-24"", ""season"": 2024, ""startDateRange"": ""2024-03-24"", ""team"": ""Northern Colorado""}",/lineups/team,200,2026-02-21T21:21:11.166940+00:00
0.181,,False,"{""season"": 2024, ""seasonType"": ""postseason"", ""team"": ""Northern Illinois""}",/games,200,2026-02-21T21:21:11.498575+00:00
9.74,,False,"{""season"": 2024, ""team"": ""Northern Illinois""}",/lineups/team,200,2026-02-21T21:21:21.389199+00:00
0.47,,False,"{""season"": 2024, ""seasonType"": ""postseason"", ""team"": ""Northern Iowa""}",/games,200,2026-02-21T21:21:22.035917+00:00
16.534,,False,"{""season"": 2024, ""team"": ""Northern Iowa""}",/lineups/team,200,2026-02-21T21:21:38.720924+00:00
0.173,,False,"{""season"": 2024, ""seasonType"": ""postseason"", ""team"": ""Northern Kentucky""}",/games,200,2026-02-21T21:21:39.065834+00:00
14.597,,False,"{""season"": 2024, ""team"": ""Northern Kentucky""}",/lineups/team,200,2026-02-21T21:21:53.813922+00:00
0.181,,False,"{""season"": 2024, ""seasonType"": ""postseason"", ""team"": ""Northwestern""}",/games,200,2026-02-21T21:21:54.158876+00:00
0.25,,False,"{""endDateRange"": ""2024-03-24"", ""season"": 2024, ""startDateRange"": ""2024-03-22"", ""team"": ""Northwestern""}",/lineups/team,200,2026-02-21T21:21:54.559409+00:00
0.179,,False,"{""season"": 2024, ""seasonType"": ""postseason"", ""team"": ""Northwestern State""}",/games,200,2026-02-21T21:21:54.890490+00:00
17.861,,False,"{""season"": 2024, ""team"": ""Northwestern State""}",/lineups/team,200,2026-02-21T21:22:12.902458+00:00
0.26,,False,"{""season"": 2024, ""seasonType"": ""postseason"", ""team"": ""Notre Dame""}",/games,200,2026-02-21T21:22:13.335796+00:00
24.791,,False,"{""season"": 2024, ""team"": ""Notre Dame""}",/lineups/team,200,2026-02-21T21:22:38.277184+00:00
0.18,,False,"{""season"": 2024, ""seasonType"": ""postseason"", ""team"": ""Oakland""}",/games,200,2026-02-21T21:22:38.623495+00:00
0.2,,False,"{""endDateRange"": ""2024-03-23"", ""season"": 2024, ""startDateRange"": ""2024-03-21"", ""team"": ""Oakland""}",/lineups/team,200,2026-02-21T21:22:38.974330+00:00
0.186,,False,"{""season"": 2024, ""seasonType"": ""postseason"", ""team"": ""Ohio""}",/games,200,2026-02-21T21:22:39.312335+00:00
11.778,,False,"{""season"": 2024, ""team"": ""Ohio""}",/lineups/team,200,2026-02-21T21:22:51.240591+00:00
0.182,,False,"{""season"": 2024, ""seasonType"": ""postseason"", ""team"": ""Ohio State""}",/games,200,2026-02-21T21:22:51.588641+00:00
0.269,,False,"{""endDateRange"": ""2024-03-26"", ""season"": 2024, ""startDateRange"": ""2024-03-19"", ""team"": ""Ohio State""}",/lineups/team,200,2026-02-21T21:22:52.008670+00:00
0.181,,False,"{""season"": 2024, ""seasonType"": ""postseason"", ""team"": ""Oklahoma""}",/games,200,2026-02-21T21:22:52.344864+00:00
26.336,,False,"{""season"": 2024, ""team"": ""Oklahoma""}",/lineups/team,200,2026-02-21T21:23:18.831698+00:00
0.182,,False,"{""season"": 2024, ""seasonType"": ""postseason"", ""team"": ""Oklahoma State""}",/games,200,2026-02-21T21:23:19.177162+00:00
11.615,,False,"{""season"": 2024, ""team"": ""Oklahoma State""}",/lineups/team,200,2026-02-21T21:23:30.942893+00:00
0.177,,False,"{""season"": 2024, ""seasonType"": ""postseason"", ""team"": ""Old Dominion""}",/games,200,2026-02-21T21:23:31.313271+00:00
15.706,,False,"{""season"": 2024, ""team"": ""Old Dominion""}",/lineups/team,200,2026-02-21T21:23:47.170220+00:00
0.244,,False,"{""season"": 2024, ""seasonType"": ""postseason"", ""team"": ""Oral Roberts""}",/games,200,2026-02-21T21:23:47.587993+00:00
6.667,,False,"{""season"": 2024, ""team"": ""Oral Roberts""}",/lineups/team,200,2026-02-21T21:23:54.405703+00:00
0.178,,False,"{""season"": 2024, ""seasonType"": ""postseason"", ""team"": ""Oregon""}",/games,200,2026-02-21T21:23:54.746609+00:00
0.211,,False,"{""endDateRange"": ""2024-03-24"", ""season"": 2024, ""startDateRange"": ""2024-03-21"", ""team"": ""Oregon""}",/lineups/team,200,2026-02-21T21:23:55.108096+00:00
0.202,,False,"{""season"": 2024, ""seasonType"": ""postseason"", ""team"": ""Oregon State""}",/games,200,2026-02-21T21:23:55.461970+00:00
11.098,,False,"{""season"": 2024, ""team"": ""Oregon State""}",/lineups/team,200,2026-02-21T21:24:06.711048+00:00
0.188,,False,"{""season"": 2024, ""seasonType"": ""postseason"", ""team"": ""Pacific""}",/games,200,2026-02-21T21:24:07.080765+00:00
12.507,,False,"{""season"": 2024, ""team"": ""Pacific""}",/lineups/team,200,2026-02-21T21:24:19.738247+00:00
0.197,,False,"{""season"": 2024, ""seasonType"": ""postseason"", ""team"": ""Pennsylvania""}",/games,200,2026-02-21T21:24:20.148625+00:00
36.491,,False,"{""season"": 2024, ""team"": ""Pennsylvania""}",/lineups/team,200,2026-02-21T21:24:56.790556+00:00
0.195,,False,"{""season"": 2024, ""seasonType"": ""postseason"", ""team"": ""Penn State""}",/games,200,2026-02-21T21:24:57.170352+00:00
24.447,,False,"{""season"": 2024, ""team"": ""Penn State""}",/lineups/team,200,2026-02-21T21:25:21.768092+00:00
0.179,,False,"{""season"": 2024, ""seasonType"": ""postseason"", ""team"": ""Pepperdine""}",/games,200,2026-02-21T21:25:22.126734+00:00
8.198,,False,"{""season"": 2024, ""team"": ""Pepperdine""}",/lineups/team,200,2026-02-21T21:25:30.475018+00:00
0.184,,False,"{""season"": 2024, ""seasonType"": ""postseason"", ""team"": ""Pittsburgh""}",/games,200,2026-02-21T21:25:30.830155+00:00
10.239,,False,"{""season"": 2024, ""team"": ""Pittsburgh""}",/lineups/team,200,2026-02-21T21:25:41.219777+00:00
1.103,,False,"{""season"": 2024, ""seasonType"": ""postseason"", ""team"": ""Portland""}",/games,200,2026-02-21T21:25:42.497814+00:00
6.136,,False,"{""season"": 2024, ""team"": ""Portland""}",/lineups/team,200,2026-02-21T21:25:48.784221+00:00
0.222,,False,"{""season"": 2024, ""seasonType"": ""postseason"", ""team"": ""Portland State""}",/games,200,2026-02-21T21:25:49.177123+00:00
36.54,,False,"{""season"": 2024, ""team"": ""Portland State""}",/lineups/team,200,2026-02-21T21:26:25.867858+00:00
0.274,,False,"{""season"": 2024, ""seasonType"": ""postseason"", ""team"": ""Prairie View A&M""}",/games,200,2026-02-21T21:26:26.322725+00:00
39.42,,False,"{""season"": 2024, ""team"": ""Prairie View A&M""}",/lineups/team,200,2026-02-21T21:27:05.893551+00:00
0.251,,False,"{""season"": 2024, ""seasonType"": ""postseason"", ""team"": ""Presbyterian""}",/games,200,2026-02-21T21:27:06.341124+00:00
0.598,,False,"{""endDateRange"": ""2024-03-24"", ""season"": 2024, ""startDateRange"": ""2024-03-24"", ""team"": ""Presbyterian""}",/lineups/team,200,2026-02-21T21:27:07.089705+00:00
0.203,,False,"{""season"": 2024, ""seasonType"": ""postseason"", ""team"": ""Princeton""}",/games,200,2026-02-21T21:27:07.443539+00:00
0.202,,False,"{""endDateRange"": ""2024-03-21"", ""season"": 2024, ""startDateRange"": ""2024-03-21"", ""team"": ""Princeton""}",/lineups/team,200,2026-02-21T21:27:07.796376+00:00
0.181,,False,"{""season"": 2024, ""seasonType"": ""postseason"", ""team"": ""Providence""}",/games,200,2026-02-21T21:27:08.129053+00:00
0.192,,False,"{""endDateRange"": ""2024-03-19"", ""season"": 2024, ""startDateRange"": ""2024-03-19"", ""team"": ""Providence""}",/lineups/team,200,2026-02-21T21:27:08.472157+00:00
0.191,,False,"{""season"": 2024, ""seasonType"": ""postseason"", ""team"": ""Purdue""}",/games,200,2026-02-21T21:27:08.813292+00:00
0.759,,False,"{""endDateRange"": ""2024-04-09"", ""season"": 2024, ""startDateRange"": ""2024-03-22"", ""team"": ""Purdue""}",/lineups/team,200,2026-02-21T21:27:09.723445+00:00
0.232,,False,"{""season"": 2024, ""seasonType"": ""postseason"", ""team"": ""Purdue Fort Wayne""}",/games,200,2026-02-21T21:27:10.110389+00:00
0.757,,False,"{""endDateRange"": ""2024-03-27"", ""season"": 2024, ""startDateRange"": ""2024-03-20"", ""team"": ""Purdue Fort Wayne""}",/lineups/team,200,2026-02-21T21:27:11.018022+00:00
0.646,,False,"{""season"": 2024, ""seasonType"": ""postseason"", ""team"": ""Queens University""}",/games,200,2026-02-21T21:27:11.818834+00:00
40.883,,False,"{""season"": 2024, ""team"": ""Queens University""}",/lineups/team,200,2026-02-21T21:27:52.852576+00:00
0.476,,False,"{""season"": 2024, ""seasonType"": ""postseason"", ""team"": ""Quinnipiac""}",/games,200,2026-02-21T21:27:53.505375+00:00
0.195,,False,"{""endDateRange"": ""2024-03-24"", ""season"": 2024, ""startDateRange"": ""2024-03-24"", ""team"": ""Quinnipiac""}",/lineups/team,200,2026-02-21T21:27:53.850727+00:00
0.197,,False,"{""season"": 2024, ""seasonType"": ""postseason"", ""team"": ""Radford""}",/games,200,2026-02-21T21:27:54.198595+00:00
35.215,,False,"{""season"": 2024, ""team"": ""Radford""}",/lineups/team,200,2026-02-21T21:28:29.564541+00:00
0.201,,False,"{""season"": 2024, ""seasonType"": ""postseason"", ""team"": ""Rhode Island""}",/games,200,2026-02-21T21:28:29.937494+00:00
16.622,,False,"{""season"": 2024, ""team"": ""Rhode Island""}",/lineups/team,200,2026-02-21T21:28:46.710287+00:00
0.189,,False,"{""season"": 2024, ""seasonType"": ""postseason"", ""team"": ""Rice""}",/games,200,2026-02-21T21:28:47.079885+00:00
14.039,,False,"{""season"": 2024, ""team"": ""Rice""}",/lineups/team,200,2026-02-21T21:29:01.268909+00:00
0.37,,False,"{""season"": 2024, ""seasonType"": ""postseason"", ""team"": ""Richmond""}",/games,200,2026-02-21T21:29:01.810597+00:00
0.187,,False,"{""endDateRange"": ""2024-03-20"", ""season"": 2024, ""startDateRange"": ""2024-03-20"", ""team"": ""Richmond""}",/lineups/team,200,2026-02-21T21:29:02.148344+00:00
0.185,,False,"{""season"": 2024, ""seasonType"": ""postseason"", ""team"": ""Rider""}",/games,200,2026-02-21T21:29:02.484072+00:00
8.028,,False,"{""season"": 2024, ""team"": ""Rider""}",/lineups/team,200,2026-02-21T21:29:10.662787+00:00
0.206,,False,"{""season"": 2024, ""seasonType"": ""postseason"", ""team"": ""Robert Morris""}",/games,200,2026-02-21T21:29:11.037324+00:00
17.249,,False,"{""season"": 2024, ""team"": ""Robert Morris""}",/lineups/team,200,2026-02-21T21:29:28.437333+00:00
0.172,,False,"{""season"": 2024, ""seasonType"": ""postseason"", ""team"": ""Rutgers""}",/games,200,2026-02-21T21:29:28.790399+00:00
26.203,,False,"{""season"": 2024, ""team"": ""Rutgers""}",/lineups/team,200,2026-02-21T21:29:55.143866+00:00
0.606,,False,"{""season"": 2024, ""seasonType"": ""postseason"", ""team"": ""SIU Edwardsville""}",/games,200,2026-02-21T21:29:55.934545+00:00
14.185,,False,"{""season"": 2024, ""team"": ""SIU Edwardsville""}",/lineups/team,200,2026-02-21T21:30:10.270152+00:00
0.187,,False,"{""season"": 2024, ""seasonType"": ""postseason"", ""team"": ""SMU""}",/games,200,2026-02-21T21:30:10.632577+00:00
0.173,,False,"{""endDateRange"": ""2024-03-20"", ""season"": 2024, ""startDateRange"": ""2024-03-20"", ""team"": ""SMU""}",/lineups/team,200,2026-02-21T21:30:10.956189+00:00
0.444,,False,"{""season"": 2024, ""seasonType"": ""postseason"", ""team"": ""Sacramento State""}",/games,200,2026-02-21T21:30:11.550547+00:00
27.482,,False,"{""season"": 2024, ""team"": ""Sacramento State""}",/lineups/team,200,2026-02-21T21:30:39.182611+00:00
0.232,,False,"{""season"": 2024, ""seasonType"": ""postseason"", ""team"": ""Sacred Heart""}",/games,200,2026-02-21T21:30:39.586686+00:00
10.787,,False,"{""season"": 2024, ""team"": ""Sacred Heart""}",/lineups/team,200,2026-02-21T21:30:50.524759+00:00
0.182,,False,"{""season"": 2024, ""seasonType"": ""postseason"", ""team"": ""St. Francis (PA)""}",/games,200,2026-02-21T21:30:50.877953+00:00
6.284,,False,"{""season"": 2024, ""team"": ""St. Francis (PA)""}",/lineups/team,200,2026-02-21T21:30:57.312161+00:00
0.257,,False,"{""season"": 2024, ""seasonType"": ""postseason"", ""team"": ""Saint Joseph's""}",/games,200,2026-02-21T21:30:57.749775+00:00
0.177,,False,"{""endDateRange"": ""2024-03-20"", ""season"": 2024, ""startDateRange"": ""2024-03-20"", ""team"": ""Saint Joseph's""}",/lineups/team,200,2026-02-21T21:30:58.077565+00:00
0.186,,False,"{""season"": 2024, ""seasonType"": ""postseason"", ""team"": ""Saint Louis""}",/games,200,2026-02-21T21:30:58.413981+00:00
12.654,,False,"{""season"": 2024, ""team"": ""Saint Louis""}",/lineups/team,200,2026-02-21T21:31:11.218910+00:00
0.18,,False,"{""season"": 2024, ""seasonType"": ""postseason"", ""team"": ""Saint Mary's""}",/games,200,2026-02-21T21:31:11.595016+00:00
0.318,,False,"{""endDateRange"": ""2024-03-23"", ""season"": 2024, ""startDateRange"": ""2024-03-23"", ""team"": ""Saint Mary's""}",/lineups/team,200,2026-02-21T21:31:12.063887+00:00
0.175,,False,"{""season"": 2024, ""seasonType"": ""postseason"", ""team"": ""Saint Peter's""}",/games,200,2026-02-21T21:31:12.389692+00:00
0.173,,False,"{""endDateRange"": ""2024-03-22"", ""season"": 2024, ""startDateRange"": ""2024-03-22"", ""team"": ""Saint Peter's""}",/lineups/team,200,2026-02-21T21:31:12.713189+00:00
0.17,,False,"{""season"": 2024, ""seasonType"": ""postseason"", ""team"": ""Sam Houston""}",/games,200,2026-02-21T21:31:13.034259+00:00
25.809,,False,"{""season"": 2024, ""team"": ""Sam Houston""}",/lineups/team,200,2026-02-21T21:31:38.993981+00:00
0.18,,False,"{""season"": 2024, ""seasonType"": ""postseason"", ""team"": ""Samford""}",/games,200,2026-02-21T21:31:39.348332+00:00
0.253,,False,"{""endDateRange"": ""2024-03-22"", ""season"": 2024, ""startDateRange"": ""2024-03-22"", ""team"": ""Samford""}",/lineups/team,200,2026-02-21T21:31:39.752188+00:00
0.409,,False,"{""season"": 2024, ""seasonType"": ""postseason"", ""team"": ""San Diego""}",/games,200,2026-02-21T21:31:40.312189+00:00
25.341,,False,"{""season"": 2024, ""team"": ""San Diego""}",/lineups/team,200,2026-02-21T21:32:05.803828+00:00
0.192,,False,"{""season"": 2024, ""seasonType"": ""postseason"", ""team"": ""San Diego State""}",/games,200,2026-02-21T21:32:06.174301+00:00
0.259,,False,"{""endDateRange"": ""2024-03-28"", ""season"": 2024, ""startDateRange"": ""2024-03-22"", ""team"": ""San Diego State""}",/lineups/team,200,2026-02-21T21:32:06.583784+00:00
0.19,,False,"{""season"": 2024, ""seasonType"": ""postseason"", ""team"": ""San Francisco""}",/games,200,2026-02-21T21:32:06.927252+00:00
0.21,,False,"{""endDateRange"": ""2024-03-21"", ""season"": 2024, ""startDateRange"": ""2024-03-21"", ""team"": ""San Francisco""}",/lineups/team,200,2026-02-21T21:32:07.288342+00:00
0.773,,False,"{""season"": 2024, ""seasonType"": ""postseason"", ""team"": ""San Jos\u00e9 State""}",/games,200,2026-02-21T21:32:08.211867+00:00
9.546,,False,"{""season"": 2024, ""team"": ""San Jos\u00e9 State""}",/lineups/team,200,2026-02-21T21:32:17.908619+00:00
0.177,,False,"{""season"": 2024, ""seasonType"": ""postseason"", ""team"": ""Santa Clara""}",/games,200,2026-02-21T21:32:18.258352+00:00
24.858,,False,"{""season"": 2024, ""team"": ""Santa Clara""}",/lineups/team,200,2026-02-21T21:32:43.266899+00:00
0.182,,False,"{""season"": 2024, ""seasonType"": ""postseason"", ""team"": ""Seattle U""}",/games,200,2026-02-21T21:32:43.631260+00:00
0.279,,False,"{""endDateRange"": ""2024-03-27"", ""season"": 2024, ""startDateRange"": ""2024-03-23"", ""team"": ""Seattle U""}",/lineups/team,200,2026-02-21T21:32:44.060573+00:00
0.18,,False,"{""season"": 2024, ""seasonType"": ""postseason"", ""team"": ""Seton Hall""}",/games,200,2026-02-21T21:32:44.396161+00:00
0.922,,False,"{""endDateRange"": ""2024-04-04"", ""season"": 2024, ""startDateRange"": ""2024-03-20"", ""team"": ""Seton Hall""}",/lineups/team,200,2026-02-21T21:32:45.468708+00:00
0.177,,False,"{""season"": 2024, ""seasonType"": ""postseason"", ""team"": ""Siena""}",/games,200,2026-02-21T21:32:45.800563+00:00
11.48,,False,"{""season"": 2024, ""team"": ""Siena""}",/lineups/team,200,2026-02-21T21:32:57.431173+00:00
0.193,,False,"{""season"": 2024, ""seasonType"": ""postseason"", ""team"": ""South Alabama""}",/games,200,2026-02-21T21:32:57.812299+00:00
2.115,,False,"{""season"": 2024, ""team"": ""South Alabama""}",/lineups/team,200,2026-02-21T21:33:00.077527+00:00
0.241,,False,"{""season"": 2024, ""seasonType"": ""postseason"", ""team"": ""South Carolina""}",/games,200,2026-02-21T21:33:00.488404+00:00
0.218,,False,"{""endDateRange"": ""2024-03-21"", ""season"": 2024, ""startDateRange"": ""2024-03-21"", ""team"": ""South Carolina""}",/lineups/team,200,2026-02-21T21:33:00.857005+00:00
0.184,,False,"{""season"": 2024, ""seasonType"": ""postseason"", ""team"": ""South Carolina State""}",/games,200,2026-02-21T21:33:01.191409+00:00
27.142,,False,"{""season"": 2024, ""team"": ""South Carolina State""}",/lineups/team,200,2026-02-21T21:33:28.483729+00:00
0.181,,False,"{""season"": 2024, ""seasonType"": ""postseason"", ""team"": ""South Dakota""}",/games,200,2026-02-21T21:33:28.856938+00:00
14.436,,False,"{""season"": 2024, ""team"": ""South Dakota""}",/lineups/team,200,2026-02-21T21:33:43.443805+00:00
0.176,,False,"{""season"": 2024, ""seasonType"": ""postseason"", ""team"": ""South Dakota State""}",/games,200,2026-02-21T21:33:43.796842+00:00
0.192,,False,"{""endDateRange"": ""2024-03-21"", ""season"": 2024, ""startDateRange"": ""2024-03-21"", ""team"": ""South Dakota State""}",/lineups/team,200,2026-02-21T21:33:44.139162+00:00
0.177,,False,"{""season"": 2024, ""seasonType"": ""postseason"", ""team"": ""South Florida""}",/games,200,2026-02-21T21:33:44.467064+00:00
0.223,,False,"{""endDateRange"": ""2024-03-24"", ""season"": 2024, ""startDateRange"": ""2024-03-20"", ""team"": ""South Florida""}",/lineups/team,200,2026-02-21T21:33:44.840454+00:00
0.45,,False,"{""season"": 2024, ""seasonType"": ""postseason"", ""team"": ""Southeast Missouri State""}",/games,200,2026-02-21T21:33:45.443382+00:00
24.233,,False,"{""season"": 2024, ""team"": ""Southeast Missouri State""}",/lineups/team,200,2026-02-21T21:34:09.826614+00:00
0.731,,False,"{""season"": 2024, ""seasonType"": ""postseason"", ""team"": ""SE Louisiana""}",/games,200,2026-02-21T21:34:10.754787+00:00
7.849,,False,"{""season"": 2024, ""team"": ""SE Louisiana""}",/lineups/team,200,2026-02-21T21:34:18.754287+00:00
0.175,,False,"{""season"": 2024, ""seasonType"": ""postseason"", ""team"": ""Southern""}",/games,200,2026-02-21T21:34:19.099599+00:00
6.323,,False,"{""season"": 2024, ""team"": ""Southern""}",/lineups/team,200,2026-02-21T21:34:25.572635+00:00
0.176,,False,"{""season"": 2024, ""seasonType"": ""postseason"", ""team"": ""Southern Illinois""}",/games,200,2026-02-21T21:34:25.926027+00:00
9.872,,False,"{""season"": 2024, ""team"": ""Southern Illinois""}",/lineups/team,200,2026-02-21T21:34:35.948143+00:00
0.971,,False,"{""season"": 2024, ""seasonType"": ""postseason"", ""team"": ""Southern Indiana""}",/games,200,2026-02-21T21:34:37.089857+00:00
8.659,,False,"{""season"": 2024, ""team"": ""Southern Indiana""}",/lineups/team,200,2026-02-21T21:34:45.899107+00:00
0.17,,False,"{""season"": 2024, ""seasonType"": ""postseason"", ""team"": ""Southern Miss""}",/games,200,2026-02-21T21:34:46.241270+00:00
6.04,,False,"{""season"": 2024, ""team"": ""Southern Miss""}",/lineups/team,200,2026-02-21T21:34:52.431315+00:00
0.172,,False,"{""season"": 2024, ""seasonType"": ""postseason"", ""team"": ""Southern Utah""}",/games,200,2026-02-21T21:34:52.777838+00:00
7.926,,False,"{""season"": 2024, ""team"": ""Southern Utah""}",/lineups/team,200,2026-02-21T21:35:00.854080+00:00
0.179,,False,"{""season"": 2024, ""seasonType"": ""postseason"", ""team"": ""St. Bonaventure""}",/games,200,2026-02-21T21:35:01.209347+00:00
11.068,,False,"{""season"": 2024, ""team"": ""St. Bonaventure""}",/lineups/team,200,2026-02-21T21:35:12.427621+00:00
0.169,,False,"{""season"": 2024, ""seasonType"": ""postseason"", ""team"": ""St. John's""}",/games,200,2026-02-21T21:35:12.757014+00:00
14.4,,False,"{""season"": 2024, ""team"": ""St. John's""}",/lineups/team,200,2026-02-21T21:35:27.307900+00:00
0.165,,False,"{""season"": 2024, ""seasonType"": ""postseason"", ""team"": ""Stanford""}",/games,200,2026-02-21T21:35:27.654661+00:00
12.363,,False,"{""season"": 2024, ""team"": ""Stanford""}",/lineups/team,200,2026-02-21T21:35:40.167892+00:00
0.937,,False,"{""season"": 2024, ""seasonType"": ""postseason"", ""team"": ""Stephen F. Austin""}",/games,200,2026-02-21T21:35:41.276850+00:00
51.137,,False,"{""season"": 2024, ""team"": ""Stephen F. Austin""}",/lineups/team,200,2026-02-21T21:36:32.564189+00:00
0.298,,False,"{""season"": 2024, ""seasonType"": ""postseason"", ""team"": ""Stetson""}",/games,200,2026-02-21T21:36:33.048402+00:00
0.337,,False,"{""endDateRange"": ""2024-03-22"", ""season"": 2024, ""startDateRange"": ""2024-03-22"", ""team"": ""Stetson""}",/lineups/team,200,2026-02-21T21:36:33.535866+00:00
0.204,,False,"{""season"": 2024, ""seasonType"": ""postseason"", ""team"": ""Stonehill""}",/games,200,2026-02-21T21:36:33.890392+00:00
27.983,,False,"{""season"": 2024, ""team"": ""Stonehill""}",/lineups/team,200,2026-02-21T21:37:02.024035+00:00
0.212,,False,"{""season"": 2024, ""seasonType"": ""postseason"", ""team"": ""Stony Brook""}",/games,200,2026-02-21T21:37:02.427973+00:00
20.184,,False,"{""season"": 2024, ""team"": ""Stony Brook""}",/lineups/team,200,2026-02-21T21:37:22.762829+00:00
0.212,,False,"{""season"": 2024, ""seasonType"": ""postseason"", ""team"": ""Syracuse""}",/games,200,2026-02-21T21:37:23.144788+00:00
6.371,,False,"{""season"": 2024, ""team"": ""Syracuse""}",/lineups/team,200,2026-02-21T21:37:29.666359+00:00
0.558,,False,"{""season"": 2024, ""seasonType"": ""postseason"", ""team"": ""TCU""}",/games,200,2026-02-21T21:37:30.387888+00:00
0.18,,False,"{""endDateRange"": ""2024-03-23"", ""season"": 2024, ""startDateRange"": ""2024-03-23"", ""team"": ""TCU""}",/lineups/team,200,2026-02-21T21:37:30.718257+00:00
0.184,,False,"{""season"": 2024, ""seasonType"": ""postseason"", ""team"": ""Tarleton State""}",/games,200,2026-02-21T21:37:31.052410+00:00
0.249,,False,"{""endDateRange"": ""2024-03-25"", ""season"": 2024, ""startDateRange"": ""2024-03-19"", ""team"": ""Tarleton State""}",/lineups/team,200,2026-02-21T21:37:31.452517+00:00
0.25,,False,"{""season"": 2024, ""seasonType"": ""postseason"", ""team"": ""Temple""}",/games,200,2026-02-21T21:37:31.855449+00:00
13.408,,False,"{""season"": 2024, ""team"": ""Temple""}",/lineups/team,200,2026-02-21T21:37:45.413927+00:00
0.181,,False,"{""season"": 2024, ""seasonType"": ""postseason"", ""team"": ""Tennessee""}",/games,200,2026-02-21T21:37:45.771099+00:00
0.428,,False,"{""endDateRange"": ""2024-03-31"", ""season"": 2024, ""startDateRange"": ""2024-03-22"", ""team"": ""Tennessee""}",/lineups/team,200,2026-02-21T21:37:46.350068+00:00
0.182,,False,"{""season"": 2024, ""seasonType"": ""postseason"", ""team"": ""UT Martin""}",/games,200,2026-02-21T21:37:46.686597+00:00
9.367,,False,"{""season"": 2024, ""team"": ""UT Martin""}",/lineups/team,200,2026-02-21T21:37:56.204247+00:00
0.207,,False,"{""season"": 2024, ""seasonType"": ""postseason"", ""team"": ""Tennessee State""}",/games,200,2026-02-21T21:37:56.581143+00:00
20.063,,False,"{""season"": 2024, ""team"": ""Tennessee State""}",/lineups/team,200,2026-02-21T21:38:16.794309+00:00
0.2,,False,"{""season"": 2024, ""seasonType"": ""postseason"", ""team"": ""Tennessee Tech""}",/games,200,2026-02-21T21:38:17.179228+00:00
10.341,,False,"{""season"": 2024, ""team"": ""Tennessee Tech""}",/lineups/team,200,2026-02-21T21:38:27.670611+00:00
0.187,,False,"{""season"": 2024, ""seasonType"": ""postseason"", ""team"": ""Texas""}",/games,200,2026-02-21T21:38:28.031470+00:00
0.206,,False,"{""endDateRange"": ""2024-03-24"", ""season"": 2024, ""startDateRange"": ""2024-03-21"", ""team"": ""Texas""}",/lineups/team,200,2026-02-21T21:38:28.387982+00:00
0.208,,False,"{""season"": 2024, ""seasonType"": ""postseason"", ""team"": ""Texas A&M""}",/games,200,2026-02-21T21:38:28.748098+00:00
0.368,,False,"{""endDateRange"": ""2024-03-25"", ""season"": 2024, ""startDateRange"": ""2024-03-22"", ""team"": ""Texas A&M""}",/lineups/team,200,2026-02-21T21:38:29.266291+00:00
0.587,,False,"{""season"": 2024, ""seasonType"": ""postseason"", ""team"": ""Texas A&M-Corpus Christi""}",/games,200,2026-02-21T21:38:30.007002+00:00
0.213,,False,"{""endDateRange"": ""2024-03-20"", ""season"": 2024, ""startDateRange"": ""2024-03-20"", ""team"": ""Texas A&M-Corpus Christi""}",/lineups/team,200,2026-02-21T21:38:30.370936+00:00
0.179,,False,"{""season"": 2024, ""seasonType"": ""postseason"", ""team"": ""Texas Southern""}",/games,200,2026-02-21T21:38:30.700724+00:00
0.171,,False,"{""endDateRange"": ""2024-03-19"", ""season"": 2024, ""startDateRange"": ""2024-03-19"", ""team"": ""Texas Southern""}",/lineups/team,200,2026-02-21T21:38:31.022840+00:00
0.183,,False,"{""season"": 2024, ""seasonType"": ""postseason"", ""team"": ""Texas State""}",/games,200,2026-02-21T21:38:31.356665+00:00
15.537,,False,"{""season"": 2024, ""team"": ""Texas State""}",/lineups/team,200,2026-02-21T21:38:47.044502+00:00
0.786,,False,"{""season"": 2024, ""seasonType"": ""postseason"", ""team"": ""Texas Tech""}",/games,200,2026-02-21T21:38:48.012672+00:00
0.188,,False,"{""endDateRange"": ""2024-03-22"", ""season"": 2024, ""startDateRange"": ""2024-03-22"", ""team"": ""Texas Tech""}",/lineups/team,200,2026-02-21T21:38:48.351018+00:00
0.218,,False,"{""season"": 2024, ""seasonType"": ""postseason"", ""team"": ""The Citadel""}",/games,200,2026-02-21T21:38:48.719817+00:00
17.767,,False,"{""season"": 2024, ""team"": ""The Citadel""}",/lineups/team,200,2026-02-21T21:39:06.637034+00:00
0.176,,False,"{""season"": 2024, ""seasonType"": ""postseason"", ""team"": ""Toledo""}",/games,200,2026-02-21T21:39:06.989464+00:00
20.391,,False,"{""season"": 2024, ""team"": ""Toledo""}",/lineups/team,200,2026-02-21T21:39:27.531260+00:00
0.186,,False,"{""season"": 2024, ""seasonType"": ""postseason"", ""team"": ""Towson""}",/games,200,2026-02-21T21:39:27.883375+00:00
60.099,exception,False,"{""season"": 2024, ""team"": ""Towson""}",/lineups/team,0,2026-02-21T21:40:28.133021+00:00
0.227,,False,"{""season"": 2024, ""seasonType"": ""postseason"", ""team"": ""Troy""}",/games,200,2026-02-21T21:40:28.510848+00:00
8.428,,False,"{""season"": 2024, ""team"": ""Troy""}",/lineups/team,200,2026-02-21T21:40:37.089473+00:00
0.794,,False,"{""season"": 2024, ""seasonType"": ""postseason"", ""team"": ""Tulane""}",/games,200,2026-02-21T21:40:38.046163+00:00
13.434,,False,"{""season"": 2024, ""team"": ""Tulane""}",/lineups/team,200,2026-02-21T21:40:51.630644+00:00
0.199,,False,"{""season"": 2024, ""seasonType"": ""postseason"", ""team"": ""Tulsa""}",/games,200,2026-02-21T21:40:51.993651+00:00
13.008,,False,"{""season"": 2024, ""team"": ""Tulsa""}",/lineups/team,200,2026-02-21T21:41:05.152211+00:00
0.176,,False,"{""season"": 2024, ""seasonType"": ""postseason"", ""team"": ""UAB""}",/games,200,2026-02-21T21:41:05.485768+00:00
0.752,,False,"{""endDateRange"": ""2024-03-22"", ""season"": 2024, ""startDateRange"": ""2024-03-22"", ""team"": ""UAB""}",/lineups/team,200,2026-02-21T21:41:06.388711+00:00
0.213,,False,"{""season"": 2024, ""seasonType"": ""postseason"", ""team"": ""UC Davis""}",/games,200,2026-02-21T21:41:06.752761+00:00
29.379,,False,"{""season"": 2024, ""team"": ""UC Davis""}",/lineups/team,200,2026-02-21T21:41:36.282348+00:00
0.233,,False,"{""season"": 2024, ""seasonType"": ""postseason"", ""team"": ""UC Irvine""}",/games,200,2026-02-21T21:41:36.692066+00:00
0.185,,False,"{""endDateRange"": ""2024-03-20"", ""season"": 2024, ""startDateRange"": ""2024-03-20"", ""team"": ""UC Irvine""}",/lineups/team,200,2026-02-21T21:41:37.027860+00:00
0.181,,False,"{""season"": 2024, ""seasonType"": ""postseason"", ""team"": ""UC Riverside""}",/games,200,2026-02-21T21:41:37.359452+00:00
33.485,,False,"{""season"": 2024, ""team"": ""UC Riverside""}",/lineups/team,200,2026-02-21T21:42:10.995525+00:00
0.177,,False,"{""season"": 2024, ""seasonType"": ""postseason"", ""team"": ""UC San Diego""}",/games,200,2026-02-21T21:42:11.350441+00:00
0.176,,False,"{""endDateRange"": ""2024-03-23"", ""season"": 2024, ""startDateRange"": ""2024-03-23"", ""team"": ""UC San Diego""}",/lineups/team,200,2026-02-21T21:42:11.677650+00:00
0.174,,False,"{""season"": 2024, ""seasonType"": ""postseason"", ""team"": ""UC Santa Barbara""}",/games,200,2026-02-21T21:42:12.002039+00:00
60.052,exception,False,"{""season"": 2024, ""team"": ""UC Santa Barbara""}",/lineups/team,0,2026-02-21T21:43:12.204526+00:00
0.229,,False,"{""season"": 2024, ""seasonType"": ""postseason"", ""team"": ""UCF""}",/games,200,2026-02-21T21:43:12.584255+00:00
0.171,,False,"{""endDateRange"": ""2024-03-20"", ""season"": 2024, ""startDateRange"": ""2024-03-20"", ""team"": ""UCF""}",/lineups/team,200,2026-02-21T21:43:12.905580+00:00
0.199,,False,"{""season"": 2024, ""seasonType"": ""postseason"", ""team"": ""UCLA""}",/games,200,2026-02-21T21:43:13.254844+00:00
24.981,,False,"{""season"": 2024, ""team"": ""UCLA""}",/lineups/team,200,2026-02-21T21:43:38.386103+00:00
0.582,,False,"{""season"": 2024, ""seasonType"": ""postseason"", ""team"": ""UMBC""}",/games,200,2026-02-21T21:43:39.143806+00:00
15.815,,False,"{""season"": 2024, ""team"": ""UMBC""}",/lineups/team,200,2026-02-21T21:43:55.109155+00:00
0.705,,False,"{""season"": 2024, ""seasonType"": ""postseason"", ""team"": ""Kansas City""}",/games,200,2026-02-21T21:43:55.997820+00:00
26.538,,False,"{""season"": 2024, ""team"": ""Kansas City""}",/lineups/team,200,2026-02-21T21:44:22.686046+00:00
0.174,,False,"{""season"": 2024, ""seasonType"": ""postseason"", ""team"": ""UMass Lowell""}",/games,200,2026-02-21T21:44:23.039770+00:00
5.065,,False,"{""season"": 2024, ""team"": ""UMass Lowell""}",/lineups/team,200,2026-02-21T21:44:28.255390+00:00
0.179,,False,"{""season"": 2024, ""seasonType"": ""postseason"", ""team"": ""UNC Asheville""}",/games,200,2026-02-21T21:44:28.599615+00:00
22.266,,False,"{""season"": 2024, ""team"": ""UNC Asheville""}",/lineups/team,200,2026-02-21T21:44:51.015563+00:00
0.187,,False,"{""season"": 2024, ""seasonType"": ""postseason"", ""team"": ""UNC Greensboro""}",/games,200,2026-02-21T21:44:51.371077+00:00
33.569,,False,"{""season"": 2024, ""team"": ""UNC Greensboro""}",/lineups/team,200,2026-02-21T21:45:25.090955+00:00
0.659,,False,"{""season"": 2024, ""seasonType"": ""postseason"", ""team"": ""UNC Wilmington""}",/games,200,2026-02-21T21:45:25.928850+00:00
36.052,,False,"{""season"": 2024, ""team"": ""UNC Wilmington""}",/lineups/team,200,2026-02-21T21:46:02.131761+00:00
0.232,,False,"{""season"": 2024, ""seasonType"": ""postseason"", ""team"": ""UNLV""}",/games,200,2026-02-21T21:46:02.544046+00:00
0.608,,False,"{""endDateRange"": ""2024-03-27"", ""season"": 2024, ""startDateRange"": ""2024-03-21"", ""team"": ""UNLV""}",/lineups/team,200,2026-02-21T21:46:03.302280+00:00
0.181,,False,"{""season"": 2024, ""seasonType"": ""postseason"", ""team"": ""USC""}",/games,200,2026-02-21T21:46:03.636544+00:00
20.381,,False,"{""season"": 2024, ""team"": ""USC""}",/lineups/team,200,2026-02-21T21:46:24.167607+00:00
0.191,,False,"{""season"": 2024, ""seasonType"": ""postseason"", ""team"": ""South Carolina Upstate""}",/games,200,2026-02-21T21:46:24.545058+00:00
12.911,,False,"{""season"": 2024, ""team"": ""South Carolina Upstate""}",/lineups/team,200,2026-02-21T21:46:37.606733+00:00
0.183,,False,"{""season"": 2024, ""seasonType"": ""postseason"", ""team"": ""UT Arlington""}",/games,200,2026-02-21T21:46:37.967021+00:00
9.196,,False,"{""season"": 2024, ""team"": ""UT Arlington""}",/lineups/team,200,2026-02-21T21:46:47.313240+00:00
0.181,,False,"{""season"": 2024, ""seasonType"": ""postseason"", ""team"": ""UT Rio Grande Valley""}",/games,200,2026-02-21T21:46:47.676824+00:00
9.636,,False,"{""season"": 2024, ""team"": ""UT Rio Grande Valley""}",/lineups/team,200,2026-02-21T21:46:57.463162+00:00
0.179,,False,"{""season"": 2024, ""seasonType"": ""postseason"", ""team"": ""UTEP""}",/games,200,2026-02-21T21:46:57.826254+00:00
23.972,,False,"{""season"": 2024, ""team"": ""UTEP""}",/lineups/team,200,2026-02-21T21:47:21.948667+00:00
0.201,,False,"{""season"": 2024, ""seasonType"": ""postseason"", ""team"": ""UTSA""}",/games,200,2026-02-21T21:47:22.332323+00:00
19.632,,False,"{""season"": 2024, ""team"": ""UTSA""}",/lineups/team,200,2026-02-21T21:47:42.114936+00:00
0.182,,False,"{""season"": 2024, ""seasonType"": ""postseason"", ""team"": ""Utah""}",/games,200,2026-02-21T21:47:42.471065+00:00
0.455,,False,"{""endDateRange"": ""2024-04-02"", ""season"": 2024, ""startDateRange"": ""2024-03-20"", ""team"": ""Utah""}",/lineups/team,200,2026-02-21T21:47:43.076869+00:00
0.175,,False,"{""season"": 2024, ""seasonType"": ""postseason"", ""team"": ""Utah State""}",/games,200,2026-02-21T21:47:43.405887+00:00
0.246,,False,"{""endDateRange"": ""2024-03-24"", ""season"": 2024, ""startDateRange"": ""2024-03-23"", ""team"": ""Utah State""}",/lineups/team,200,2026-02-21T21:47:43.802076+00:00
0.453,,False,"{""season"": 2024, ""seasonType"": ""postseason"", ""team"": ""Utah Tech""}",/games,200,2026-02-21T21:47:44.407506+00:00
13.217,,False,"{""season"": 2024, ""team"": ""Utah Tech""}",/lineups/team,200,2026-02-21T21:47:57.775257+00:00
0.182,,False,"{""season"": 2024, ""seasonType"": ""postseason"", ""team"": ""Utah Valley""}",/games,200,2026-02-21T21:47:58.140704+00:00
16.357,,False,"{""season"": 2024, ""team"": ""Utah Valley""}",/lineups/team,200,2026-02-21T21:48:14.648214+00:00
0.177,,False,"{""season"": 2024, ""seasonType"": ""postseason"", ""team"": ""VCU""}",/games,200,2026-02-21T21:48:15.008058+00:00
0.257,,False,"{""endDateRange"": ""2024-03-28"", ""season"": 2024, ""startDateRange"": ""2024-03-21"", ""team"": ""VCU""}",/lineups/team,200,2026-02-21T21:48:15.415679+00:00
0.197,,False,"{""season"": 2024, ""seasonType"": ""postseason"", ""team"": ""VMI""}",/games,200,2026-02-21T21:48:15.765613+00:00
22.117,,False,"{""season"": 2024, ""team"": ""VMI""}",/lineups/team,200,2026-02-21T21:48:38.032880+00:00
0.22,,False,"{""season"": 2024, ""seasonType"": ""postseason"", ""team"": ""Valparaiso""}",/games,200,2026-02-21T21:48:38.422376+00:00
9.829,,False,"{""season"": 2024, ""team"": ""Valparaiso""}",/lineups/team,200,2026-02-21T21:48:48.402249+00:00
0.191,,False,"{""season"": 2024, ""seasonType"": ""postseason"", ""team"": ""Vanderbilt""}",/games,200,2026-02-21T21:48:48.764897+00:00
8.477,,False,"{""season"": 2024, ""team"": ""Vanderbilt""}",/lineups/team,200,2026-02-21T21:48:57.392903+00:00
0.18,,False,"{""season"": 2024, ""seasonType"": ""postseason"", ""team"": ""Vermont""}",/games,200,2026-02-21T21:48:57.760105+00:00
0.195,,False,"{""endDateRange"": ""2024-03-22"", ""season"": 2024, ""startDateRange"": ""2024-03-22"", ""team"": ""Vermont""}",/lineups/team,200,2026-02-21T21:48:58.105507+00:00
0.175,,False,"{""season"": 2024, ""seasonType"": ""postseason"", ""team"": ""Villanova""}",/games,200,2026-02-21T21:48:58.431030+00:00
0.788,,False,"{""endDateRange"": ""2024-03-21"", ""season"": 2024, ""startDateRange"": ""2024-03-21"", ""team"": ""Villanova""}",/lineups/team,200,2026-02-21T21:48:59.369537+00:00
0.237,,False,"{""season"": 2024, ""seasonType"": ""postseason"", ""team"": ""Virginia""}",/games,200,2026-02-21T21:48:59.757240+00:00
0.245,,False,"{""endDateRange"": ""2024-03-20"", ""season"": 2024, ""startDateRange"": ""2024-03-20"", ""team"": ""Virginia""}",/lineups/team,200,2026-02-21T21:49:00.152741+00:00
0.193,,False,"{""season"": 2024, ""seasonType"": ""postseason"", ""team"": ""Virginia Tech""}",/games,200,2026-02-21T21:49:00.496633+00:00
0.294,,False,"{""endDateRange"": ""2024-03-23"", ""season"": 2024, ""startDateRange"": ""2024-03-20"", ""team"": ""Virginia Tech""}",/lineups/team,200,2026-02-21T21:49:00.941742+00:00
0.193,,False,"{""season"": 2024, ""seasonType"": ""postseason"", ""team"": ""Wagner""}",/games,200,2026-02-21T21:49:01.286929+00:00
0.214,,False,"{""endDateRange"": ""2024-03-21"", ""season"": 2024, ""startDateRange"": ""2024-03-19"", ""team"": ""Wagner""}",/lineups/team,200,2026-02-21T21:49:01.651278+00:00
0.289,,False,"{""season"": 2024, ""seasonType"": ""postseason"", ""team"": ""Wake Forest""}",/games,200,2026-02-21T21:49:02.091536+00:00
0.811,,False,"{""endDateRange"": ""2024-03-24"", ""season"": 2024, ""startDateRange"": ""2024-03-21"", ""team"": ""Wake Forest""}",/lineups/team,200,2026-02-21T21:49:03.052703+00:00
0.182,,False,"{""season"": 2024, ""seasonType"": ""postseason"", ""team"": ""Washington""}",/games,200,2026-02-21T21:49:03.390652+00:00
9.721,,False,"{""season"": 2024, ""team"": ""Washington""}",/lineups/team,200,2026-02-21T21:49:13.261846+00:00
0.18,,False,"{""season"": 2024, ""seasonType"": ""postseason"", ""team"": ""Washington State""}",/games,200,2026-02-21T21:49:13.610488+00:00
0.221,,False,"{""endDateRange"": ""2024-03-23"", ""season"": 2024, ""startDateRange"": ""2024-03-22"", ""team"": ""Washington State""}",/lineups/team,200,2026-02-21T21:49:13.982108+00:00
0.201,,False,"{""season"": 2024, ""seasonType"": ""postseason"", ""team"": ""Weber State""}",/games,200,2026-02-21T21:49:14.335081+00:00
12.381,,False,"{""season"": 2024, ""team"": ""Weber State""}",/lineups/team,200,2026-02-21T21:49:26.866475+00:00
0.357,,False,"{""season"": 2024, ""seasonType"": ""postseason"", ""team"": ""West Virginia""}",/games,200,2026-02-21T21:49:27.389358+00:00
8.729,,False,"{""season"": 2024, ""team"": ""West Virginia""}",/lineups/team,200,2026-02-21T21:49:36.268492+00:00
0.173,,False,"{""season"": 2024, ""seasonType"": ""postseason"", ""team"": ""Western Carolina""}",/games,200,2026-02-21T21:49:36.614337+00:00
7.338,,False,"{""season"": 2024, ""team"": ""Western Carolina""}",/lineups/team,200,2026-02-21T21:49:44.102716+00:00
0.176,,False,"{""season"": 2024, ""seasonType"": ""postseason"", ""team"": ""Western Illinois""}",/games,200,2026-02-21T21:49:44.442959+00:00
10.968,,False,"{""season"": 2024, ""team"": ""Western Illinois""}",/lineups/team,200,2026-02-21T21:49:55.561886+00:00
0.178,,False,"{""season"": 2024, ""seasonType"": ""postseason"", ""team"": ""Western Kentucky""}",/games,200,2026-02-21T21:49:55.914698+00:00
0.17,,False,"{""endDateRange"": ""2024-03-22"", ""season"": 2024, ""startDateRange"": ""2024-03-22"", ""team"": ""Western Kentucky""}",/lineups/team,200,2026-02-21T21:49:56.235821+00:00
0.176,,False,"{""season"": 2024, ""seasonType"": ""postseason"", ""team"": ""Western Michigan""}",/games,200,2026-02-21T21:49:56.562282+00:00
21.344,,False,"{""season"": 2024, ""team"": ""Western Michigan""}",/lineups/team,200,2026-02-21T21:50:18.057239+00:00
0.318,,False,"{""season"": 2024, ""seasonType"": ""postseason"", ""team"": ""Wichita State""}",/games,200,2026-02-21T21:50:18.541927+00:00
9.77,,False,"{""season"": 2024, ""team"": ""Wichita State""}",/lineups/team,200,2026-02-21T21:50:28.462725+00:00
0.17,,False,"{""season"": 2024, ""seasonType"": ""postseason"", ""team"": ""William & Mary""}",/games,200,2026-02-21T21:50:28.798947+00:00
35.55,,False,"{""season"": 2024, ""team"": ""William & Mary""}",/lineups/team,200,2026-02-21T21:51:04.499848+00:00
0.184,,False,"{""season"": 2024, ""seasonType"": ""postseason"", ""team"": ""Winthrop""}",/games,200,2026-02-21T21:51:04.853797+00:00
55.622,,False,"{""season"": 2024, ""team"": ""Winthrop""}",/lineups/team,200,2026-02-21T21:52:00.625920+00:00
0.184,,False,"{""season"": 2024, ""seasonType"": ""postseason"", ""team"": ""Wisconsin""}",/games,200,2026-02-21T21:52:00.999712+00:00
0.215,,False,"{""endDateRange"": ""2024-03-23"", ""season"": 2024, ""startDateRange"": ""2024-03-23"", ""team"": ""Wisconsin""}",/lineups/team,200,2026-02-21T21:52:01.365477+00:00
0.257,,False,"{""season"": 2024, ""seasonType"": ""postseason"", ""team"": ""Wofford""}",/games,200,2026-02-21T21:52:01.773218+00:00
52.777,,False,"{""season"": 2024, ""team"": ""Wofford""}",/lineups/team,200,2026-02-21T21:52:54.700359+00:00
0.222,,False,"{""season"": 2024, ""seasonType"": ""postseason"", ""team"": ""Wright State""}",/games,200,2026-02-21T21:52:55.093805+00:00
12.535,,False,"{""season"": 2024, ""team"": ""Wright State""}",/lineups/team,200,2026-02-21T21:53:07.779132+00:00
0.214,,False,"{""season"": 2024, ""seasonType"": ""postseason"", ""team"": ""Wyoming""}",/games,200,2026-02-21T21:53:08.157017+00:00
6.583,,False,"{""season"": 2024, ""team"": ""Wyoming""}",/lineups/team,200,2026-02-21T21:53:14.890473+00:00
0.182,,False,"{""season"": 2024, ""seasonType"": ""postseason"", ""team"": ""Xavier""}",/games,200,2026-02-21T21:53:15.237841+00:00
0.169,,False,"{""endDateRange"": ""2024-03-19"", ""season"": 2024, ""startDateRange"": ""2024-03-19"", ""team"": ""Xavier""}",/lineups/team,200,2026-02-21T21:53:15.557914+00:00
0.525,,False,"{""season"": 2024, ""seasonType"": ""postseason"", ""team"": ""Yale""}",/games,200,2026-02-21T21:53:16.233248+00:00
0.285,,False,"{""endDateRange"": ""2024-03-25"", ""season"": 2024, ""startDateRange"": ""2024-03-22"", ""team"": ""Yale""}",/lineups/team,200,2026-02-21T21:53:16.668832+00:00
0.176,,False,"{""season"": 2024, ""seasonType"": ""postseason"", ""team"": ""Youngstown State""}",/games,200,2026-02-21T21:53:16.998117+00:00
8.436,,False,"{""season"": 2024, ""team"": ""Youngstown State""}",/lineups/team,200,2026-02-21T21:53:25.584396+00:00
