duration_sec,error,from_cache,params,path,status,ts_utc
0.134,,False,"{""season"": 2025}",/teams,200,2026-02-21T22:10:31.845154+00:00
0.318,,False,"{""season"": 2025, ""seasonType"": ""regular"", ""team"": ""Abilene Christian""}",/games,200,2026-02-21T22:10:32.319862+00:00
3.787,,False,"{""endDateRange"": ""2025-03-14"", ""season"": 2025, ""startDateRange"": ""2024-11-05"", ""team"": ""Abilene Christian""}",/lineups/team,200,2026-02-21T22:10:36.259642+00:00
0.275,,False,"{""season"": 2025, ""seasonType"": ""regular"", ""team"": ""Air Force""}",/games,200,2026-02-21T22:10:36.726559+00:00
2.457,,False,"{""endDateRange"": ""2025-03-12"", ""season"": 2025, ""startDateRange"": ""2024-11-05"", ""team"": ""Air Force""}",/lineups/team,200,2026-02-21T22:10:39.335569+00:00
0.261,,False,"{""season"": 2025, ""seasonType"": ""regular"", ""team"": ""Akron""}",/games,200,2026-02-21T22:10:39.779574+00:00
3.853,,False,"{""endDateRange"": ""2025-03-15"", ""season"": 2025, ""startDateRange"": ""2024-11-05"", ""team"": ""Akron""}",/lineups/team,200,2026-02-21T22:10:43.785293+00:00
0.271,,False,"{""season"": 2025, ""seasonType"": ""regular"", ""team"": ""Alabama""}",/games,200,2026-02-21T22:10:44.241097+00:00
3.707,,False,"{""endDateRange"": ""2025-03-15"", ""season"": 2025, ""startDateRange"": ""2024-11-05"", ""team"": ""Alabama""}",/lineups/team,200,2026-02-21T22:10:48.100487+00:00
0.301,,False,"{""season"": 2025, ""seasonType"": ""regular"", ""team"": ""Alabama A&M""}",/games,200,2026-02-21T22:10:48.588168+00:00
3.833,,False,"{""endDateRange"": ""2025-03-11"", ""season"": 2025, ""startDateRange"": ""2024-11-07"", ""team"": ""Alabama A&M""}",/lineups/team,200,2026-02-21T22:10:52.573033+00:00
0.3,,False,"{""season"": 2025, ""seasonType"": ""regular"", ""team"": ""Alabama State""}",/games,200,2026-02-21T22:10:53.103550+00:00
3.018,,False,"{""endDateRange"": ""2025-03-16"", ""season"": 2025, ""startDateRange"": ""2024-11-05"", ""team"": ""Alabama State""}",/lineups/team,200,2026-02-21T22:10:56.274369+00:00
0.282,,False,"{""season"": 2025, ""seasonType"": ""regular"", ""team"": ""UAlbany""}",/games,200,2026-02-21T22:10:56.738727+00:00
4.894,,False,"{""endDateRange"": ""2025-03-12"", ""season"": 2025, ""startDateRange"": ""2024-11-05"", ""team"": ""UAlbany""}",/lineups/team,200,2026-02-21T22:11:01.785582+00:00
0.539,,False,"{""season"": 2025, ""seasonType"": ""regular"", ""team"": ""Alcorn State""}",/games,200,2026-02-21T22:11:02.509790+00:00
5.103,,False,"{""endDateRange"": ""2025-03-14"", ""season"": 2025, ""startDateRange"": ""2024-11-05"", ""team"": ""Alcorn State""}",/lineups/team,200,2026-02-21T22:11:07.765206+00:00
0.256,,False,"{""season"": 2025, ""seasonType"": ""regular"", ""team"": ""American University""}",/games,200,2026-02-21T22:11:08.232057+00:00
4.832,,False,"{""endDateRange"": ""2025-03-12"", ""season"": 2025, ""startDateRange"": ""2024-11-05"", ""team"": ""American University""}",/lineups/team,200,2026-02-21T22:11:13.216626+00:00
0.276,,False,"{""season"": 2025, ""seasonType"": ""regular"", ""team"": ""App State""}",/games,200,2026-02-21T22:11:13.682736+00:00
2.097,,False,"{""endDateRange"": ""2025-03-08"", ""season"": 2025, ""startDateRange"": ""2024-11-04"", ""team"": ""App State""}",/lineups/team,200,2026-02-21T22:11:15.931864+00:00
0.315,,False,"{""season"": 2025, ""seasonType"": ""regular"", ""team"": ""Arizona""}",/games,200,2026-02-21T22:11:16.411357+00:00
2.856,,False,"{""endDateRange"": ""2025-03-15"", ""season"": 2025, ""startDateRange"": ""2024-11-05"", ""team"": ""Arizona""}",/lineups/team,200,2026-02-21T22:11:19.419949+00:00
0.302,,False,"{""season"": 2025, ""seasonType"": ""regular"", ""team"": ""Arizona State""}",/games,200,2026-02-21T22:11:19.890560+00:00
2.382,,False,"{""endDateRange"": ""2025-03-11"", ""season"": 2025, ""startDateRange"": ""2024-11-06"", ""team"": ""Arizona State""}",/lineups/team,200,2026-02-21T22:11:22.424490+00:00
0.33,,False,"{""season"": 2025, ""seasonType"": ""regular"", ""team"": ""Arkansas""}",/games,200,2026-02-21T22:11:22.919551+00:00
2.888,,False,"{""endDateRange"": ""2025-03-13"", ""season"": 2025, ""startDateRange"": ""2024-11-07"", ""team"": ""Arkansas""}",/lineups/team,200,2026-02-21T22:11:25.959802+00:00
0.317,,False,"{""season"": 2025, ""seasonType"": ""regular"", ""team"": ""Arkansas-Pine Bluff""}",/games,200,2026-02-21T22:11:26.442174+00:00
2.717,,False,"{""endDateRange"": ""2025-03-08"", ""season"": 2025, ""startDateRange"": ""2024-11-05"", ""team"": ""Arkansas-Pine Bluff""}",/lineups/team,200,2026-02-21T22:11:29.311944+00:00
0.273,,False,"{""season"": 2025, ""seasonType"": ""regular"", ""team"": ""Arkansas State""}",/games,200,2026-02-21T22:11:29.781201+00:00
3.083,,False,"{""endDateRange"": ""2025-03-10"", ""season"": 2025, ""startDateRange"": ""2024-11-05"", ""team"": ""Arkansas State""}",/lineups/team,200,2026-02-21T22:11:33.017298+00:00
0.318,,False,"{""season"": 2025, ""seasonType"": ""regular"", ""team"": ""Army""}",/games,200,2026-02-21T22:11:33.523849+00:00
2.962,,False,"{""endDateRange"": ""2025-03-07"", ""season"": 2025, ""startDateRange"": ""2024-11-05"", ""team"": ""Army""}",/lineups/team,200,2026-02-21T22:11:36.638278+00:00
0.284,,False,"{""season"": 2025, ""seasonType"": ""regular"", ""team"": ""Auburn""}",/games,200,2026-02-21T22:11:37.104700+00:00
4.983,,False,"{""endDateRange"": ""2025-03-15"", ""season"": 2025, ""startDateRange"": ""2024-11-07"", ""team"": ""Auburn""}",/lineups/team,200,2026-02-21T22:11:42.240472+00:00
0.26,,False,"{""season"": 2025, ""seasonType"": ""regular"", ""team"": ""Austin Peay""}",/games,200,2026-02-21T22:11:42.674964+00:00
2.493,,False,"{""endDateRange"": ""2025-03-04"", ""season"": 2025, ""startDateRange"": ""2024-11-05"", ""team"": ""Austin Peay""}",/lineups/team,200,2026-02-21T22:11:45.320414+00:00
0.253,,False,"{""season"": 2025, ""seasonType"": ""regular"", ""team"": ""BYU""}",/games,200,2026-02-21T22:11:45.765474+00:00
3.233,,False,"{""endDateRange"": ""2025-03-14"", ""season"": 2025, ""startDateRange"": ""2024-11-06"", ""team"": ""BYU""}",/lineups/team,200,2026-02-21T22:11:49.150440+00:00
0.338,,False,"{""season"": 2025, ""seasonType"": ""regular"", ""team"": ""Ball State""}",/games,200,2026-02-21T22:11:49.674679+00:00
3.068,,False,"{""endDateRange"": ""2025-03-07"", ""season"": 2025, ""startDateRange"": ""2024-11-05"", ""team"": ""Ball State""}",/lineups/team,200,2026-02-21T22:11:52.895099+00:00
0.342,,False,"{""season"": 2025, ""seasonType"": ""regular"", ""team"": ""Baylor""}",/games,200,2026-02-21T22:11:53.419396+00:00
2.603,,False,"{""endDateRange"": ""2025-03-13"", ""season"": 2025, ""startDateRange"": ""2024-11-05"", ""team"": ""Baylor""}",/lineups/team,200,2026-02-21T22:11:56.174581+00:00
0.288,,False,"{""season"": 2025, ""seasonType"": ""regular"", ""team"": ""Bellarmine""}",/games,200,2026-02-21T22:11:56.626611+00:00
3.162,,False,"{""endDateRange"": ""2025-02-27"", ""season"": 2025, ""startDateRange"": ""2024-11-05"", ""team"": ""Bellarmine""}",/lineups/team,200,2026-02-21T22:11:59.941022+00:00
0.372,,False,"{""season"": 2025, ""seasonType"": ""regular"", ""team"": ""Belmont""}",/games,200,2026-02-21T22:12:00.513324+00:00
3.501,,False,"{""endDateRange"": ""2025-03-08"", ""season"": 2025, ""startDateRange"": ""2024-11-05"", ""team"": ""Belmont""}",/lineups/team,200,2026-02-21T22:12:04.166298+00:00
0.268,,False,"{""season"": 2025, ""seasonType"": ""regular"", ""team"": ""Bethune-Cookman""}",/games,200,2026-02-21T22:12:04.608129+00:00
1.958,,False,"{""endDateRange"": ""2025-03-15"", ""season"": 2025, ""startDateRange"": ""2024-11-06"", ""team"": ""Bethune-Cookman""}",/lineups/team,200,2026-02-21T22:12:06.718520+00:00
0.298,,False,"{""season"": 2025, ""seasonType"": ""regular"", ""team"": ""Binghamton""}",/games,200,2026-02-21T22:12:07.193201+00:00
1.9,,False,"{""endDateRange"": ""2025-03-09"", ""season"": 2025, ""startDateRange"": ""2024-11-05"", ""team"": ""Binghamton""}",/lineups/team,200,2026-02-21T22:12:09.245472+00:00
0.313,,False,"{""season"": 2025, ""seasonType"": ""regular"", ""team"": ""Boise State""}",/games,200,2026-02-21T22:12:09.723797+00:00
2.785,,False,"{""endDateRange"": ""2025-03-15"", ""season"": 2025, ""startDateRange"": ""2024-11-07"", ""team"": ""Boise State""}",/lineups/team,200,2026-02-21T22:12:12.661130+00:00
0.278,,False,"{""season"": 2025, ""seasonType"": ""regular"", ""team"": ""Boston College""}",/games,200,2026-02-21T22:12:13.111413+00:00
2.277,,False,"{""endDateRange"": ""2025-03-08"", ""season"": 2025, ""startDateRange"": ""2024-11-05"", ""team"": ""Boston College""}",/lineups/team,200,2026-02-21T22:12:15.541009+00:00
0.273,,False,"{""season"": 2025, ""seasonType"": ""regular"", ""team"": ""Boston University""}",/games,200,2026-02-21T22:12:15.986138+00:00
2.818,,False,"{""endDateRange"": ""2025-03-07"", ""season"": 2025, ""startDateRange"": ""2024-11-05"", ""team"": ""Boston University""}",/lineups/team,200,2026-02-21T22:12:18.957140+00:00
0.226,,False,"{""season"": 2025, ""seasonType"": ""regular"", ""team"": ""Bowling Green""}",/games,200,2026-02-21T22:12:19.365663+00:00
2.578,,False,"{""endDateRange"": ""2025-03-13"", ""season"": 2025, ""startDateRange"": ""2024-11-05"", ""team"": ""Bowling Green""}",/lineups/team,200,2026-02-21T22:12:22.096286+00:00
0.259,,False,"{""season"": 2025, ""seasonType"": ""regular"", ""team"": ""Bradley""}",/games,200,2026-02-21T22:12:22.526739+00:00
3.299,,False,"{""endDateRange"": ""2025-03-09"", ""season"": 2025, ""startDateRange"": ""2024-11-05"", ""team"": ""Bradley""}",/lineups/team,200,2026-02-21T22:12:25.978042+00:00
0.293,,False,"{""season"": 2025, ""seasonType"": ""regular"", ""team"": ""Brown""}",/games,200,2026-02-21T22:12:26.446087+00:00
2.601,,False,"{""endDateRange"": ""2025-03-08"", ""season"": 2025, ""startDateRange"": ""2024-11-05"", ""team"": ""Brown""}",/lineups/team,200,2026-02-21T22:12:29.198732+00:00
0.26,,False,"{""season"": 2025, ""seasonType"": ""regular"", ""team"": ""Bryant""}",/games,200,2026-02-21T22:12:29.641223+00:00
2.458,,False,"{""endDateRange"": ""2025-03-15"", ""season"": 2025, ""startDateRange"": ""2024-11-05"", ""team"": ""Bryant""}",/lineups/team,200,2026-02-21T22:12:32.251914+00:00
0.581,,False,"{""season"": 2025, ""seasonType"": ""regular"", ""team"": ""Bucknell""}",/games,200,2026-02-21T22:12:32.999145+00:00
2.529,,False,"{""endDateRange"": ""2025-03-09"", ""season"": 2025, ""startDateRange"": ""2024-11-04"", ""team"": ""Bucknell""}",/lineups/team,200,2026-02-21T22:12:35.680333+00:00
0.265,,False,"{""season"": 2025, ""seasonType"": ""regular"", ""team"": ""Buffalo""}",/games,200,2026-02-21T22:12:36.115872+00:00
3.576,,False,"{""endDateRange"": ""2025-03-08"", ""season"": 2025, ""startDateRange"": ""2024-11-05"", ""team"": ""Buffalo""}",/lineups/team,200,2026-02-21T22:12:39.844301+00:00
0.286,,False,"{""season"": 2025, ""seasonType"": ""regular"", ""team"": ""Butler""}",/games,200,2026-02-21T22:12:40.320790+00:00
2.824,,False,"{""endDateRange"": ""2025-03-13"", ""season"": 2025, ""startDateRange"": ""2024-11-04"", ""team"": ""Butler""}",/lineups/team,200,2026-02-21T22:12:43.296944+00:00
0.349,,False,"{""season"": 2025, ""seasonType"": ""regular"", ""team"": ""California Baptist""}",/games,200,2026-02-21T22:12:43.809838+00:00
2.594,,False,"{""endDateRange"": ""2025-03-15"", ""season"": 2025, ""startDateRange"": ""2024-11-05"", ""team"": ""California Baptist""}",/lineups/team,200,2026-02-21T22:12:46.555875+00:00
0.298,,False,"{""season"": 2025, ""seasonType"": ""regular"", ""team"": ""Cal Poly""}",/games,200,2026-02-21T22:12:47.028905+00:00
3.401,,False,"{""endDateRange"": ""2025-03-15"", ""season"": 2025, ""startDateRange"": ""2024-11-06"", ""team"": ""Cal Poly""}",/lineups/team,200,2026-02-21T22:12:50.582658+00:00
0.28,,False,"{""season"": 2025, ""seasonType"": ""regular"", ""team"": ""Cal State Bakersfield""}",/games,200,2026-02-21T22:12:51.046891+00:00
3.372,,False,"{""endDateRange"": ""2025-03-13"", ""season"": 2025, ""startDateRange"": ""2024-11-05"", ""team"": ""Cal State Bakersfield""}",/lineups/team,200,2026-02-21T22:12:54.571309+00:00
0.308,,False,"{""season"": 2025, ""seasonType"": ""regular"", ""team"": ""Cal State Fullerton""}",/games,200,2026-02-21T22:12:55.066283+00:00
2.686,,False,"{""endDateRange"": ""2025-03-09"", ""season"": 2025, ""startDateRange"": ""2024-11-05"", ""team"": ""Cal State Fullerton""}",/lineups/team,200,2026-02-21T22:12:57.904888+00:00
0.255,,False,"{""season"": 2025, ""seasonType"": ""regular"", ""team"": ""Cal State Northridge""}",/games,200,2026-02-21T22:12:58.347529+00:00
4.092,,False,"{""endDateRange"": ""2025-03-14"", ""season"": 2025, ""startDateRange"": ""2024-11-05"", ""team"": ""Cal State Northridge""}",/lineups/team,200,2026-02-21T22:13:02.591317+00:00
0.409,,False,"{""season"": 2025, ""seasonType"": ""regular"", ""team"": ""California""}",/games,200,2026-02-21T22:13:03.179773+00:00
2.7,,False,"{""endDateRange"": ""2025-03-12"", ""season"": 2025, ""startDateRange"": ""2024-11-05"", ""team"": ""California""}",/lineups/team,200,2026-02-21T22:13:06.031761+00:00
0.296,,False,"{""season"": 2025, ""seasonType"": ""regular"", ""team"": ""Campbell""}",/games,200,2026-02-21T22:13:06.501319+00:00
2.611,,False,"{""endDateRange"": ""2025-03-08"", ""season"": 2025, ""startDateRange"": ""2024-11-05"", ""team"": ""Campbell""}",/lineups/team,200,2026-02-21T22:13:09.265145+00:00
0.265,,False,"{""season"": 2025, ""seasonType"": ""regular"", ""team"": ""Canisius""}",/games,200,2026-02-21T22:13:09.709296+00:00
2.141,,False,"{""endDateRange"": ""2025-03-08"", ""season"": 2025, ""startDateRange"": ""2024-11-05"", ""team"": ""Canisius""}",/lineups/team,200,2026-02-21T22:13:12.002289+00:00
0.456,,False,"{""season"": 2025, ""seasonType"": ""regular"", ""team"": ""Central Arkansas""}",/games,200,2026-02-21T22:13:12.623087+00:00
2.832,,False,"{""endDateRange"": ""2025-03-04"", ""season"": 2025, ""startDateRange"": ""2024-11-06"", ""team"": ""Central Arkansas""}",/lineups/team,200,2026-02-21T22:13:15.607591+00:00
0.298,,False,"{""season"": 2025, ""seasonType"": ""regular"", ""team"": ""Central Connecticut""}",/games,200,2026-02-21T22:13:16.085196+00:00
2.019,,False,"{""endDateRange"": ""2025-03-11"", ""season"": 2025, ""startDateRange"": ""2024-11-05"", ""team"": ""Central Connecticut""}",/lineups/team,200,2026-02-21T22:13:18.256352+00:00
0.242,,False,"{""season"": 2025, ""seasonType"": ""regular"", ""team"": ""Central Michigan""}",/games,200,2026-02-21T22:13:18.662451+00:00
2.733,,False,"{""endDateRange"": ""2025-03-08"", ""season"": 2025, ""startDateRange"": ""2024-11-05"", ""team"": ""Central Michigan""}",/lineups/team,200,2026-02-21T22:13:21.548122+00:00
0.323,,False,"{""season"": 2025, ""seasonType"": ""regular"", ""team"": ""Charleston""}",/games,200,2026-02-21T22:13:22.039979+00:00
2.404,,False,"{""endDateRange"": ""2025-03-11"", ""season"": 2025, ""startDateRange"": ""2024-11-04"", ""team"": ""Charleston""}",/lineups/team,200,2026-02-21T22:13:24.595953+00:00
0.264,,False,"{""season"": 2025, ""seasonType"": ""regular"", ""team"": ""Charleston Southern""}",/games,200,2026-02-21T22:13:25.036000+00:00
2.375,,False,"{""endDateRange"": ""2025-03-07"", ""season"": 2025, ""startDateRange"": ""2024-11-05"", ""team"": ""Charleston Southern""}",/lineups/team,200,2026-02-21T22:13:27.563667+00:00
0.363,,False,"{""season"": 2025, ""seasonType"": ""regular"", ""team"": ""Charlotte""}",/games,200,2026-02-21T22:13:28.092899+00:00
2.706,,False,"{""endDateRange"": ""2025-03-13"", ""season"": 2025, ""startDateRange"": ""2024-11-05"", ""team"": ""Charlotte""}",/lineups/team,200,2026-02-21T22:13:30.951932+00:00
0.264,,False,"{""season"": 2025, ""seasonType"": ""regular"", ""team"": ""Chattanooga""}",/games,200,2026-02-21T22:13:31.390565+00:00
2.94,,False,"{""endDateRange"": ""2025-03-09"", ""season"": 2025, ""startDateRange"": ""2024-11-05"", ""team"": ""Chattanooga""}",/lineups/team,200,2026-02-21T22:13:34.482493+00:00
0.238,,False,"{""season"": 2025, ""seasonType"": ""regular"", ""team"": ""Chicago State""}",/games,200,2026-02-21T22:13:34.899852+00:00
2.717,,False,"{""endDateRange"": ""2025-03-06"", ""season"": 2025, ""startDateRange"": ""2024-11-05"", ""team"": ""Chicago State""}",/lineups/team,200,2026-02-21T22:13:37.769411+00:00
0.356,,False,"{""season"": 2025, ""seasonType"": ""regular"", ""team"": ""Cincinnati""}",/games,200,2026-02-21T22:13:38.315963+00:00
2.827,,False,"{""endDateRange"": ""2025-03-12"", ""season"": 2025, ""startDateRange"": ""2024-11-05"", ""team"": ""Cincinnati""}",/lineups/team,200,2026-02-21T22:13:41.296144+00:00
0.358,,False,"{""season"": 2025, ""seasonType"": ""regular"", ""team"": ""Clemson""}",/games,200,2026-02-21T22:13:41.835084+00:00
2.617,,False,"{""endDateRange"": ""2025-03-15"", ""season"": 2025, ""startDateRange"": ""2024-11-05"", ""team"": ""Clemson""}",/lineups/team,200,2026-02-21T22:13:44.604231+00:00
0.253,,False,"{""season"": 2025, ""seasonType"": ""regular"", ""team"": ""Cleveland State""}",/games,200,2026-02-21T22:13:45.026646+00:00
2.142,,False,"{""endDateRange"": ""2025-03-11"", ""season"": 2025, ""startDateRange"": ""2024-11-05"", ""team"": ""Cleveland State""}",/lineups/team,200,2026-02-21T22:13:47.321744+00:00
0.324,,False,"{""season"": 2025, ""seasonType"": ""regular"", ""team"": ""Coastal Carolina""}",/games,200,2026-02-21T22:13:47.817309+00:00
2.622,,False,"{""endDateRange"": ""2025-03-04"", ""season"": 2025, ""startDateRange"": ""2024-11-05"", ""team"": ""Coastal Carolina""}",/lineups/team,200,2026-02-21T22:13:50.591983+00:00
0.247,,False,"{""season"": 2025, ""seasonType"": ""regular"", ""team"": ""Colgate""}",/games,200,2026-02-21T22:13:51.010535+00:00
2.313,,False,"{""endDateRange"": ""2025-03-09"", ""season"": 2025, ""startDateRange"": ""2024-11-06"", ""team"": ""Colgate""}",/lineups/team,200,2026-02-21T22:13:53.475995+00:00
0.338,,False,"{""season"": 2025, ""seasonType"": ""regular"", ""team"": ""Colorado""}",/games,200,2026-02-21T22:13:53.997786+00:00
3.116,,False,"{""endDateRange"": ""2025-03-13"", ""season"": 2025, ""startDateRange"": ""2024-11-05"", ""team"": ""Colorado""}",/lineups/team,200,2026-02-21T22:13:57.265755+00:00
0.432,,False,"{""season"": 2025, ""seasonType"": ""regular"", ""team"": ""Colorado State""}",/games,200,2026-02-21T22:13:57.883208+00:00
2.819,,False,"{""endDateRange"": ""2025-03-15"", ""season"": 2025, ""startDateRange"": ""2024-11-05"", ""team"": ""Colorado State""}",/lineups/team,200,2026-02-21T22:14:00.854564+00:00
0.641,,False,"{""season"": 2025, ""seasonType"": ""regular"", ""team"": ""Columbia""}",/games,200,2026-02-21T22:14:01.660571+00:00
3.089,,False,"{""endDateRange"": ""2025-03-08"", ""season"": 2025, ""startDateRange"": ""2024-11-05"", ""team"": ""Columbia""}",/lineups/team,200,2026-02-21T22:14:04.901762+00:00
0.292,,False,"{""season"": 2025, ""seasonType"": ""regular"", ""team"": ""UConn""}",/games,200,2026-02-21T22:14:05.378750+00:00
5.374,,False,"{""endDateRange"": ""2025-03-15"", ""season"": 2025, ""startDateRange"": ""2024-11-07"", ""team"": ""UConn""}",/lineups/team,200,2026-02-21T22:14:10.905698+00:00
0.29,,False,"{""season"": 2025, ""seasonType"": ""regular"", ""team"": ""Coppin State""}",/games,200,2026-02-21T22:14:11.369161+00:00
2.159,,False,"{""endDateRange"": ""2025-03-13"", ""season"": 2025, ""startDateRange"": ""2024-11-05"", ""team"": ""Coppin State""}",/lineups/team,200,2026-02-21T22:14:13.680314+00:00
0.262,,False,"{""season"": 2025, ""seasonType"": ""regular"", ""team"": ""Cornell""}",/games,200,2026-02-21T22:14:14.117458+00:00
3.013,,False,"{""endDateRange"": ""2025-03-16"", ""season"": 2025, ""startDateRange"": ""2024-11-05"", ""team"": ""Cornell""}",/lineups/team,200,2026-02-21T22:14:17.282438+00:00
0.293,,False,"{""season"": 2025, ""seasonType"": ""regular"", ""team"": ""Creighton""}",/games,200,2026-02-21T22:14:17.760540+00:00
2.189,,False,"{""endDateRange"": ""2025-03-15"", ""season"": 2025, ""startDateRange"": ""2024-11-07"", ""team"": ""Creighton""}",/lineups/team,200,2026-02-21T22:14:20.102228+00:00
0.26,,False,"{""season"": 2025, ""seasonType"": ""regular"", ""team"": ""Dartmouth""}",/games,200,2026-02-21T22:14:20.535747+00:00
2.689,,False,"{""endDateRange"": ""2025-03-15"", ""season"": 2025, ""startDateRange"": ""2024-11-05"", ""team"": ""Dartmouth""}",/lineups/team,200,2026-02-21T22:14:23.377324+00:00
0.263,,False,"{""season"": 2025, ""seasonType"": ""regular"", ""team"": ""Davidson""}",/games,200,2026-02-21T22:14:23.812803+00:00
2.631,,False,"{""endDateRange"": ""2025-03-13"", ""season"": 2025, ""startDateRange"": ""2024-11-05"", ""team"": ""Davidson""}",/lineups/team,200,2026-02-21T22:14:26.595777+00:00
0.282,,False,"{""season"": 2025, ""seasonType"": ""regular"", ""team"": ""Dayton""}",/games,200,2026-02-21T22:14:27.047913+00:00
2.436,,False,"{""endDateRange"": ""2025-03-14"", ""season"": 2025, ""startDateRange"": ""2024-11-05"", ""team"": ""Dayton""}",/lineups/team,200,2026-02-21T22:14:29.636304+00:00
0.297,,False,"{""season"": 2025, ""seasonType"": ""regular"", ""team"": ""DePaul""}",/games,200,2026-02-21T22:14:30.104251+00:00
2.603,,False,"{""endDateRange"": ""2025-03-13"", ""season"": 2025, ""startDateRange"": ""2024-11-05"", ""team"": ""DePaul""}",/lineups/team,200,2026-02-21T22:14:32.860142+00:00
0.297,,False,"{""season"": 2025, ""seasonType"": ""regular"", ""team"": ""Delaware""}",/games,200,2026-02-21T22:14:33.333273+00:00
2.264,,False,"{""endDateRange"": ""2025-03-11"", ""season"": 2025, ""startDateRange"": ""2024-11-04"", ""team"": ""Delaware""}",/lineups/team,200,2026-02-21T22:14:35.749324+00:00
0.333,,False,"{""season"": 2025, ""seasonType"": ""regular"", ""team"": ""Delaware State""}",/games,200,2026-02-21T22:14:36.259960+00:00
2.057,,False,"{""endDateRange"": ""2025-03-14"", ""season"": 2025, ""startDateRange"": ""2024-11-05"", ""team"": ""Delaware State""}",/lineups/team,200,2026-02-21T22:14:38.468953+00:00
0.417,,False,"{""season"": 2025, ""seasonType"": ""regular"", ""team"": ""Denver""}",/games,200,2026-02-21T22:14:39.060391+00:00
3.022,,False,"{""endDateRange"": ""2025-03-07"", ""season"": 2025, ""startDateRange"": ""2024-11-04"", ""team"": ""Denver""}",/lineups/team,200,2026-02-21T22:14:42.235088+00:00
0.25,,False,"{""season"": 2025, ""seasonType"": ""regular"", ""team"": ""Detroit Mercy""}",/games,200,2026-02-21T22:14:42.672021+00:00
2.818,,False,"{""endDateRange"": ""2025-03-05"", ""season"": 2025, ""startDateRange"": ""2024-11-05"", ""team"": ""Detroit Mercy""}",/lineups/team,200,2026-02-21T22:14:45.642982+00:00
0.278,,False,"{""season"": 2025, ""seasonType"": ""regular"", ""team"": ""Drake""}",/games,200,2026-02-21T22:14:46.102505+00:00
1.946,,False,"{""endDateRange"": ""2025-03-09"", ""season"": 2025, ""startDateRange"": ""2024-11-05"", ""team"": ""Drake""}",/lineups/team,200,2026-02-21T22:14:48.200851+00:00
0.258,,False,"{""season"": 2025, ""seasonType"": ""regular"", ""team"": ""Drexel""}",/games,200,2026-02-21T22:14:48.619092+00:00
2.354,,False,"{""endDateRange"": ""2025-03-09"", ""season"": 2025, ""startDateRange"": ""2024-11-04"", ""team"": ""Drexel""}",/lineups/team,200,2026-02-21T22:14:51.125717+00:00
0.31,,False,"{""season"": 2025, ""seasonType"": ""regular"", ""team"": ""Duke""}",/games,200,2026-02-21T22:14:51.605313+00:00
3.008,,False,"{""endDateRange"": ""2025-03-16"", ""season"": 2025, ""startDateRange"": ""2024-11-05"", ""team"": ""Duke""}",/lineups/team,200,2026-02-21T22:14:54.765822+00:00
0.331,,False,"{""season"": 2025, ""seasonType"": ""regular"", ""team"": ""Duquesne""}",/games,200,2026-02-21T22:14:55.272043+00:00
2.707,,False,"{""endDateRange"": ""2025-03-13"", ""season"": 2025, ""startDateRange"": ""2024-11-05"", ""team"": ""Duquesne""}",/lineups/team,200,2026-02-21T22:14:58.131459+00:00
0.312,,False,"{""season"": 2025, ""seasonType"": ""regular"", ""team"": ""East Carolina""}",/games,200,2026-02-21T22:14:58.617990+00:00
2.969,,False,"{""endDateRange"": ""2025-03-15"", ""season"": 2025, ""startDateRange"": ""2024-11-05"", ""team"": ""East Carolina""}",/lineups/team,200,2026-02-21T22:15:01.739016+00:00
0.912,,False,"{""season"": 2025, ""seasonType"": ""regular"", ""team"": ""East Tennessee State""}",/games,200,2026-02-21T22:15:02.820659+00:00
3.317,,False,"{""endDateRange"": ""2025-03-08"", ""season"": 2025, ""startDateRange"": ""2024-11-05"", ""team"": ""East Tennessee State""}",/lineups/team,200,2026-02-21T22:15:06.290035+00:00
0.404,,False,"{""season"": 2025, ""seasonType"": ""regular"", ""team"": ""East Texas A&M""}",/games,200,2026-02-21T22:15:06.866993+00:00
3.338,,False,"{""endDateRange"": ""2025-03-04"", ""season"": 2025, ""startDateRange"": ""2024-11-05"", ""team"": ""East Texas A&M""}",/lineups/team,200,2026-02-21T22:15:10.357330+00:00
0.324,,False,"{""season"": 2025, ""seasonType"": ""regular"", ""team"": ""Eastern Illinois""}",/games,200,2026-02-21T22:15:10.876775+00:00
2.338,,False,"{""endDateRange"": ""2025-03-01"", ""season"": 2025, ""startDateRange"": ""2024-11-05"", ""team"": ""Eastern Illinois""}",/lineups/team,200,2026-02-21T22:15:13.367545+00:00
0.238,,False,"{""season"": 2025, ""seasonType"": ""regular"", ""team"": ""Eastern Kentucky""}",/games,200,2026-02-21T22:15:13.779963+00:00
2.22,,False,"{""endDateRange"": ""2025-03-04"", ""season"": 2025, ""startDateRange"": ""2024-11-05"", ""team"": ""Eastern Kentucky""}",/lineups/team,200,2026-02-21T22:15:16.152146+00:00
0.269,,False,"{""season"": 2025, ""seasonType"": ""regular"", ""team"": ""Eastern Michigan""}",/games,200,2026-02-21T22:15:16.594140+00:00
3.09,,False,"{""endDateRange"": ""2025-03-13"", ""season"": 2025, ""startDateRange"": ""2024-11-05"", ""team"": ""Eastern Michigan""}",/lineups/team,200,2026-02-21T22:15:19.836588+00:00
0.376,,False,"{""season"": 2025, ""seasonType"": ""regular"", ""team"": ""Eastern Washington""}",/games,200,2026-02-21T22:15:20.384926+00:00
2.733,,False,"{""endDateRange"": ""2025-03-09"", ""season"": 2025, ""startDateRange"": ""2024-11-05"", ""team"": ""Eastern Washington""}",/lineups/team,200,2026-02-21T22:15:23.270312+00:00
0.25,,False,"{""season"": 2025, ""seasonType"": ""regular"", ""team"": ""Elon""}",/games,200,2026-02-21T22:15:23.707021+00:00
2.356,,False,"{""endDateRange"": ""2025-03-08"", ""season"": 2025, ""startDateRange"": ""2024-11-05"", ""team"": ""Elon""}",/lineups/team,200,2026-02-21T22:15:26.215268+00:00
0.402,,False,"{""season"": 2025, ""seasonType"": ""regular"", ""team"": ""Evansville""}",/games,200,2026-02-21T22:15:26.788271+00:00
1.738,,False,"{""endDateRange"": ""2025-03-07"", ""season"": 2025, ""startDateRange"": ""2024-11-06"", ""team"": ""Evansville""}",/lineups/team,200,2026-02-21T22:15:28.678941+00:00
0.283,,False,"{""season"": 2025, ""seasonType"": ""regular"", ""team"": ""Florida International""}",/games,200,2026-02-21T22:15:29.129037+00:00
2.894,,False,"{""endDateRange"": ""2025-03-13"", ""season"": 2025, ""startDateRange"": ""2024-11-06"", ""team"": ""Florida International""}",/lineups/team,200,2026-02-21T22:15:32.175556+00:00
0.363,,False,"{""season"": 2025, ""seasonType"": ""regular"", ""team"": ""Fairfield""}",/games,200,2026-02-21T22:15:32.730712+00:00
2.162,,False,"{""endDateRange"": ""2025-03-12"", ""season"": 2025, ""startDateRange"": ""2024-11-05"", ""team"": ""Fairfield""}",/lineups/team,200,2026-02-21T22:15:35.044937+00:00
0.216,,False,"{""season"": 2025, ""seasonType"": ""regular"", ""team"": ""Fairleigh Dickinson""}",/games,200,2026-02-21T22:15:35.439435+00:00
2.987,,False,"{""endDateRange"": ""2025-03-08"", ""season"": 2025, ""startDateRange"": ""2024-11-05"", ""team"": ""Fairleigh Dickinson""}",/lineups/team,200,2026-02-21T22:15:38.578826+00:00
0.276,,False,"{""season"": 2025, ""seasonType"": ""regular"", ""team"": ""Florida""}",/games,200,2026-02-21T22:15:39.027803+00:00
2.365,,False,"{""endDateRange"": ""2025-03-16"", ""season"": 2025, ""startDateRange"": ""2024-11-05"", ""team"": ""Florida""}",/lineups/team,200,2026-02-21T22:15:41.545188+00:00
0.24,,False,"{""season"": 2025, ""seasonType"": ""regular"", ""team"": ""Florida A&M""}",/games,200,2026-02-21T22:15:41.953754+00:00
2.528,,False,"{""endDateRange"": ""2025-03-13"", ""season"": 2025, ""startDateRange"": ""2024-11-05"", ""team"": ""Florida A&M""}",/lineups/team,200,2026-02-21T22:15:44.633762+00:00
0.238,,False,"{""season"": 2025, ""seasonType"": ""regular"", ""team"": ""Florida Atlantic""}",/games,200,2026-02-21T22:15:45.075679+00:00
2.57,,False,"{""endDateRange"": ""2025-03-14"", ""season"": 2025, ""startDateRange"": ""2024-11-05"", ""team"": ""Florida Atlantic""}",/lineups/team,200,2026-02-21T22:15:47.798223+00:00
0.231,,False,"{""season"": 2025, ""seasonType"": ""regular"", ""team"": ""Florida Gulf Coast""}",/games,200,2026-02-21T22:15:48.198920+00:00
2.514,,False,"{""endDateRange"": ""2025-03-04"", ""season"": 2025, ""startDateRange"": ""2024-11-05"", ""team"": ""Florida Gulf Coast""}",/lineups/team,200,2026-02-21T22:15:50.865993+00:00
0.252,,False,"{""season"": 2025, ""seasonType"": ""regular"", ""team"": ""Florida State""}",/games,200,2026-02-21T22:15:51.285610+00:00
2.418,,False,"{""endDateRange"": ""2025-03-11"", ""season"": 2025, ""startDateRange"": ""2024-11-05"", ""team"": ""Florida State""}",/lineups/team,200,2026-02-21T22:15:53.856403+00:00
0.29,,False,"{""season"": 2025, ""seasonType"": ""regular"", ""team"": ""Fordham""}",/games,200,2026-02-21T22:15:54.324862+00:00
3.136,,False,"{""endDateRange"": ""2025-03-13"", ""season"": 2025, ""startDateRange"": ""2024-11-04"", ""team"": ""Fordham""}",/lineups/team,200,2026-02-21T22:15:57.613320+00:00
0.273,,False,"{""season"": 2025, ""seasonType"": ""regular"", ""team"": ""Fresno State""}",/games,200,2026-02-21T22:15:58.062281+00:00
2.633,,False,"{""endDateRange"": ""2025-03-12"", ""season"": 2025, ""startDateRange"": ""2024-11-09"", ""team"": ""Fresno State""}",/lineups/team,200,2026-02-21T22:16:00.848060+00:00
0.281,,False,"{""season"": 2025, ""seasonType"": ""regular"", ""team"": ""Furman""}",/games,200,2026-02-21T22:16:01.306333+00:00
2.679,,False,"{""endDateRange"": ""2025-03-10"", ""season"": 2025, ""startDateRange"": ""2024-11-05"", ""team"": ""Furman""}",/lineups/team,200,2026-02-21T22:16:04.138611+00:00
0.308,,False,"{""season"": 2025, ""seasonType"": ""regular"", ""team"": ""Gardner-Webb""}",/games,200,2026-02-21T22:16:04.620142+00:00
3.212,,False,"{""endDateRange"": ""2025-03-07"", ""season"": 2025, ""startDateRange"": ""2024-11-05"", ""team"": ""Gardner-Webb""}",/lineups/team,200,2026-02-21T22:16:07.984544+00:00
0.232,,False,"{""season"": 2025, ""seasonType"": ""regular"", ""team"": ""George Mason""}",/games,200,2026-02-21T22:16:08.387537+00:00
2.523,,False,"{""endDateRange"": ""2025-03-16"", ""season"": 2025, ""startDateRange"": ""2024-11-05"", ""team"": ""George Mason""}",/lineups/team,200,2026-02-21T22:16:11.063790+00:00
0.266,,False,"{""season"": 2025, ""seasonType"": ""regular"", ""team"": ""George Washington""}",/games,200,2026-02-21T22:16:11.505699+00:00
2.773,,False,"{""endDateRange"": ""2025-03-14"", ""season"": 2025, ""startDateRange"": ""2024-11-05"", ""team"": ""George Washington""}",/lineups/team,200,2026-02-21T22:16:14.431247+00:00
0.258,,False,"{""season"": 2025, ""seasonType"": ""regular"", ""team"": ""Georgetown""}",/games,200,2026-02-21T22:16:14.859819+00:00
2.082,,False,"{""endDateRange"": ""2025-03-12"", ""season"": 2025, ""startDateRange"": ""2024-11-07"", ""team"": ""Georgetown""}",/lineups/team,200,2026-02-21T22:16:17.094829+00:00
0.249,,False,"{""season"": 2025, ""seasonType"": ""regular"", ""team"": ""Georgia""}",/games,200,2026-02-21T22:16:17.517579+00:00
2.846,,False,"{""endDateRange"": ""2025-03-13"", ""season"": 2025, ""startDateRange"": ""2024-11-05"", ""team"": ""Georgia""}",/lineups/team,200,2026-02-21T22:16:20.515682+00:00
0.268,,False,"{""season"": 2025, ""seasonType"": ""regular"", ""team"": ""Georgia Southern""}",/games,200,2026-02-21T22:16:20.957485+00:00
2.639,,False,"{""endDateRange"": ""2025-03-06"", ""season"": 2025, ""startDateRange"": ""2024-11-05"", ""team"": ""Georgia Southern""}",/lineups/team,200,2026-02-21T22:16:23.749052+00:00
0.288,,False,"{""season"": 2025, ""seasonType"": ""regular"", ""team"": ""Georgia State""}",/games,200,2026-02-21T22:16:24.221863+00:00
1.599,,False,"{""endDateRange"": ""2025-03-07"", ""season"": 2025, ""startDateRange"": ""2024-11-05"", ""team"": ""Georgia State""}",/lineups/team,200,2026-02-21T22:16:25.973276+00:00
0.274,,False,"{""season"": 2025, ""seasonType"": ""regular"", ""team"": ""Georgia Tech""}",/games,200,2026-02-21T22:16:26.412421+00:00
2.097,,False,"{""endDateRange"": ""2025-03-13"", ""season"": 2025, ""startDateRange"": ""2024-11-07"", ""team"": ""Georgia Tech""}",/lineups/team,200,2026-02-21T22:16:28.662077+00:00
0.262,,False,"{""season"": 2025, ""seasonType"": ""regular"", ""team"": ""Gonzaga""}",/games,200,2026-02-21T22:16:29.097871+00:00
2.197,,False,"{""endDateRange"": ""2025-03-12"", ""season"": 2025, ""startDateRange"": ""2024-11-05"", ""team"": ""Gonzaga""}",/lineups/team,200,2026-02-21T22:16:31.447486+00:00
0.264,,False,"{""season"": 2025, ""seasonType"": ""regular"", ""team"": ""Grambling""}",/games,200,2026-02-21T22:16:31.877169+00:00
2.682,,False,"{""endDateRange"": ""2025-03-14"", ""season"": 2025, ""startDateRange"": ""2024-11-05"", ""team"": ""Grambling""}",/lineups/team,200,2026-02-21T22:16:34.711889+00:00
0.255,,False,"{""season"": 2025, ""seasonType"": ""regular"", ""team"": ""Grand Canyon""}",/games,200,2026-02-21T22:16:35.155797+00:00
2.457,,False,"{""endDateRange"": ""2025-03-16"", ""season"": 2025, ""startDateRange"": ""2024-11-05"", ""team"": ""Grand Canyon""}",/lineups/team,200,2026-02-21T22:16:37.765719+00:00
0.257,,False,"{""season"": 2025, ""seasonType"": ""regular"", ""team"": ""Green Bay""}",/games,200,2026-02-21T22:16:38.192123+00:00
2.358,,False,"{""endDateRange"": ""2025-03-05"", ""season"": 2025, ""startDateRange"": ""2024-11-05"", ""team"": ""Green Bay""}",/lineups/team,200,2026-02-21T22:16:40.701885+00:00
0.25,,False,"{""season"": 2025, ""seasonType"": ""regular"", ""team"": ""Hampton""}",/games,200,2026-02-21T22:16:41.140400+00:00
2.101,,False,"{""endDateRange"": ""2025-03-09"", ""season"": 2025, ""startDateRange"": ""2024-11-05"", ""team"": ""Hampton""}",/lineups/team,200,2026-02-21T22:16:43.393555+00:00
0.23,,False,"{""season"": 2025, ""seasonType"": ""regular"", ""team"": ""Harvard""}",/games,200,2026-02-21T22:16:43.811997+00:00
1.89,,False,"{""endDateRange"": ""2025-03-08"", ""season"": 2025, ""startDateRange"": ""2024-11-04"", ""team"": ""Harvard""}",/lineups/team,200,2026-02-21T22:16:45.854297+00:00
0.27,,False,"{""season"": 2025, ""seasonType"": ""regular"", ""team"": ""Hawai'i""}",/games,200,2026-02-21T22:16:46.296707+00:00
2.991,,False,"{""endDateRange"": ""2025-03-09"", ""season"": 2025, ""startDateRange"": ""2024-11-09"", ""team"": ""Hawai'i""}",/lineups/team,200,2026-02-21T22:16:49.440728+00:00
0.255,,False,"{""season"": 2025, ""seasonType"": ""regular"", ""team"": ""High Point""}",/games,200,2026-02-21T22:16:49.867619+00:00
2.529,,False,"{""endDateRange"": ""2025-03-09"", ""season"": 2025, ""startDateRange"": ""2024-11-07"", ""team"": ""High Point""}",/lineups/team,200,2026-02-21T22:16:52.548912+00:00
0.263,,False,"{""season"": 2025, ""seasonType"": ""regular"", ""team"": ""Hofstra""}",/games,200,2026-02-21T22:16:52.993889+00:00
1.89,,False,"{""endDateRange"": ""2025-03-09"", ""season"": 2025, ""startDateRange"": ""2024-11-04"", ""team"": ""Hofstra""}",/lineups/team,200,2026-02-21T22:16:55.036274+00:00
0.26,,False,"{""season"": 2025, ""seasonType"": ""regular"", ""team"": ""Holy Cross""}",/games,200,2026-02-21T22:16:55.471072+00:00
0.1,http_500,False,"{""endDateRange"": ""2025-03-05"", ""season"": 2025, ""startDateRange"": ""2024-11-05"", ""team"": ""Holy Cross""}",/lineups/team,500,2026-02-21T22:16:55.723070+00:00
0.278,,False,"{""season"": 2025, ""seasonType"": ""regular"", ""team"": ""Houston""}",/games,200,2026-02-21T22:16:56.151855+00:00
2.441,,False,"{""endDateRange"": ""2025-03-15"", ""season"": 2025, ""startDateRange"": ""2024-11-05"", ""team"": ""Houston""}",/lineups/team,200,2026-02-21T22:16:58.744832+00:00
0.259,,False,"{""season"": 2025, ""seasonType"": ""regular"", ""team"": ""Houston Christian""}",/games,200,2026-02-21T22:16:59.174224+00:00
3.04,,False,"{""endDateRange"": ""2025-03-09"", ""season"": 2025, ""startDateRange"": ""2024-11-05"", ""team"": ""Houston Christian""}",/lineups/team,200,2026-02-21T22:17:02.366380+00:00
0.53,,False,"{""season"": 2025, ""seasonType"": ""regular"", ""team"": ""Howard""}",/games,200,2026-02-21T22:17:03.073898+00:00
2.781,,False,"{""endDateRange"": ""2025-03-13"", ""season"": 2025, ""startDateRange"": ""2024-11-05"", ""team"": ""Howard""}",/lineups/team,200,2026-02-21T22:17:06.007278+00:00
0.29,,False,"{""season"": 2025, ""seasonType"": ""regular"", ""team"": ""IU Indianapolis""}",/games,200,2026-02-21T22:17:06.470736+00:00
2.7,,False,"{""endDateRange"": ""2025-03-05"", ""season"": 2025, ""startDateRange"": ""2024-11-04"", ""team"": ""IU Indianapolis""}",/lineups/team,200,2026-02-21T22:17:09.323373+00:00
0.608,,False,"{""season"": 2025, ""seasonType"": ""regular"", ""team"": ""Idaho""}",/games,200,2026-02-21T22:17:10.102362+00:00
3.077,,False,"{""endDateRange"": ""2025-03-12"", ""season"": 2025, ""startDateRange"": ""2024-11-05"", ""team"": ""Idaho""}",/lineups/team,200,2026-02-21T22:17:13.331519+00:00
0.246,,False,"{""season"": 2025, ""seasonType"": ""regular"", ""team"": ""Idaho State""}",/games,200,2026-02-21T22:17:13.765898+00:00
2.561,,False,"{""endDateRange"": ""2025-03-10"", ""season"": 2025, ""startDateRange"": ""2024-11-06"", ""team"": ""Idaho State""}",/lineups/team,200,2026-02-21T22:17:16.478923+00:00
0.302,,False,"{""season"": 2025, ""seasonType"": ""regular"", ""team"": ""Illinois""}",/games,200,2026-02-21T22:17:16.947254+00:00
2.981,,False,"{""endDateRange"": ""2025-03-14"", ""season"": 2025, ""startDateRange"": ""2024-11-05"", ""team"": ""Illinois""}",/lineups/team,200,2026-02-21T22:17:20.081171+00:00
0.316,,False,"{""season"": 2025, ""seasonType"": ""regular"", ""team"": ""UIC""}",/games,200,2026-02-21T22:17:20.570576+00:00
2.43,,False,"{""endDateRange"": ""2025-03-07"", ""season"": 2025, ""startDateRange"": ""2024-11-05"", ""team"": ""UIC""}",/lineups/team,200,2026-02-21T22:17:23.153375+00:00
0.251,,False,"{""season"": 2025, ""seasonType"": ""regular"", ""team"": ""Illinois State""}",/games,200,2026-02-21T22:17:23.577016+00:00
2.234,,False,"{""endDateRange"": ""2025-03-07"", ""season"": 2025, ""startDateRange"": ""2024-11-05"", ""team"": ""Illinois State""}",/lineups/team,200,2026-02-21T22:17:25.963063+00:00
0.258,,False,"{""season"": 2025, ""seasonType"": ""regular"", ""team"": ""Incarnate Word""}",/games,200,2026-02-21T22:17:26.393544+00:00
2.456,,False,"{""endDateRange"": ""2025-03-11"", ""season"": 2025, ""startDateRange"": ""2024-11-05"", ""team"": ""Incarnate Word""}",/lineups/team,200,2026-02-21T22:17:29.002018+00:00
0.256,,False,"{""season"": 2025, ""seasonType"": ""regular"", ""team"": ""Indiana""}",/games,200,2026-02-21T22:17:29.433816+00:00
2.228,,False,"{""endDateRange"": ""2025-03-13"", ""season"": 2025, ""startDateRange"": ""2024-11-07"", ""team"": ""Indiana""}",/lineups/team,200,2026-02-21T22:17:31.814294+00:00
0.254,,False,"{""season"": 2025, ""seasonType"": ""regular"", ""team"": ""Indiana State""}",/games,200,2026-02-21T22:17:32.239240+00:00
2.0,,False,"{""endDateRange"": ""2025-03-06"", ""season"": 2025, ""startDateRange"": ""2024-11-05"", ""team"": ""Indiana State""}",/lineups/team,200,2026-02-21T22:17:34.391702+00:00
0.279,,False,"{""season"": 2025, ""seasonType"": ""regular"", ""team"": ""Iona""}",/games,200,2026-02-21T22:17:34.845835+00:00
3.048,,False,"{""endDateRange"": ""2025-03-15"", ""season"": 2025, ""startDateRange"": ""2024-11-05"", ""team"": ""Iona""}",/lineups/team,200,2026-02-21T22:17:38.046392+00:00
0.228,,False,"{""season"": 2025, ""seasonType"": ""regular"", ""team"": ""Iowa""}",/games,200,2026-02-21T22:17:38.467731+00:00
2.107,,False,"{""endDateRange"": ""2025-03-13"", ""season"": 2025, ""startDateRange"": ""2024-11-05"", ""team"": ""Iowa""}",/lineups/team,200,2026-02-21T22:17:40.727232+00:00
0.237,,False,"{""season"": 2025, ""seasonType"": ""regular"", ""team"": ""Iowa State""}",/games,200,2026-02-21T22:17:41.146201+00:00
2.887,,False,"{""endDateRange"": ""2025-03-13"", ""season"": 2025, ""startDateRange"": ""2024-11-05"", ""team"": ""Iowa State""}",/lineups/team,200,2026-02-21T22:17:44.185725+00:00
0.24,,False,"{""season"": 2025, ""seasonType"": ""regular"", ""team"": ""Jackson State""}",/games,200,2026-02-21T22:17:44.592185+00:00
2.454,,False,"{""endDateRange"": ""2025-03-16"", ""season"": 2025, ""startDateRange"": ""2024-11-05"", ""team"": ""Jackson State""}",/lineups/team,200,2026-02-21T22:17:47.197909+00:00
0.274,,False,"{""season"": 2025, ""seasonType"": ""regular"", ""team"": ""Jacksonville""}",/games,200,2026-02-21T22:17:47.671776+00:00
2.783,,False,"{""endDateRange"": ""2025-03-07"", ""season"": 2025, ""startDateRange"": ""2024-11-05"", ""team"": ""Jacksonville""}",/lineups/team,200,2026-02-21T22:17:50.607193+00:00
0.243,,False,"{""season"": 2025, ""seasonType"": ""regular"", ""team"": ""Jacksonville State""}",/games,200,2026-02-21T22:17:51.027191+00:00
2.349,,False,"{""endDateRange"": ""2025-03-16"", ""season"": 2025, ""startDateRange"": ""2024-11-04"", ""team"": ""Jacksonville State""}",/lineups/team,200,2026-02-21T22:17:53.529106+00:00
0.255,,False,"{""season"": 2025, ""seasonType"": ""regular"", ""team"": ""James Madison""}",/games,200,2026-02-21T22:17:53.947128+00:00
2.409,,False,"{""endDateRange"": ""2025-03-10"", ""season"": 2025, ""startDateRange"": ""2024-11-05"", ""team"": ""James Madison""}",/lineups/team,200,2026-02-21T22:17:56.508248+00:00
0.257,,False,"{""season"": 2025, ""seasonType"": ""regular"", ""team"": ""Kansas""}",/games,200,2026-02-21T22:17:56.936228+00:00
2.4,,False,"{""endDateRange"": ""2025-03-14"", ""season"": 2025, ""startDateRange"": ""2024-11-05"", ""team"": ""Kansas""}",/lineups/team,200,2026-02-21T22:17:59.488333+00:00
0.223,,False,"{""season"": 2025, ""seasonType"": ""regular"", ""team"": ""Kansas State""}",/games,200,2026-02-21T22:17:59.894704+00:00
3.168,,False,"{""endDateRange"": ""2025-03-12"", ""season"": 2025, ""startDateRange"": ""2024-11-06"", ""team"": ""Kansas State""}",/lineups/team,200,2026-02-21T22:18:03.214714+00:00
0.272,,False,"{""season"": 2025, ""seasonType"": ""regular"", ""team"": ""Kennesaw State""}",/games,200,2026-02-21T22:18:03.663020+00:00
2.201,,False,"{""endDateRange"": ""2025-03-14"", ""season"": 2025, ""startDateRange"": ""2024-11-06"", ""team"": ""Kennesaw State""}",/lineups/team,200,2026-02-21T22:18:06.015914+00:00
0.232,,False,"{""season"": 2025, ""seasonType"": ""regular"", ""team"": ""Kent State""}",/games,200,2026-02-21T22:18:06.419766+00:00
2.536,,False,"{""endDateRange"": ""2025-03-14"", ""season"": 2025, ""startDateRange"": ""2024-11-05"", ""team"": ""Kent State""}",/lineups/team,200,2026-02-21T22:18:09.108381+00:00
0.243,,False,"{""season"": 2025, ""seasonType"": ""regular"", ""team"": ""Kentucky""}",/games,200,2026-02-21T22:18:09.527222+00:00
2.545,,False,"{""endDateRange"": ""2025-03-15"", ""season"": 2025, ""startDateRange"": ""2024-11-05"", ""team"": ""Kentucky""}",/lineups/team,200,2026-02-21T22:18:12.224145+00:00
0.263,,False,"{""season"": 2025, ""seasonType"": ""regular"", ""team"": ""LSU""}",/games,200,2026-02-21T22:18:12.663550+00:00
1.858,,False,"{""endDateRange"": ""2025-03-12"", ""season"": 2025, ""startDateRange"": ""2024-11-07"", ""team"": ""LSU""}",/lineups/team,200,2026-02-21T22:18:14.674096+00:00
0.229,,False,"{""season"": 2025, ""seasonType"": ""regular"", ""team"": ""La Salle""}",/games,200,2026-02-21T22:18:15.080572+00:00
1.678,,False,"{""endDateRange"": ""2025-03-13"", ""season"": 2025, ""startDateRange"": ""2024-11-05"", ""team"": ""La Salle""}",/lineups/team,200,2026-02-21T22:18:16.911894+00:00
0.255,,False,"{""season"": 2025, ""seasonType"": ""regular"", ""team"": ""Lafayette""}",/games,200,2026-02-21T22:18:17.334112+00:00
2.636,,False,"{""endDateRange"": ""2025-03-07"", ""season"": 2025, ""startDateRange"": ""2024-11-05"", ""team"": ""Lafayette""}",/lineups/team,200,2026-02-21T22:18:20.122741+00:00
0.231,,False,"{""season"": 2025, ""seasonType"": ""regular"", ""team"": ""Lamar""}",/games,200,2026-02-21T22:18:20.547438+00:00
2.232,,False,"{""endDateRange"": ""2025-03-12"", ""season"": 2025, ""startDateRange"": ""2024-11-05"", ""team"": ""Lamar""}",/lineups/team,200,2026-02-21T22:18:22.932117+00:00
0.248,,False,"{""season"": 2025, ""seasonType"": ""regular"", ""team"": ""Le Moyne""}",/games,200,2026-02-21T22:18:23.356576+00:00
1.791,,False,"{""endDateRange"": ""2025-03-06"", ""season"": 2025, ""startDateRange"": ""2024-11-05"", ""team"": ""Le Moyne""}",/lineups/team,200,2026-02-21T22:18:25.299786+00:00
0.222,,False,"{""season"": 2025, ""seasonType"": ""regular"", ""team"": ""Lehigh""}",/games,200,2026-02-21T22:18:25.707913+00:00
2.029,,False,"{""endDateRange"": ""2025-03-05"", ""season"": 2025, ""startDateRange"": ""2024-11-05"", ""team"": ""Lehigh""}",/lineups/team,200,2026-02-21T22:18:27.888776+00:00
0.249,,False,"{""season"": 2025, ""seasonType"": ""regular"", ""team"": ""Liberty""}",/games,200,2026-02-21T22:18:28.308808+00:00
2.591,,False,"{""endDateRange"": ""2025-03-16"", ""season"": 2025, ""startDateRange"": ""2024-11-04"", ""team"": ""Liberty""}",/lineups/team,200,2026-02-21T22:18:31.052036+00:00
0.247,,False,"{""season"": 2025, ""seasonType"": ""regular"", ""team"": ""Lindenwood""}",/games,200,2026-02-21T22:18:31.472191+00:00
2.175,,False,"{""endDateRange"": ""2025-03-07"", ""season"": 2025, ""startDateRange"": ""2024-11-05"", ""team"": ""Lindenwood""}",/lineups/team,200,2026-02-21T22:18:33.799115+00:00
0.247,,False,"{""season"": 2025, ""seasonType"": ""regular"", ""team"": ""Lipscomb""}",/games,200,2026-02-21T22:18:34.218145+00:00
1.809,,False,"{""endDateRange"": ""2025-03-09"", ""season"": 2025, ""startDateRange"": ""2024-11-05"", ""team"": ""Lipscomb""}",/lineups/team,200,2026-02-21T22:18:36.179689+00:00
0.229,,False,"{""season"": 2025, ""seasonType"": ""regular"", ""team"": ""Little Rock""}",/games,200,2026-02-21T22:18:36.585671+00:00
1.75,,False,"{""endDateRange"": ""2025-03-08"", ""season"": 2025, ""startDateRange"": ""2024-11-05"", ""team"": ""Little Rock""}",/lineups/team,200,2026-02-21T22:18:38.488262+00:00
0.254,,False,"{""season"": 2025, ""seasonType"": ""regular"", ""team"": ""Long Beach State""}",/games,200,2026-02-21T22:18:38.911300+00:00
1.989,,False,"{""endDateRange"": ""2025-03-09"", ""season"": 2025, ""startDateRange"": ""2024-11-05"", ""team"": ""Long Beach State""}",/lineups/team,200,2026-02-21T22:18:41.052602+00:00
0.249,,False,"{""season"": 2025, ""seasonType"": ""regular"", ""team"": ""Longwood""}",/games,200,2026-02-21T22:18:41.479058+00:00
3.117,,False,"{""endDateRange"": ""2025-03-08"", ""season"": 2025, ""startDateRange"": ""2024-11-05"", ""team"": ""Longwood""}",/lineups/team,200,2026-02-21T22:18:44.747897+00:00
0.256,,False,"{""season"": 2025, ""seasonType"": ""regular"", ""team"": ""Louisiana""}",/games,200,2026-02-21T22:18:45.185800+00:00
2.411,,False,"{""endDateRange"": ""2025-03-06"", ""season"": 2025, ""startDateRange"": ""2024-11-05"", ""team"": ""Louisiana""}",/lineups/team,200,2026-02-21T22:18:47.748584+00:00
0.244,,False,"{""season"": 2025, ""seasonType"": ""regular"", ""team"": ""UL Monroe""}",/games,200,2026-02-21T22:18:48.178942+00:00
1.392,,False,"{""endDateRange"": ""2025-03-05"", ""season"": 2025, ""startDateRange"": ""2024-11-05"", ""team"": ""UL Monroe""}",/lineups/team,200,2026-02-21T22:18:49.722782+00:00
0.228,,False,"{""season"": 2025, ""seasonType"": ""regular"", ""team"": ""Louisiana Tech""}",/games,200,2026-02-21T22:18:50.113610+00:00
1.866,,False,"{""endDateRange"": ""2025-03-14"", ""season"": 2025, ""startDateRange"": ""2024-11-05"", ""team"": ""Louisiana Tech""}",/lineups/team,200,2026-02-21T22:18:52.131587+00:00
0.297,,False,"{""season"": 2025, ""seasonType"": ""regular"", ""team"": ""Louisville""}",/games,200,2026-02-21T22:18:52.602429+00:00
2.565,,False,"{""endDateRange"": ""2025-03-16"", ""season"": 2025, ""startDateRange"": ""2024-11-05"", ""team"": ""Louisville""}",/lineups/team,200,2026-02-21T22:18:55.319272+00:00
0.24,,False,"{""season"": 2025, ""seasonType"": ""regular"", ""team"": ""Loyola Chicago""}",/games,200,2026-02-21T22:18:55.728770+00:00
3.31,,False,"{""endDateRange"": ""2025-03-15"", ""season"": 2025, ""startDateRange"": ""2024-11-05"", ""team"": ""Loyola Chicago""}",/lineups/team,200,2026-02-21T22:18:59.190919+00:00
0.222,,False,"{""season"": 2025, ""seasonType"": ""regular"", ""team"": ""Loyola Maryland""}",/games,200,2026-02-21T22:18:59.590030+00:00
3.244,,False,"{""endDateRange"": ""2025-03-07"", ""season"": 2025, ""startDateRange"": ""2024-11-05"", ""team"": ""Loyola Maryland""}",/lineups/team,200,2026-02-21T22:19:02.986267+00:00
0.273,,False,"{""season"": 2025, ""seasonType"": ""regular"", ""team"": ""Loyola Marymount""}",/games,200,2026-02-21T22:19:03.435589+00:00
2.104,,False,"{""endDateRange"": ""2025-03-09"", ""season"": 2025, ""startDateRange"": ""2024-11-05"", ""team"": ""Loyola Marymount""}",/lineups/team,200,2026-02-21T22:19:05.691476+00:00
0.263,,False,"{""season"": 2025, ""seasonType"": ""regular"", ""team"": ""Maine""}",/games,200,2026-02-21T22:19:06.119389+00:00
2.013,,False,"{""endDateRange"": ""2025-03-15"", ""season"": 2025, ""startDateRange"": ""2024-11-05"", ""team"": ""Maine""}",/lineups/team,200,2026-02-21T22:19:08.284885+00:00
0.257,,False,"{""season"": 2025, ""seasonType"": ""regular"", ""team"": ""Manhattan""}",/games,200,2026-02-21T22:19:08.704600+00:00
1.747,,False,"{""endDateRange"": ""2025-03-13"", ""season"": 2025, ""startDateRange"": ""2024-11-05"", ""team"": ""Manhattan""}",/lineups/team,200,2026-02-21T22:19:10.603999+00:00
0.226,,False,"{""season"": 2025, ""seasonType"": ""regular"", ""team"": ""Marist""}",/games,200,2026-02-21T22:19:10.989560+00:00
2.487,,False,"{""endDateRange"": ""2025-03-14"", ""season"": 2025, ""startDateRange"": ""2024-11-04"", ""team"": ""Marist""}",/lineups/team,200,2026-02-21T22:19:13.629025+00:00
0.244,,False,"{""season"": 2025, ""seasonType"": ""regular"", ""team"": ""Marquette""}",/games,200,2026-02-21T22:19:14.048669+00:00
2.06,,False,"{""endDateRange"": ""2025-03-14"", ""season"": 2025, ""startDateRange"": ""2024-11-05"", ""team"": ""Marquette""}",/lineups/team,200,2026-02-21T22:19:16.261228+00:00
0.277,,False,"{""season"": 2025, ""seasonType"": ""regular"", ""team"": ""Marshall""}",/games,200,2026-02-21T22:19:16.710466+00:00
2.138,,False,"{""endDateRange"": ""2025-03-08"", ""season"": 2025, ""startDateRange"": ""2024-11-05"", ""team"": ""Marshall""}",/lineups/team,200,2026-02-21T22:19:19.000934+00:00
0.268,,False,"{""season"": 2025, ""seasonType"": ""regular"", ""team"": ""Maryland""}",/games,200,2026-02-21T22:19:19.450452+00:00
2.302,,False,"{""endDateRange"": ""2025-03-15"", ""season"": 2025, ""startDateRange"": ""2024-11-05"", ""team"": ""Maryland""}",/lineups/team,200,2026-02-21T22:19:21.905235+00:00
0.252,,False,"{""season"": 2025, ""seasonType"": ""regular"", ""team"": ""Maryland Eastern Shore""}",/games,200,2026-02-21T22:19:22.329842+00:00
2.032,,False,"{""endDateRange"": ""2025-03-12"", ""season"": 2025, ""startDateRange"": ""2024-11-05"", ""team"": ""Maryland Eastern Shore""}",/lineups/team,200,2026-02-21T22:19:24.513897+00:00
0.273,,False,"{""season"": 2025, ""seasonType"": ""regular"", ""team"": ""Massachusetts""}",/games,200,2026-02-21T22:19:24.968433+00:00
2.618,,False,"{""endDateRange"": ""2025-03-12"", ""season"": 2025, ""startDateRange"": ""2024-11-05"", ""team"": ""Massachusetts""}",/lineups/team,200,2026-02-21T22:19:27.738806+00:00
0.248,,False,"{""season"": 2025, ""seasonType"": ""regular"", ""team"": ""McNeese""}",/games,200,2026-02-21T22:19:28.175509+00:00
2.539,,False,"{""endDateRange"": ""2025-03-12"", ""season"": 2025, ""startDateRange"": ""2024-11-04"", ""team"": ""McNeese""}",/lineups/team,200,2026-02-21T22:19:30.867149+00:00
0.269,,False,"{""season"": 2025, ""seasonType"": ""regular"", ""team"": ""Memphis""}",/games,200,2026-02-21T22:19:31.306183+00:00
2.673,,False,"{""endDateRange"": ""2025-03-16"", ""season"": 2025, ""startDateRange"": ""2024-11-05"", ""team"": ""Memphis""}",/lineups/team,200,2026-02-21T22:19:34.131245+00:00
0.265,,False,"{""season"": 2025, ""seasonType"": ""regular"", ""team"": ""Mercer""}",/games,200,2026-02-21T22:19:34.567309+00:00
2.059,,False,"{""endDateRange"": ""2025-03-08"", ""season"": 2025, ""startDateRange"": ""2024-11-08"", ""team"": ""Mercer""}",/lineups/team,200,2026-02-21T22:19:36.778530+00:00
0.258,,False,"{""season"": 2025, ""seasonType"": ""regular"", ""team"": ""Mercyhurst""}",/games,200,2026-02-21T22:19:37.209972+00:00
2.468,,False,"{""endDateRange"": ""2025-02-28"", ""season"": 2025, ""startDateRange"": ""2024-11-05"", ""team"": ""Mercyhurst""}",/lineups/team,200,2026-02-21T22:19:39.829793+00:00
0.261,,False,"{""season"": 2025, ""seasonType"": ""regular"", ""team"": ""Merrimack""}",/games,200,2026-02-21T22:19:40.272774+00:00
1.993,,False,"{""endDateRange"": ""2025-03-15"", ""season"": 2025, ""startDateRange"": ""2024-11-10"", ""team"": ""Merrimack""}",/lineups/team,200,2026-02-21T22:19:42.417957+00:00
0.228,,False,"{""season"": 2025, ""seasonType"": ""regular"", ""team"": ""Miami""}",/games,200,2026-02-21T22:19:42.807579+00:00
1.804,,False,"{""endDateRange"": ""2025-03-08"", ""season"": 2025, ""startDateRange"": ""2024-11-05"", ""team"": ""Miami""}",/lineups/team,200,2026-02-21T22:19:44.763843+00:00
0.245,,False,"{""season"": 2025, ""seasonType"": ""regular"", ""team"": ""Miami (OH)""}",/games,200,2026-02-21T22:19:45.185553+00:00
2.92,,False,"{""endDateRange"": ""2025-03-15"", ""season"": 2025, ""startDateRange"": ""2024-11-04"", ""team"": ""Miami (OH)""}",/lineups/team,200,2026-02-21T22:19:48.258063+00:00
0.232,,False,"{""season"": 2025, ""seasonType"": ""regular"", ""team"": ""Michigan""}",/games,200,2026-02-21T22:19:48.659573+00:00
2.795,,False,"{""endDateRange"": ""2025-03-16"", ""season"": 2025, ""startDateRange"": ""2024-11-05"", ""team"": ""Michigan""}",/lineups/team,200,2026-02-21T22:19:51.607145+00:00
0.263,,False,"{""season"": 2025, ""seasonType"": ""regular"", ""team"": ""Michigan State""}",/games,200,2026-02-21T22:19:52.047363+00:00
3.391,,False,"{""endDateRange"": ""2025-03-15"", ""season"": 2025, ""startDateRange"": ""2024-11-05"", ""team"": ""Michigan State""}",/lineups/team,200,2026-02-21T22:19:55.590408+00:00
0.252,,False,"{""season"": 2025, ""seasonType"": ""regular"", ""team"": ""Middle Tennessee""}",/games,200,2026-02-21T22:19:56.026748+00:00
2.748,,False,"{""endDateRange"": ""2025-03-14"", ""season"": 2025, ""startDateRange"": ""2024-11-04"", ""team"": ""Middle Tennessee""}",/lineups/team,200,2026-02-21T22:19:58.927369+00:00
0.249,,False,"{""season"": 2025, ""seasonType"": ""regular"", ""team"": ""Milwaukee""}",/games,200,2026-02-21T22:19:59.350859+00:00
3.585,,False,"{""endDateRange"": ""2025-03-07"", ""season"": 2025, ""startDateRange"": ""2024-11-05"", ""team"": ""Milwaukee""}",/lineups/team,200,2026-02-21T22:20:03.087626+00:00
0.63,,False,"{""season"": 2025, ""seasonType"": ""regular"", ""team"": ""Minnesota""}",/games,200,2026-02-21T22:20:03.889776+00:00
2.424,,False,"{""endDateRange"": ""2025-03-12"", ""season"": 2025, ""startDateRange"": ""2024-11-07"", ""team"": ""Minnesota""}",/lineups/team,200,2026-02-21T22:20:06.465772+00:00
0.321,,False,"{""season"": 2025, ""seasonType"": ""regular"", ""team"": ""Ole Miss""}",/games,200,2026-02-21T22:20:06.951732+00:00
4.034,,False,"{""endDateRange"": ""2025-03-14"", ""season"": 2025, ""startDateRange"": ""2024-11-05"", ""team"": ""Ole Miss""}",/lineups/team,200,2026-02-21T22:20:11.138359+00:00
0.454,,False,"{""season"": 2025, ""seasonType"": ""regular"", ""team"": ""Mississippi State""}",/games,200,2026-02-21T22:20:11.767591+00:00
2.964,,False,"{""endDateRange"": ""2025-03-13"", ""season"": 2025, ""startDateRange"": ""2024-11-05"", ""team"": ""Mississippi State""}",/lineups/team,200,2026-02-21T22:20:14.884474+00:00
0.299,,False,"{""season"": 2025, ""seasonType"": ""regular"", ""team"": ""Mississippi Valley State""}",/games,200,2026-02-21T22:20:15.359620+00:00
2.362,,False,"{""endDateRange"": ""2025-03-08"", ""season"": 2025, ""startDateRange"": ""2024-11-05"", ""team"": ""Mississippi Valley State""}",/lineups/team,200,2026-02-21T22:20:17.873907+00:00
0.262,,False,"{""season"": 2025, ""seasonType"": ""regular"", ""team"": ""Missouri""}",/games,200,2026-02-21T22:20:18.340811+00:00
3.069,,False,"{""endDateRange"": ""2025-03-14"", ""season"": 2025, ""startDateRange"": ""2024-11-05"", ""team"": ""Missouri""}",/lineups/team,200,2026-02-21T22:20:21.562313+00:00
0.258,,False,"{""season"": 2025, ""seasonType"": ""regular"", ""team"": ""Missouri State""}",/games,200,2026-02-21T22:20:22.025629+00:00
2.533,,False,"{""endDateRange"": ""2025-03-06"", ""season"": 2025, ""startDateRange"": ""2024-11-04"", ""team"": ""Missouri State""}",/lineups/team,200,2026-02-21T22:20:24.711203+00:00
0.25,,False,"{""season"": 2025, ""seasonType"": ""regular"", ""team"": ""Monmouth""}",/games,200,2026-02-21T22:20:25.136262+00:00
2.062,,False,"{""endDateRange"": ""2025-03-10"", ""season"": 2025, ""startDateRange"": ""2024-11-05"", ""team"": ""Monmouth""}",/lineups/team,200,2026-02-21T22:20:27.350931+00:00
0.237,,False,"{""season"": 2025, ""seasonType"": ""regular"", ""team"": ""Montana""}",/games,200,2026-02-21T22:20:27.759584+00:00
2.308,,False,"{""endDateRange"": ""2025-03-13"", ""season"": 2025, ""startDateRange"": ""2024-11-05"", ""team"": ""Montana""}",/lineups/team,200,2026-02-21T22:20:30.220116+00:00
0.282,,False,"{""season"": 2025, ""seasonType"": ""regular"", ""team"": ""Montana State""}",/games,200,2026-02-21T22:20:30.678234+00:00
2.286,,False,"{""endDateRange"": ""2025-03-12"", ""season"": 2025, ""startDateRange"": ""2024-11-08"", ""team"": ""Montana State""}",/lineups/team,200,2026-02-21T22:20:33.116965+00:00
0.308,,False,"{""season"": 2025, ""seasonType"": ""regular"", ""team"": ""Morehead State""}",/games,200,2026-02-21T22:20:33.609184+00:00
2.356,,False,"{""endDateRange"": ""2025-03-06"", ""season"": 2025, ""startDateRange"": ""2024-11-05"", ""team"": ""Morehead State""}",/lineups/team,200,2026-02-21T22:20:36.117710+00:00
0.274,,False,"{""season"": 2025, ""seasonType"": ""regular"", ""team"": ""Morgan State""}",/games,200,2026-02-21T22:20:36.570082+00:00
3.061,,False,"{""endDateRange"": ""2025-03-14"", ""season"": 2025, ""startDateRange"": ""2024-11-05"", ""team"": ""Morgan State""}",/lineups/team,200,2026-02-21T22:20:39.783728+00:00
0.261,,False,"{""season"": 2025, ""seasonType"": ""regular"", ""team"": ""Mount St. Mary's""}",/games,200,2026-02-21T22:20:40.237379+00:00
2.485,,False,"{""endDateRange"": ""2025-03-15"", ""season"": 2025, ""startDateRange"": ""2024-11-05"", ""team"": ""Mount St. Mary's""}",/lineups/team,200,2026-02-21T22:20:42.874557+00:00
0.242,,False,"{""season"": 2025, ""seasonType"": ""regular"", ""team"": ""Murray State""}",/games,200,2026-02-21T22:20:43.296258+00:00
1.342,,False,"{""endDateRange"": ""2025-03-08"", ""season"": 2025, ""startDateRange"": ""2024-11-05"", ""team"": ""Murray State""}",/lineups/team,200,2026-02-21T22:20:44.790730+00:00
0.236,,False,"{""season"": 2025, ""seasonType"": ""regular"", ""team"": ""NC State""}",/games,200,2026-02-21T22:20:45.186145+00:00
1.694,,False,"{""endDateRange"": ""2025-03-08"", ""season"": 2025, ""startDateRange"": ""2024-11-05"", ""team"": ""NC State""}",/lineups/team,200,2026-02-21T22:20:47.032164+00:00
0.234,,False,"{""season"": 2025, ""seasonType"": ""regular"", ""team"": ""NJIT""}",/games,200,2026-02-21T22:20:47.435559+00:00
1.985,,False,"{""endDateRange"": ""2025-03-05"", ""season"": 2025, ""startDateRange"": ""2024-11-05"", ""team"": ""NJIT""}",/lineups/team,200,2026-02-21T22:20:49.572754+00:00
0.25,,False,"{""season"": 2025, ""seasonType"": ""regular"", ""team"": ""Navy""}",/games,200,2026-02-21T22:20:50.008226+00:00
2.742,,False,"{""endDateRange"": ""2025-03-12"", ""season"": 2025, ""startDateRange"": ""2024-11-05"", ""team"": ""Navy""}",/lineups/team,200,2026-02-21T22:20:52.903007+00:00
0.26,,False,"{""season"": 2025, ""seasonType"": ""regular"", ""team"": ""Nebraska""}",/games,200,2026-02-21T22:20:53.341909+00:00
2.523,,False,"{""endDateRange"": ""2025-03-09"", ""season"": 2025, ""startDateRange"": ""2024-11-05"", ""team"": ""Nebraska""}",/lineups/team,200,2026-02-21T22:20:56.017698+00:00
0.319,,False,"{""season"": 2025, ""seasonType"": ""regular"", ""team"": ""Omaha""}",/games,200,2026-02-21T22:20:56.512794+00:00
2.725,,False,"{""endDateRange"": ""2025-03-10"", ""season"": 2025, ""startDateRange"": ""2024-11-05"", ""team"": ""Omaha""}",/lineups/team,200,2026-02-21T22:20:59.390779+00:00
0.267,,False,"{""season"": 2025, ""seasonType"": ""regular"", ""team"": ""Nevada""}",/games,200,2026-02-21T22:20:59.828039+00:00
3.295,,False,"{""endDateRange"": ""2025-03-14"", ""season"": 2025, ""startDateRange"": ""2024-11-05"", ""team"": ""Nevada""}",/lineups/team,200,2026-02-21T22:21:03.275417+00:00
0.27,,False,"{""season"": 2025, ""seasonType"": ""regular"", ""team"": ""New Hampshire""}",/games,200,2026-02-21T22:21:03.719090+00:00
2.77,,False,"{""endDateRange"": ""2025-03-08"", ""season"": 2025, ""startDateRange"": ""2024-11-05"", ""team"": ""New Hampshire""}",/lineups/team,200,2026-02-21T22:21:06.641289+00:00
0.242,,False,"{""season"": 2025, ""seasonType"": ""regular"", ""team"": ""New Mexico""}",/games,200,2026-02-21T22:21:07.068174+00:00
2.243,,False,"{""endDateRange"": ""2025-03-15"", ""season"": 2025, ""startDateRange"": ""2024-11-05"", ""team"": ""New Mexico""}",/lineups/team,200,2026-02-21T22:21:09.463891+00:00
0.229,,False,"{""season"": 2025, ""seasonType"": ""regular"", ""team"": ""New Mexico State""}",/games,200,2026-02-21T22:21:09.862756+00:00
2.112,,False,"{""endDateRange"": ""2025-03-13"", ""season"": 2025, ""startDateRange"": ""2024-11-05"", ""team"": ""New Mexico State""}",/lineups/team,200,2026-02-21T22:21:12.127092+00:00
0.246,,False,"{""season"": 2025, ""seasonType"": ""regular"", ""team"": ""New Orleans""}",/games,200,2026-02-21T22:21:12.556031+00:00
1.882,,False,"{""endDateRange"": ""2025-03-04"", ""season"": 2025, ""startDateRange"": ""2024-11-06"", ""team"": ""New Orleans""}",/lineups/team,200,2026-02-21T22:21:14.590736+00:00
0.258,,False,"{""season"": 2025, ""seasonType"": ""regular"", ""team"": ""Niagara""}",/games,200,2026-02-21T22:21:15.024467+00:00
2.444,,False,"{""endDateRange"": ""2025-03-08"", ""season"": 2025, ""startDateRange"": ""2024-11-04"", ""team"": ""Niagara""}",/lineups/team,200,2026-02-21T22:21:17.621034+00:00
0.3,,False,"{""season"": 2025, ""seasonType"": ""regular"", ""team"": ""Nicholls""}",/games,200,2026-02-21T22:21:18.096224+00:00
2.505,,False,"{""endDateRange"": ""2025-03-12"", ""season"": 2025, ""startDateRange"": ""2024-11-05"", ""team"": ""Nicholls""}",/lineups/team,200,2026-02-21T22:21:20.754154+00:00
0.262,,False,"{""season"": 2025, ""seasonType"": ""regular"", ""team"": ""Norfolk State""}",/games,200,2026-02-21T22:21:21.198373+00:00
2.352,,False,"{""endDateRange"": ""2025-03-15"", ""season"": 2025, ""startDateRange"": ""2024-11-05"", ""team"": ""Norfolk State""}",/lineups/team,200,2026-02-21T22:21:23.702453+00:00
0.263,,False,"{""season"": 2025, ""seasonType"": ""regular"", ""team"": ""North Alabama""}",/games,200,2026-02-21T22:21:24.143295+00:00
1.941,,False,"{""endDateRange"": ""2025-03-09"", ""season"": 2025, ""startDateRange"": ""2024-11-05"", ""team"": ""North Alabama""}",/lineups/team,200,2026-02-21T22:21:26.237041+00:00
0.312,,False,"{""season"": 2025, ""seasonType"": ""regular"", ""team"": ""North Carolina""}",/games,200,2026-02-21T22:21:26.715755+00:00
2.607,,False,"{""endDateRange"": ""2025-03-14"", ""season"": 2025, ""startDateRange"": ""2024-11-05"", ""team"": ""North Carolina""}",/lineups/team,200,2026-02-21T22:21:29.475110+00:00
0.273,,False,"{""season"": 2025, ""seasonType"": ""regular"", ""team"": ""North Carolina A&T""}",/games,200,2026-02-21T22:21:29.917557+00:00
1.672,,False,"{""endDateRange"": ""2025-03-07"", ""season"": 2025, ""startDateRange"": ""2024-11-05"", ""team"": ""North Carolina A&T""}",/lineups/team,200,2026-02-21T22:21:31.741954+00:00
0.272,,False,"{""season"": 2025, ""seasonType"": ""regular"", ""team"": ""North Carolina Central""}",/games,200,2026-02-21T22:21:32.175823+00:00
2.094,,False,"{""endDateRange"": ""2025-03-15"", ""season"": 2025, ""startDateRange"": ""2024-11-05"", ""team"": ""North Carolina Central""}",/lineups/team,200,2026-02-21T22:21:34.422532+00:00
0.265,,False,"{""season"": 2025, ""seasonType"": ""regular"", ""team"": ""North Dakota""}",/games,200,2026-02-21T22:21:34.862949+00:00
3.061,,False,"{""endDateRange"": ""2025-03-09"", ""season"": 2025, ""startDateRange"": ""2024-11-05"", ""team"": ""North Dakota""}",/lineups/team,200,2026-02-21T22:21:38.076783+00:00
0.262,,False,"{""season"": 2025, ""seasonType"": ""regular"", ""team"": ""North Dakota State""}",/games,200,2026-02-21T22:21:38.515408+00:00
3.329,,False,"{""endDateRange"": ""2025-03-08"", ""season"": 2025, ""startDateRange"": ""2024-11-05"", ""team"": ""North Dakota State""}",/lineups/team,200,2026-02-21T22:21:41.996894+00:00
0.255,,False,"{""season"": 2025, ""seasonType"": ""regular"", ""team"": ""North Florida""}",/games,200,2026-02-21T22:21:42.425313+00:00
2.473,,False,"{""endDateRange"": ""2025-03-03"", ""season"": 2025, ""startDateRange"": ""2024-11-05"", ""team"": ""North Florida""}",/lineups/team,200,2026-02-21T22:21:45.050799+00:00
0.312,,False,"{""season"": 2025, ""seasonType"": ""regular"", ""team"": ""North Texas""}",/games,200,2026-02-21T22:21:45.529326+00:00
3.138,,False,"{""endDateRange"": ""2025-03-15"", ""season"": 2025, ""startDateRange"": ""2024-11-06"", ""team"": ""North Texas""}",/lineups/team,200,2026-02-21T22:21:48.819485+00:00
0.26,,False,"{""season"": 2025, ""seasonType"": ""regular"", ""team"": ""Northeastern""}",/games,200,2026-02-21T22:21:49.241926+00:00
1.987,,False,"{""endDateRange"": ""2025-03-08"", ""season"": 2025, ""startDateRange"": ""2024-11-05"", ""team"": ""Northeastern""}",/lineups/team,200,2026-02-21T22:21:51.381018+00:00
0.273,,False,"{""season"": 2025, ""seasonType"": ""regular"", ""team"": ""Northern Arizona""}",/games,200,2026-02-21T22:21:51.826937+00:00
2.493,,False,"{""endDateRange"": ""2025-03-10"", ""season"": 2025, ""startDateRange"": ""2024-11-05"", ""team"": ""Northern Arizona""}",/lineups/team,200,2026-02-21T22:21:54.472484+00:00
0.313,,False,"{""season"": 2025, ""seasonType"": ""regular"", ""team"": ""Northern Colorado""}",/games,200,2026-02-21T22:21:54.961497+00:00
2.577,,False,"{""endDateRange"": ""2025-03-13"", ""season"": 2025, ""startDateRange"": ""2024-11-05"", ""team"": ""Northern Colorado""}",/lineups/team,200,2026-02-21T22:21:57.690917+00:00
0.268,,False,"{""season"": 2025, ""seasonType"": ""regular"", ""team"": ""Northern Illinois""}",/games,200,2026-02-21T22:21:58.129368+00:00
2.62,,False,"{""endDateRange"": ""2025-03-08"", ""season"": 2025, ""startDateRange"": ""2024-11-05"", ""team"": ""Northern Illinois""}",/lineups/team,200,2026-02-21T22:22:00.901471+00:00
0.339,,False,"{""season"": 2025, ""seasonType"": ""regular"", ""team"": ""Northern Iowa""}",/games,200,2026-02-21T22:22:01.415697+00:00
2.102,,False,"{""endDateRange"": ""2025-03-08"", ""season"": 2025, ""startDateRange"": ""2024-11-05"", ""team"": ""Northern Iowa""}",/lineups/team,200,2026-02-21T22:22:03.670534+00:00
0.263,,False,"{""season"": 2025, ""seasonType"": ""regular"", ""team"": ""Northern Kentucky""}",/games,200,2026-02-21T22:22:04.105524+00:00
2.903,,False,"{""endDateRange"": ""2025-03-07"", ""season"": 2025, ""startDateRange"": ""2024-11-05"", ""team"": ""Northern Kentucky""}",/lineups/team,200,2026-02-21T22:22:07.160637+00:00
0.273,,False,"{""season"": 2025, ""seasonType"": ""regular"", ""team"": ""Northwestern""}",/games,200,2026-02-21T22:22:07.603802+00:00
2.37,,False,"{""endDateRange"": ""2025-03-13"", ""season"": 2025, ""startDateRange"": ""2024-11-05"", ""team"": ""Northwestern""}",/lineups/team,200,2026-02-21T22:22:10.126081+00:00
0.234,,False,"{""season"": 2025, ""seasonType"": ""regular"", ""team"": ""Northwestern State""}",/games,200,2026-02-21T22:22:10.534495+00:00
2.321,,False,"{""endDateRange"": ""2025-03-11"", ""season"": 2025, ""startDateRange"": ""2024-11-05"", ""team"": ""Northwestern State""}",/lineups/team,200,2026-02-21T22:22:13.008312+00:00
0.257,,False,"{""season"": 2025, ""seasonType"": ""regular"", ""team"": ""Notre Dame""}",/games,200,2026-02-21T22:22:13.448680+00:00
3.009,,False,"{""endDateRange"": ""2025-03-12"", ""season"": 2025, ""startDateRange"": ""2024-11-07"", ""team"": ""Notre Dame""}",/lineups/team,200,2026-02-21T22:22:16.609920+00:00
0.268,,False,"{""season"": 2025, ""seasonType"": ""regular"", ""team"": ""Oakland""}",/games,200,2026-02-21T22:22:17.070004+00:00
2.803,,False,"{""endDateRange"": ""2025-03-10"", ""season"": 2025, ""startDateRange"": ""2024-11-05"", ""team"": ""Oakland""}",/lineups/team,200,2026-02-21T22:22:20.025138+00:00
0.354,,False,"{""season"": 2025, ""seasonType"": ""regular"", ""team"": ""Ohio""}",/games,200,2026-02-21T22:22:20.558175+00:00
2.465,,False,"{""endDateRange"": ""2025-03-13"", ""season"": 2025, ""startDateRange"": ""2024-11-05"", ""team"": ""Ohio""}",/lineups/team,200,2026-02-21T22:22:23.176150+00:00
0.269,,False,"{""season"": 2025, ""seasonType"": ""regular"", ""team"": ""Ohio State""}",/games,200,2026-02-21T22:22:23.614420+00:00
2.904,,False,"{""endDateRange"": ""2025-03-12"", ""season"": 2025, ""startDateRange"": ""2024-11-05"", ""team"": ""Ohio State""}",/lineups/team,200,2026-02-21T22:22:26.670389+00:00
0.271,,False,"{""season"": 2025, ""seasonType"": ""regular"", ""team"": ""Oklahoma""}",/games,200,2026-02-21T22:22:27.119031+00:00
3.292,,False,"{""endDateRange"": ""2025-03-14"", ""season"": 2025, ""startDateRange"": ""2024-11-05"", ""team"": ""Oklahoma""}",/lineups/team,200,2026-02-21T22:22:30.563409+00:00
0.264,,False,"{""season"": 2025, ""seasonType"": ""regular"", ""team"": ""Oklahoma State""}",/games,200,2026-02-21T22:22:31.010361+00:00
3.391,,False,"{""endDateRange"": ""2025-03-11"", ""season"": 2025, ""startDateRange"": ""2024-11-05"", ""team"": ""Oklahoma State""}",/lineups/team,200,2026-02-21T22:22:34.553291+00:00
0.253,,False,"{""season"": 2025, ""seasonType"": ""regular"", ""team"": ""Old Dominion""}",/games,200,2026-02-21T22:22:34.992940+00:00
2.582,,False,"{""endDateRange"": ""2025-03-09"", ""season"": 2025, ""startDateRange"": ""2024-11-05"", ""team"": ""Old Dominion""}",/lineups/team,200,2026-02-21T22:22:37.727702+00:00
0.273,,False,"{""season"": 2025, ""seasonType"": ""regular"", ""team"": ""Oral Roberts""}",/games,200,2026-02-21T22:22:38.181139+00:00
1.972,,False,"{""endDateRange"": ""2025-03-06"", ""season"": 2025, ""startDateRange"": ""2024-11-07"", ""team"": ""Oral Roberts""}",/lineups/team,200,2026-02-21T22:22:40.305105+00:00
0.272,,False,"{""season"": 2025, ""seasonType"": ""regular"", ""team"": ""Oregon""}",/games,200,2026-02-21T22:22:40.747534+00:00
2.506,,False,"{""endDateRange"": ""2025-03-14"", ""season"": 2025, ""startDateRange"": ""2024-11-05"", ""team"": ""Oregon""}",/lineups/team,200,2026-02-21T22:22:43.406204+00:00
0.248,,False,"{""season"": 2025, ""seasonType"": ""regular"", ""team"": ""Oregon State""}",/games,200,2026-02-21T22:22:43.824216+00:00
2.099,,False,"{""endDateRange"": ""2025-03-09"", ""season"": 2025, ""startDateRange"": ""2024-11-05"", ""team"": ""Oregon State""}",/lineups/team,200,2026-02-21T22:22:46.075943+00:00
0.262,,False,"{""season"": 2025, ""seasonType"": ""regular"", ""team"": ""Pacific""}",/games,200,2026-02-21T22:22:46.509902+00:00
2.25,,False,"{""endDateRange"": ""2025-03-06"", ""season"": 2025, ""startDateRange"": ""2024-11-05"", ""team"": ""Pacific""}",/lineups/team,200,2026-02-21T22:22:48.912594+00:00
0.261,,False,"{""season"": 2025, ""seasonType"": ""regular"", ""team"": ""Pennsylvania""}",/games,200,2026-02-21T22:22:49.344821+00:00
2.689,,False,"{""endDateRange"": ""2025-03-08"", ""season"": 2025, ""startDateRange"": ""2024-11-05"", ""team"": ""Pennsylvania""}",/lineups/team,200,2026-02-21T22:22:52.186302+00:00
0.256,,False,"{""season"": 2025, ""seasonType"": ""regular"", ""team"": ""Penn State""}",/games,200,2026-02-21T22:22:52.622509+00:00
2.365,,False,"{""endDateRange"": ""2025-03-08"", ""season"": 2025, ""startDateRange"": ""2024-11-05"", ""team"": ""Penn State""}",/lineups/team,200,2026-02-21T22:22:55.139900+00:00
0.264,,False,"{""season"": 2025, ""seasonType"": ""regular"", ""team"": ""Pepperdine""}",/games,200,2026-02-21T22:22:55.574872+00:00
2.157,,False,"{""endDateRange"": ""2025-03-11"", ""season"": 2025, ""startDateRange"": ""2024-11-07"", ""team"": ""Pepperdine""}",/lineups/team,200,2026-02-21T22:22:57.884467+00:00
0.252,,False,"{""season"": 2025, ""seasonType"": ""regular"", ""team"": ""Pittsburgh""}",/games,200,2026-02-21T22:22:58.315441+00:00
2.494,,False,"{""endDateRange"": ""2025-03-11"", ""season"": 2025, ""startDateRange"": ""2024-11-05"", ""team"": ""Pittsburgh""}",/lineups/team,200,2026-02-21T22:23:00.961850+00:00
0.581,,False,"{""season"": 2025, ""seasonType"": ""regular"", ""team"": ""Portland""}",/games,200,2026-02-21T22:23:01.710764+00:00
2.61,,False,"{""endDateRange"": ""2025-03-08"", ""season"": 2025, ""startDateRange"": ""2024-11-07"", ""team"": ""Portland""}",/lineups/team,200,2026-02-21T22:23:04.473049+00:00
0.271,,False,"{""season"": 2025, ""seasonType"": ""regular"", ""team"": ""Portland State""}",/games,200,2026-02-21T22:23:04.922944+00:00
2.745,,False,"{""endDateRange"": ""2025-03-11"", ""season"": 2025, ""startDateRange"": ""2024-11-05"", ""team"": ""Portland State""}",/lineups/team,200,2026-02-21T22:23:07.820932+00:00
1.594,,False,"{""season"": 2025, ""seasonType"": ""regular"", ""team"": ""Prairie View A&M""}",/games,200,2026-02-21T22:23:09.590628+00:00
2.495,,False,"{""endDateRange"": ""2025-03-12"", ""season"": 2025, ""startDateRange"": ""2024-11-05"", ""team"": ""Prairie View A&M""}",/lineups/team,200,2026-02-21T22:23:12.238563+00:00
0.268,,False,"{""season"": 2025, ""seasonType"": ""regular"", ""team"": ""Presbyterian""}",/games,200,2026-02-21T22:23:12.685260+00:00
2.064,,False,"{""endDateRange"": ""2025-03-07"", ""season"": 2025, ""startDateRange"": ""2024-11-05"", ""team"": ""Presbyterian""}",/lineups/team,200,2026-02-21T22:23:14.902062+00:00
0.277,,False,"{""season"": 2025, ""seasonType"": ""regular"", ""team"": ""Princeton""}",/games,200,2026-02-21T22:23:15.347159+00:00
2.372,,False,"{""endDateRange"": ""2025-03-15"", ""season"": 2025, ""startDateRange"": ""2024-11-05"", ""team"": ""Princeton""}",/lineups/team,200,2026-02-21T22:23:17.871843+00:00
0.262,,False,"{""season"": 2025, ""seasonType"": ""regular"", ""team"": ""Providence""}",/games,200,2026-02-21T22:23:18.313206+00:00
2.523,,False,"{""endDateRange"": ""2025-03-12"", ""season"": 2025, ""startDateRange"": ""2024-11-05"", ""team"": ""Providence""}",/lineups/team,200,2026-02-21T22:23:20.988370+00:00
0.271,,False,"{""season"": 2025, ""seasonType"": ""regular"", ""team"": ""Purdue""}",/games,200,2026-02-21T22:23:21.449227+00:00
2.219,,False,"{""endDateRange"": ""2025-03-15"", ""season"": 2025, ""startDateRange"": ""2024-11-04"", ""team"": ""Purdue""}",/lineups/team,200,2026-02-21T22:23:23.820757+00:00
0.258,,False,"{""season"": 2025, ""seasonType"": ""regular"", ""team"": ""Purdue Fort Wayne""}",/games,200,2026-02-21T22:23:24.244223+00:00
3.163,,False,"{""endDateRange"": ""2025-03-07"", ""season"": 2025, ""startDateRange"": ""2024-11-05"", ""team"": ""Purdue Fort Wayne""}",/lineups/team,200,2026-02-21T22:23:27.560214+00:00
0.257,,False,"{""season"": 2025, ""seasonType"": ""regular"", ""team"": ""Queens University""}",/games,200,2026-02-21T22:23:27.989037+00:00
2.777,,False,"{""endDateRange"": ""2025-03-07"", ""season"": 2025, ""startDateRange"": ""2024-11-05"", ""team"": ""Queens University""}",/lineups/team,200,2026-02-21T22:23:30.918819+00:00
0.272,,False,"{""season"": 2025, ""seasonType"": ""regular"", ""team"": ""Quinnipiac""}",/games,200,2026-02-21T22:23:31.374097+00:00
2.168,,False,"{""endDateRange"": ""2025-03-14"", ""season"": 2025, ""startDateRange"": ""2024-11-05"", ""team"": ""Quinnipiac""}",/lineups/team,200,2026-02-21T22:23:33.694941+00:00
0.251,,False,"{""season"": 2025, ""seasonType"": ""regular"", ""team"": ""Radford""}",/games,200,2026-02-21T22:23:34.118609+00:00
3.721,,False,"{""endDateRange"": ""2025-03-08"", ""season"": 2025, ""startDateRange"": ""2024-11-05"", ""team"": ""Radford""}",/lineups/team,200,2026-02-21T22:23:37.992885+00:00
0.285,,False,"{""season"": 2025, ""seasonType"": ""regular"", ""team"": ""Rhode Island""}",/games,200,2026-02-21T22:23:38.475610+00:00
2.077,,False,"{""endDateRange"": ""2025-03-12"", ""season"": 2025, ""startDateRange"": ""2024-11-05"", ""team"": ""Rhode Island""}",/lineups/team,200,2026-02-21T22:23:40.705264+00:00
0.242,,False,"{""season"": 2025, ""seasonType"": ""regular"", ""team"": ""Rice""}",/games,200,2026-02-21T22:23:41.113113+00:00
2.523,,False,"{""endDateRange"": ""2025-03-12"", ""season"": 2025, ""startDateRange"": ""2024-11-06"", ""team"": ""Rice""}",/lineups/team,200,2026-02-21T22:23:43.788308+00:00
0.246,,False,"{""season"": 2025, ""seasonType"": ""regular"", ""team"": ""Richmond""}",/games,200,2026-02-21T22:23:44.217453+00:00
2.488,,False,"{""endDateRange"": ""2025-03-12"", ""season"": 2025, ""startDateRange"": ""2024-11-07"", ""team"": ""Richmond""}",/lineups/team,200,2026-02-21T22:23:46.857546+00:00
0.255,,False,"{""season"": 2025, ""seasonType"": ""regular"", ""team"": ""Rider""}",/games,200,2026-02-21T22:23:47.291958+00:00
1.936,,False,"{""endDateRange"": ""2025-03-12"", ""season"": 2025, ""startDateRange"": ""2024-11-05"", ""team"": ""Rider""}",/lineups/team,200,2026-02-21T22:23:49.380178+00:00
0.231,,False,"{""season"": 2025, ""seasonType"": ""regular"", ""team"": ""Robert Morris""}",/games,200,2026-02-21T22:23:49.797457+00:00
2.222,,False,"{""endDateRange"": ""2025-03-11"", ""season"": 2025, ""startDateRange"": ""2024-11-05"", ""team"": ""Robert Morris""}",/lineups/team,200,2026-02-21T22:23:52.171921+00:00
0.254,,False,"{""season"": 2025, ""seasonType"": ""regular"", ""team"": ""Rutgers""}",/games,200,2026-02-21T22:23:52.593825+00:00
2.613,,False,"{""endDateRange"": ""2025-03-13"", ""season"": 2025, ""startDateRange"": ""2024-11-06"", ""team"": ""Rutgers""}",/lineups/team,200,2026-02-21T22:23:55.359460+00:00
0.258,,False,"{""season"": 2025, ""seasonType"": ""regular"", ""team"": ""SIU Edwardsville""}",/games,200,2026-02-21T22:23:55.805839+00:00
2.332,,False,"{""endDateRange"": ""2025-03-09"", ""season"": 2025, ""startDateRange"": ""2024-11-05"", ""team"": ""SIU Edwardsville""}",/lineups/team,200,2026-02-21T22:23:58.289739+00:00
0.236,,False,"{""season"": 2025, ""seasonType"": ""regular"", ""team"": ""SMU""}",/games,200,2026-02-21T22:23:58.704043+00:00
2.95,,False,"{""endDateRange"": ""2025-03-14"", ""season"": 2025, ""startDateRange"": ""2024-11-05"", ""team"": ""SMU""}",/lineups/team,200,2026-02-21T22:24:01.806449+00:00
0.321,,False,"{""season"": 2025, ""seasonType"": ""regular"", ""team"": ""Sacramento State""}",/games,200,2026-02-21T22:24:02.305000+00:00
2.058,,False,"{""endDateRange"": ""2025-03-09"", ""season"": 2025, ""startDateRange"": ""2024-11-06"", ""team"": ""Sacramento State""}",/lineups/team,200,2026-02-21T22:24:04.515778+00:00
0.236,,False,"{""season"": 2025, ""seasonType"": ""regular"", ""team"": ""Sacred Heart""}",/games,200,2026-02-21T22:24:04.930840+00:00
1.876,,False,"{""endDateRange"": ""2025-03-13"", ""season"": 2025, ""startDateRange"": ""2024-11-04"", ""team"": ""Sacred Heart""}",/lineups/team,200,2026-02-21T22:24:06.959155+00:00
0.252,,False,"{""season"": 2025, ""seasonType"": ""regular"", ""team"": ""St. Francis (PA)""}",/games,200,2026-02-21T22:24:07.390890+00:00
1.742,,False,"{""endDateRange"": ""2025-03-11"", ""season"": 2025, ""startDateRange"": ""2024-11-05"", ""team"": ""St. Francis (PA)""}",/lineups/team,200,2026-02-21T22:24:09.285383+00:00
0.262,,False,"{""season"": 2025, ""seasonType"": ""regular"", ""team"": ""Saint Joseph's""}",/games,200,2026-02-21T22:24:09.719876+00:00
1.943,,False,"{""endDateRange"": ""2025-03-15"", ""season"": 2025, ""startDateRange"": ""2024-11-05"", ""team"": ""Saint Joseph's""}",/lineups/team,200,2026-02-21T22:24:11.814812+00:00
0.227,,False,"{""season"": 2025, ""seasonType"": ""regular"", ""team"": ""Saint Louis""}",/games,200,2026-02-21T22:24:12.203501+00:00
1.758,,False,"{""endDateRange"": ""2025-03-14"", ""season"": 2025, ""startDateRange"": ""2024-11-04"", ""team"": ""Saint Louis""}",/lineups/team,200,2026-02-21T22:24:14.113654+00:00
0.243,,False,"{""season"": 2025, ""seasonType"": ""regular"", ""team"": ""Saint Mary's""}",/games,200,2026-02-21T22:24:14.523115+00:00
1.742,,False,"{""endDateRange"": ""2025-03-12"", ""season"": 2025, ""startDateRange"": ""2024-11-05"", ""team"": ""Saint Mary's""}",/lineups/team,200,2026-02-21T22:24:16.417008+00:00
0.25,,False,"{""season"": 2025, ""seasonType"": ""regular"", ""team"": ""Saint Peter's""}",/games,200,2026-02-21T22:24:16.830472+00:00
2.003,,False,"{""endDateRange"": ""2025-03-08"", ""season"": 2025, ""startDateRange"": ""2024-11-05"", ""team"": ""Saint Peter's""}",/lineups/team,200,2026-02-21T22:24:18.985311+00:00
0.229,,False,"{""season"": 2025, ""seasonType"": ""regular"", ""team"": ""Sam Houston""}",/games,200,2026-02-21T22:24:19.395073+00:00
2.477,,False,"{""endDateRange"": ""2025-03-11"", ""season"": 2025, ""startDateRange"": ""2024-11-05"", ""team"": ""Sam Houston""}",/lineups/team,200,2026-02-21T22:24:22.024408+00:00
0.264,,False,"{""season"": 2025, ""seasonType"": ""regular"", ""team"": ""Samford""}",/games,200,2026-02-21T22:24:22.462128+00:00
4.404,,False,"{""endDateRange"": ""2025-03-09"", ""season"": 2025, ""startDateRange"": ""2024-11-05"", ""team"": ""Samford""}",/lineups/team,200,2026-02-21T22:24:27.018398+00:00
0.245,,False,"{""season"": 2025, ""seasonType"": ""regular"", ""team"": ""San Diego""}",/games,200,2026-02-21T22:24:27.447902+00:00
2.415,,False,"{""endDateRange"": ""2025-03-08"", ""season"": 2025, ""startDateRange"": ""2024-11-07"", ""team"": ""San Diego""}",/lineups/team,200,2026-02-21T22:24:30.015111+00:00
0.238,,False,"{""season"": 2025, ""seasonType"": ""regular"", ""team"": ""San Diego State""}",/games,200,2026-02-21T22:24:30.470613+00:00
2.353,,False,"{""endDateRange"": ""2025-03-13"", ""season"": 2025, ""startDateRange"": ""2024-11-07"", ""team"": ""San Diego State""}",/lineups/team,200,2026-02-21T22:24:32.975564+00:00
0.246,,False,"{""season"": 2025, ""seasonType"": ""regular"", ""team"": ""San Francisco""}",/games,200,2026-02-21T22:24:33.396356+00:00
2.968,,False,"{""endDateRange"": ""2025-03-11"", ""season"": 2025, ""startDateRange"": ""2024-11-06"", ""team"": ""San Francisco""}",/lineups/team,200,2026-02-21T22:24:36.516817+00:00
0.238,,False,"{""season"": 2025, ""seasonType"": ""regular"", ""team"": ""San Jos\u00e9 State""}",/games,200,2026-02-21T22:24:36.942519+00:00
2.137,,False,"{""endDateRange"": ""2025-03-13"", ""season"": 2025, ""startDateRange"": ""2024-11-05"", ""team"": ""San Jos\u00e9 State""}",/lineups/team,200,2026-02-21T22:24:39.232303+00:00
0.229,,False,"{""season"": 2025, ""seasonType"": ""regular"", ""team"": ""Santa Clara""}",/games,200,2026-02-21T22:24:39.632738+00:00
2.648,,False,"{""endDateRange"": ""2025-03-10"", ""season"": 2025, ""startDateRange"": ""2024-11-04"", ""team"": ""Santa Clara""}",/lineups/team,200,2026-02-21T22:24:42.433381+00:00
0.259,,False,"{""season"": 2025, ""seasonType"": ""regular"", ""team"": ""Seattle U""}",/games,200,2026-02-21T22:24:42.864659+00:00
2.694,,False,"{""endDateRange"": ""2025-03-15"", ""season"": 2025, ""startDateRange"": ""2024-11-07"", ""team"": ""Seattle U""}",/lineups/team,200,2026-02-21T22:24:45.711179+00:00
0.232,,False,"{""season"": 2025, ""seasonType"": ""regular"", ""team"": ""Seton Hall""}",/games,200,2026-02-21T22:24:46.129024+00:00
2.159,,False,"{""endDateRange"": ""2025-03-13"", ""season"": 2025, ""startDateRange"": ""2024-11-05"", ""team"": ""Seton Hall""}",/lineups/team,200,2026-02-21T22:24:48.439925+00:00
0.265,,False,"{""season"": 2025, ""seasonType"": ""regular"", ""team"": ""Siena""}",/games,200,2026-02-21T22:24:48.892461+00:00
1.603,,False,"{""endDateRange"": ""2025-03-11"", ""season"": 2025, ""startDateRange"": ""2024-11-05"", ""team"": ""Siena""}",/lineups/team,200,2026-02-21T22:24:50.647826+00:00
0.291,,False,"{""season"": 2025, ""seasonType"": ""regular"", ""team"": ""South Alabama""}",/games,200,2026-02-21T22:24:51.108156+00:00
2.289,,False,"{""endDateRange"": ""2025-03-09"", ""season"": 2025, ""startDateRange"": ""2024-11-05"", ""team"": ""South Alabama""}",/lineups/team,200,2026-02-21T22:24:53.549397+00:00
0.265,,False,"{""season"": 2025, ""seasonType"": ""regular"", ""team"": ""South Carolina""}",/games,200,2026-02-21T22:24:53.976375+00:00
2.3,,False,"{""endDateRange"": ""2025-03-12"", ""season"": 2025, ""startDateRange"": ""2024-11-05"", ""team"": ""South Carolina""}",/lineups/team,200,2026-02-21T22:24:56.429196+00:00
0.276,,False,"{""season"": 2025, ""seasonType"": ""regular"", ""team"": ""South Carolina State""}",/games,200,2026-02-21T22:24:56.882468+00:00
3.761,,False,"{""endDateRange"": ""2025-03-15"", ""season"": 2025, ""startDateRange"": ""2024-11-05"", ""team"": ""South Carolina State""}",/lineups/team,200,2026-02-21T22:25:00.795784+00:00
0.333,,False,"{""season"": 2025, ""seasonType"": ""regular"", ""team"": ""South Dakota""}",/games,200,2026-02-21T22:25:01.329444+00:00
4.44,,False,"{""endDateRange"": ""2025-03-09"", ""season"": 2025, ""startDateRange"": ""2024-11-05"", ""team"": ""South Dakota""}",/lineups/team,200,2026-02-21T22:25:05.921965+00:00
0.265,,False,"{""season"": 2025, ""seasonType"": ""regular"", ""team"": ""South Dakota State""}",/games,200,2026-02-21T22:25:06.370254+00:00
2.659,,False,"{""endDateRange"": ""2025-03-08"", ""season"": 2025, ""startDateRange"": ""2024-11-04"", ""team"": ""South Dakota State""}",/lineups/team,200,2026-02-21T22:25:09.182145+00:00
0.262,,False,"{""season"": 2025, ""seasonType"": ""regular"", ""team"": ""South Florida""}",/games,200,2026-02-21T22:25:09.617888+00:00
2.306,,False,"{""endDateRange"": ""2025-03-13"", ""season"": 2025, ""startDateRange"": ""2024-11-05"", ""team"": ""South Florida""}",/lineups/team,200,2026-02-21T22:25:12.075967+00:00
0.265,,False,"{""season"": 2025, ""seasonType"": ""regular"", ""team"": ""Southeast Missouri State""}",/games,200,2026-02-21T22:25:12.512863+00:00
2.457,,False,"{""endDateRange"": ""2025-03-09"", ""season"": 2025, ""startDateRange"": ""2024-11-05"", ""team"": ""Southeast Missouri State""}",/lineups/team,200,2026-02-21T22:25:15.121974+00:00
0.272,,False,"{""season"": 2025, ""seasonType"": ""regular"", ""team"": ""SE Louisiana""}",/games,200,2026-02-21T22:25:15.571326+00:00
2.32,,False,"{""endDateRange"": ""2025-03-10"", ""season"": 2025, ""startDateRange"": ""2024-11-05"", ""team"": ""SE Louisiana""}",/lineups/team,200,2026-02-21T22:25:18.043418+00:00
0.243,,False,"{""season"": 2025, ""seasonType"": ""regular"", ""team"": ""Southern""}",/games,200,2026-02-21T22:25:18.470861+00:00
2.759,,False,"{""endDateRange"": ""2025-03-12"", ""season"": 2025, ""startDateRange"": ""2024-11-05"", ""team"": ""Southern""}",/lineups/team,200,2026-02-21T22:25:21.382187+00:00
0.247,,False,"{""season"": 2025, ""seasonType"": ""regular"", ""team"": ""Southern Illinois""}",/games,200,2026-02-21T22:25:21.822425+00:00
2.151,,False,"{""endDateRange"": ""2025-03-07"", ""season"": 2025, ""startDateRange"": ""2024-11-04"", ""team"": ""Southern Illinois""}",/lineups/team,200,2026-02-21T22:25:24.125572+00:00
0.232,,False,"{""season"": 2025, ""seasonType"": ""regular"", ""team"": ""Southern Indiana""}",/games,200,2026-02-21T22:25:24.530719+00:00
1.549,,False,"{""endDateRange"": ""2025-03-01"", ""season"": 2025, ""startDateRange"": ""2024-11-05"", ""team"": ""Southern Indiana""}",/lineups/team,200,2026-02-21T22:25:26.232367+00:00
0.277,,False,"{""season"": 2025, ""seasonType"": ""regular"", ""team"": ""Southern Miss""}",/games,200,2026-02-21T22:25:26.686101+00:00
2.441,,False,"{""endDateRange"": ""2025-03-05"", ""season"": 2025, ""startDateRange"": ""2024-11-05"", ""team"": ""Southern Miss""}",/lineups/team,200,2026-02-21T22:25:29.279435+00:00
0.257,,False,"{""season"": 2025, ""seasonType"": ""regular"", ""team"": ""Southern Utah""}",/games,200,2026-02-21T22:25:29.724330+00:00
2.787,,False,"{""endDateRange"": ""2025-03-11"", ""season"": 2025, ""startDateRange"": ""2024-11-05"", ""team"": ""Southern Utah""}",/lineups/team,200,2026-02-21T22:25:32.663450+00:00
0.344,,False,"{""season"": 2025, ""seasonType"": ""regular"", ""team"": ""St. Bonaventure""}",/games,200,2026-02-21T22:25:33.202632+00:00
1.782,,False,"{""endDateRange"": ""2025-03-14"", ""season"": 2025, ""startDateRange"": ""2024-11-05"", ""team"": ""St. Bonaventure""}",/lineups/team,200,2026-02-21T22:25:35.137124+00:00
0.277,,False,"{""season"": 2025, ""seasonType"": ""regular"", ""team"": ""St. John's""}",/games,200,2026-02-21T22:25:35.578732+00:00
2.268,,False,"{""endDateRange"": ""2025-03-15"", ""season"": 2025, ""startDateRange"": ""2024-11-04"", ""team"": ""St. John's""}",/lineups/team,200,2026-02-21T22:25:37.999559+00:00
0.302,,False,"{""season"": 2025, ""seasonType"": ""regular"", ""team"": ""Stanford""}",/games,200,2026-02-21T22:25:38.479670+00:00
2.358,,False,"{""endDateRange"": ""2025-03-13"", ""season"": 2025, ""startDateRange"": ""2024-11-04"", ""team"": ""Stanford""}",/lineups/team,200,2026-02-21T22:25:40.990025+00:00
0.318,,False,"{""season"": 2025, ""seasonType"": ""regular"", ""team"": ""Stephen F. Austin""}",/games,200,2026-02-21T22:25:41.489111+00:00
2.379,,False,"{""endDateRange"": ""2025-03-04"", ""season"": 2025, ""startDateRange"": ""2024-11-05"", ""team"": ""Stephen F. Austin""}",/lineups/team,200,2026-02-21T22:25:44.019993+00:00
0.248,,False,"{""season"": 2025, ""seasonType"": ""regular"", ""team"": ""Stetson""}",/games,200,2026-02-21T22:25:44.454920+00:00
2.12,,False,"{""endDateRange"": ""2025-03-03"", ""season"": 2025, ""startDateRange"": ""2024-11-05"", ""team"": ""Stetson""}",/lineups/team,200,2026-02-21T22:25:46.727740+00:00
0.268,,False,"{""season"": 2025, ""seasonType"": ""regular"", ""team"": ""Stonehill""}",/games,200,2026-02-21T22:25:47.187605+00:00
2.626,,False,"{""endDateRange"": ""2025-03-06"", ""season"": 2025, ""startDateRange"": ""2024-11-04"", ""team"": ""Stonehill""}",/lineups/team,200,2026-02-21T22:25:49.965873+00:00
0.265,,False,"{""season"": 2025, ""seasonType"": ""regular"", ""team"": ""Stony Brook""}",/games,200,2026-02-21T22:25:50.412078+00:00
2.045,,False,"{""endDateRange"": ""2025-03-07"", ""season"": 2025, ""startDateRange"": ""2024-11-05"", ""team"": ""Stony Brook""}",/lineups/team,200,2026-02-21T22:25:52.609636+00:00
0.263,,False,"{""season"": 2025, ""seasonType"": ""regular"", ""team"": ""Syracuse""}",/games,200,2026-02-21T22:25:53.040842+00:00
2.058,,False,"{""endDateRange"": ""2025-03-13"", ""season"": 2025, ""startDateRange"": ""2024-11-05"", ""team"": ""Syracuse""}",/lineups/team,200,2026-02-21T22:25:55.251246+00:00
0.265,,False,"{""season"": 2025, ""seasonType"": ""regular"", ""team"": ""TCU""}",/games,200,2026-02-21T22:25:55.687326+00:00
3.373,,False,"{""endDateRange"": ""2025-03-11"", ""season"": 2025, ""startDateRange"": ""2024-11-05"", ""team"": ""TCU""}",/lineups/team,200,2026-02-21T22:25:59.212469+00:00
0.271,,False,"{""season"": 2025, ""seasonType"": ""regular"", ""team"": ""Tarleton State""}",/games,200,2026-02-21T22:25:59.659469+00:00
2.707,,False,"{""endDateRange"": ""2025-03-14"", ""season"": 2025, ""startDateRange"": ""2024-11-05"", ""team"": ""Tarleton State""}",/lineups/team,200,2026-02-21T22:26:02.519015+00:00
0.391,,False,"{""season"": 2025, ""seasonType"": ""regular"", ""team"": ""Temple""}",/games,200,2026-02-21T22:26:03.090035+00:00
2.684,,False,"{""endDateRange"": ""2025-03-13"", ""season"": 2025, ""startDateRange"": ""2024-11-04"", ""team"": ""Temple""}",/lineups/team,200,2026-02-21T22:26:05.926107+00:00
0.261,,False,"{""season"": 2025, ""seasonType"": ""regular"", ""team"": ""Tennessee""}",/games,200,2026-02-21T22:26:06.371566+00:00
2.624,,False,"{""endDateRange"": ""2025-03-16"", ""season"": 2025, ""startDateRange"": ""2024-11-05"", ""team"": ""Tennessee""}",/lineups/team,200,2026-02-21T22:26:09.148279+00:00
0.235,,False,"{""season"": 2025, ""seasonType"": ""regular"", ""team"": ""UT Martin""}",/games,200,2026-02-21T22:26:09.548205+00:00
2.165,,False,"{""endDateRange"": ""2025-03-07"", ""season"": 2025, ""startDateRange"": ""2024-11-05"", ""team"": ""UT Martin""}",/lineups/team,200,2026-02-21T22:26:11.866051+00:00
0.277,,False,"{""season"": 2025, ""seasonType"": ""regular"", ""team"": ""Tennessee State""}",/games,200,2026-02-21T22:26:12.322480+00:00
2.115,,False,"{""endDateRange"": ""2025-03-08"", ""season"": 2025, ""startDateRange"": ""2024-11-05"", ""team"": ""Tennessee State""}",/lineups/team,200,2026-02-21T22:26:14.589812+00:00
0.253,,False,"{""season"": 2025, ""seasonType"": ""regular"", ""team"": ""Tennessee Tech""}",/games,200,2026-02-21T22:26:15.023709+00:00
2.216,,False,"{""endDateRange"": ""2025-03-06"", ""season"": 2025, ""startDateRange"": ""2024-11-05"", ""team"": ""Tennessee Tech""}",/lineups/team,200,2026-02-21T22:26:17.392271+00:00
0.28,,False,"{""season"": 2025, ""seasonType"": ""regular"", ""team"": ""Texas""}",/games,200,2026-02-21T22:26:17.847561+00:00
2.5,,False,"{""endDateRange"": ""2025-03-14"", ""season"": 2025, ""startDateRange"": ""2024-11-05"", ""team"": ""Texas""}",/lineups/team,200,2026-02-21T22:26:20.500777+00:00
0.267,,False,"{""season"": 2025, ""seasonType"": ""regular"", ""team"": ""Texas A&M""}",/games,200,2026-02-21T22:26:20.943120+00:00
3.281,,False,"{""endDateRange"": ""2025-03-13"", ""season"": 2025, ""startDateRange"": ""2024-11-05"", ""team"": ""Texas A&M""}",/lineups/team,200,2026-02-21T22:26:24.377065+00:00
0.246,,False,"{""season"": 2025, ""seasonType"": ""regular"", ""team"": ""Texas A&M-Corpus Christi""}",/games,200,2026-02-21T22:26:24.804369+00:00
2.765,,False,"{""endDateRange"": ""2025-03-10"", ""season"": 2025, ""startDateRange"": ""2024-11-04"", ""team"": ""Texas A&M-Corpus Christi""}",/lineups/team,200,2026-02-21T22:26:27.721783+00:00
0.267,,False,"{""season"": 2025, ""seasonType"": ""regular"", ""team"": ""Texas Southern""}",/games,200,2026-02-21T22:26:28.192813+00:00
2.069,,False,"{""endDateRange"": ""2025-03-13"", ""season"": 2025, ""startDateRange"": ""2024-11-05"", ""team"": ""Texas Southern""}",/lineups/team,200,2026-02-21T22:26:30.413643+00:00
0.329,,False,"{""season"": 2025, ""seasonType"": ""regular"", ""team"": ""Texas State""}",/games,200,2026-02-21T22:26:30.933995+00:00
2.349,,False,"{""endDateRange"": ""2025-03-07"", ""season"": 2025, ""startDateRange"": ""2024-11-05"", ""team"": ""Texas State""}",/lineups/team,200,2026-02-21T22:26:33.435812+00:00
0.273,,False,"{""season"": 2025, ""seasonType"": ""regular"", ""team"": ""Texas Tech""}",/games,200,2026-02-21T22:26:33.891974+00:00
2.167,,False,"{""endDateRange"": ""2025-03-15"", ""season"": 2025, ""startDateRange"": ""2024-11-06"", ""team"": ""Texas Tech""}",/lineups/team,200,2026-02-21T22:26:36.211137+00:00
0.25,,False,"{""season"": 2025, ""seasonType"": ""regular"", ""team"": ""The Citadel""}",/games,200,2026-02-21T22:26:36.626596+00:00
2.896,,False,"{""endDateRange"": ""2025-03-08"", ""season"": 2025, ""startDateRange"": ""2024-11-05"", ""team"": ""The Citadel""}",/lineups/team,200,2026-02-21T22:26:39.674701+00:00
0.259,,False,"{""season"": 2025, ""seasonType"": ""regular"", ""team"": ""Toledo""}",/games,200,2026-02-21T22:26:40.118725+00:00
2.257,,False,"{""endDateRange"": ""2025-03-14"", ""season"": 2025, ""startDateRange"": ""2024-11-05"", ""team"": ""Toledo""}",/lineups/team,200,2026-02-21T22:26:42.528492+00:00
0.268,,False,"{""season"": 2025, ""seasonType"": ""regular"", ""team"": ""Towson""}",/games,200,2026-02-21T22:26:42.960561+00:00
3.455,,False,"{""endDateRange"": ""2025-03-10"", ""season"": 2025, ""startDateRange"": ""2024-11-05"", ""team"": ""Towson""}",/lineups/team,200,2026-02-21T22:26:46.567437+00:00
0.268,,False,"{""season"": 2025, ""seasonType"": ""regular"", ""team"": ""Troy""}",/games,200,2026-02-21T22:26:47.004496+00:00
2.772,,False,"{""endDateRange"": ""2025-03-10"", ""season"": 2025, ""startDateRange"": ""2024-11-05"", ""team"": ""Troy""}",/lineups/team,200,2026-02-21T22:26:49.928652+00:00
0.265,,False,"{""season"": 2025, ""seasonType"": ""regular"", ""team"": ""Tulane""}",/games,200,2026-02-21T22:26:50.368477+00:00
2.499,,False,"{""endDateRange"": ""2025-03-15"", ""season"": 2025, ""startDateRange"": ""2024-11-05"", ""team"": ""Tulane""}",/lineups/team,200,2026-02-21T22:26:53.019590+00:00
0.251,,False,"{""season"": 2025, ""seasonType"": ""regular"", ""team"": ""Tulsa""}",/games,200,2026-02-21T22:26:53.440641+00:00
2.106,,False,"{""endDateRange"": ""2025-03-14"", ""season"": 2025, ""startDateRange"": ""2024-11-05"", ""team"": ""Tulsa""}",/lineups/team,200,2026-02-21T22:26:55.698825+00:00
0.263,,False,"{""season"": 2025, ""seasonType"": ""regular"", ""team"": ""UAB""}",/games,200,2026-02-21T22:26:56.136488+00:00
2.313,,False,"{""endDateRange"": ""2025-03-16"", ""season"": 2025, ""startDateRange"": ""2024-11-05"", ""team"": ""UAB""}",/lineups/team,200,2026-02-21T22:26:58.601981+00:00
0.266,,False,"{""season"": 2025, ""seasonType"": ""regular"", ""team"": ""UC Davis""}",/games,200,2026-02-21T22:26:59.034149+00:00
2.546,,False,"{""endDateRange"": ""2025-03-13"", ""season"": 2025, ""startDateRange"": ""2024-11-06"", ""team"": ""UC Davis""}",/lineups/team,200,2026-02-21T22:27:01.732572+00:00
0.328,,False,"{""season"": 2025, ""seasonType"": ""regular"", ""team"": ""UC Irvine""}",/games,200,2026-02-21T22:27:02.231357+00:00
2.826,,False,"{""endDateRange"": ""2025-03-16"", ""season"": 2025, ""startDateRange"": ""2024-11-05"", ""team"": ""UC Irvine""}",/lineups/team,200,2026-02-21T22:27:05.209702+00:00
0.263,,False,"{""season"": 2025, ""seasonType"": ""regular"", ""team"": ""UC Riverside""}",/games,200,2026-02-21T22:27:05.654767+00:00
2.949,,False,"{""endDateRange"": ""2025-03-14"", ""season"": 2025, ""startDateRange"": ""2024-11-05"", ""team"": ""UC Riverside""}",/lineups/team,200,2026-02-21T22:27:08.756395+00:00
0.253,,False,"{""season"": 2025, ""seasonType"": ""regular"", ""team"": ""UC San Diego""}",/games,200,2026-02-21T22:27:09.191062+00:00
2.055,,False,"{""endDateRange"": ""2025-03-16"", ""season"": 2025, ""startDateRange"": ""2024-11-07"", ""team"": ""UC San Diego""}",/lineups/team,200,2026-02-21T22:27:11.398912+00:00
0.249,,False,"{""season"": 2025, ""seasonType"": ""regular"", ""team"": ""UC Santa Barbara""}",/games,200,2026-02-21T22:27:11.811358+00:00
4.159,,False,"{""endDateRange"": ""2025-03-15"", ""season"": 2025, ""startDateRange"": ""2024-11-05"", ""team"": ""UC Santa Barbara""}",/lineups/team,200,2026-02-21T22:27:16.123142+00:00
0.259,,False,"{""season"": 2025, ""seasonType"": ""regular"", ""team"": ""UCF""}",/games,200,2026-02-21T22:27:16.575467+00:00
2.169,,False,"{""endDateRange"": ""2025-03-13"", ""season"": 2025, ""startDateRange"": ""2024-11-05"", ""team"": ""UCF""}",/lineups/team,200,2026-02-21T22:27:18.896730+00:00
0.246,,False,"{""season"": 2025, ""seasonType"": ""regular"", ""team"": ""UCLA""}",/games,200,2026-02-21T22:27:19.325617+00:00
2.48,,False,"{""endDateRange"": ""2025-03-14"", ""season"": 2025, ""startDateRange"": ""2024-11-05"", ""team"": ""UCLA""}",/lineups/team,200,2026-02-21T22:27:21.958195+00:00
0.263,,False,"{""season"": 2025, ""seasonType"": ""regular"", ""team"": ""UMBC""}",/games,200,2026-02-21T22:27:22.398920+00:00
1.868,,False,"{""endDateRange"": ""2025-03-08"", ""season"": 2025, ""startDateRange"": ""2024-11-04"", ""team"": ""UMBC""}",/lineups/team,200,2026-02-21T22:27:24.419622+00:00
0.26,,False,"{""season"": 2025, ""seasonType"": ""regular"", ""team"": ""Kansas City""}",/games,200,2026-02-21T22:27:24.859320+00:00
2.4,,False,"{""endDateRange"": ""2025-03-07"", ""season"": 2025, ""startDateRange"": ""2024-11-05"", ""team"": ""Kansas City""}",/lineups/team,200,2026-02-21T22:27:27.411163+00:00
0.25,,False,"{""season"": 2025, ""seasonType"": ""regular"", ""team"": ""UMass Lowell""}",/games,200,2026-02-21T22:27:27.845185+00:00
1.474,,False,"{""endDateRange"": ""2025-03-08"", ""season"": 2025, ""startDateRange"": ""2024-11-04"", ""team"": ""UMass Lowell""}",/lineups/team,200,2026-02-21T22:27:29.471715+00:00
0.253,,False,"{""season"": 2025, ""seasonType"": ""regular"", ""team"": ""UNC Asheville""}",/games,200,2026-02-21T22:27:29.886043+00:00
2.444,,False,"{""endDateRange"": ""2025-03-08"", ""season"": 2025, ""startDateRange"": ""2024-11-05"", ""team"": ""UNC Asheville""}",/lineups/team,200,2026-02-21T22:27:32.482055+00:00
0.249,,False,"{""season"": 2025, ""seasonType"": ""regular"", ""team"": ""UNC Greensboro""}",/games,200,2026-02-21T22:27:32.901072+00:00
2.507,,False,"{""endDateRange"": ""2025-03-08"", ""season"": 2025, ""startDateRange"": ""2024-11-05"", ""team"": ""UNC Greensboro""}",/lineups/team,200,2026-02-21T22:27:35.560302+00:00
0.254,,False,"{""season"": 2025, ""seasonType"": ""regular"", ""team"": ""UNC Wilmington""}",/games,200,2026-02-21T22:27:35.995271+00:00
2.851,,False,"{""endDateRange"": ""2025-03-11"", ""season"": 2025, ""startDateRange"": ""2024-11-05"", ""team"": ""UNC Wilmington""}",/lineups/team,200,2026-02-21T22:27:38.999022+00:00
0.257,,False,"{""season"": 2025, ""seasonType"": ""regular"", ""team"": ""UNLV""}",/games,200,2026-02-21T22:27:39.427676+00:00
2.255,,False,"{""endDateRange"": ""2025-03-14"", ""season"": 2025, ""startDateRange"": ""2024-11-05"", ""team"": ""UNLV""}",/lineups/team,200,2026-02-21T22:27:41.835184+00:00
0.294,,False,"{""season"": 2025, ""seasonType"": ""regular"", ""team"": ""USC""}",/games,200,2026-02-21T22:27:42.298407+00:00
1.972,,False,"{""endDateRange"": ""2025-03-14"", ""season"": 2025, ""startDateRange"": ""2024-11-05"", ""team"": ""USC""}",/lineups/team,200,2026-02-21T22:27:44.422910+00:00
0.274,,False,"{""season"": 2025, ""seasonType"": ""regular"", ""team"": ""South Carolina Upstate""}",/games,200,2026-02-21T22:27:44.881077+00:00
2.865,,False,"{""endDateRange"": ""2025-03-06"", ""season"": 2025, ""startDateRange"": ""2024-11-05"", ""team"": ""South Carolina Upstate""}",/lineups/team,200,2026-02-21T22:27:47.898488+00:00
0.258,,False,"{""season"": 2025, ""seasonType"": ""regular"", ""team"": ""UT Arlington""}",/games,200,2026-02-21T22:27:48.335503+00:00
2.084,,False,"{""endDateRange"": ""2025-03-13"", ""season"": 2025, ""startDateRange"": ""2024-11-04"", ""team"": ""UT Arlington""}",/lineups/team,200,2026-02-21T22:27:50.571334+00:00
0.254,,False,"{""season"": 2025, ""seasonType"": ""regular"", ""team"": ""UT Rio Grande Valley""}",/games,200,2026-02-21T22:27:51.002565+00:00
2.252,,False,"{""endDateRange"": ""2025-03-04"", ""season"": 2025, ""startDateRange"": ""2024-11-05"", ""team"": ""UT Rio Grande Valley""}",/lineups/team,200,2026-02-21T22:27:53.406656+00:00
0.265,,False,"{""season"": 2025, ""seasonType"": ""regular"", ""team"": ""UTEP""}",/games,200,2026-02-21T22:27:53.849938+00:00
2.308,,False,"{""endDateRange"": ""2025-03-12"", ""season"": 2025, ""startDateRange"": ""2024-11-05"", ""team"": ""UTEP""}",/lineups/team,200,2026-02-21T22:27:56.309707+00:00
0.283,,False,"{""season"": 2025, ""seasonType"": ""regular"", ""team"": ""UTSA""}",/games,200,2026-02-21T22:27:56.773612+00:00
1.982,,False,"{""endDateRange"": ""2025-03-14"", ""season"": 2025, ""startDateRange"": ""2024-11-05"", ""team"": ""UTSA""}",/lineups/team,200,2026-02-21T22:27:58.907405+00:00
0.257,,False,"{""season"": 2025, ""seasonType"": ""regular"", ""team"": ""Utah""}",/games,200,2026-02-21T22:27:59.336928+00:00
3.232,,False,"{""endDateRange"": ""2025-03-12"", ""season"": 2025, ""startDateRange"": ""2024-11-05"", ""team"": ""Utah""}",/lineups/team,200,2026-02-21T22:28:02.721154+00:00
0.325,,False,"{""season"": 2025, ""seasonType"": ""regular"", ""team"": ""Utah State""}",/games,200,2026-02-21T22:28:03.233495+00:00
2.364,,False,"{""endDateRange"": ""2025-03-15"", ""season"": 2025, ""startDateRange"": ""2024-11-07"", ""team"": ""Utah State""}",/lineups/team,200,2026-02-21T22:28:05.749821+00:00
0.258,,False,"{""season"": 2025, ""seasonType"": ""regular"", ""team"": ""Utah Tech""}",/games,200,2026-02-21T22:28:06.183429+00:00
2.327,,False,"{""endDateRange"": ""2025-03-13"", ""season"": 2025, ""startDateRange"": ""2024-11-05"", ""team"": ""Utah Tech""}",/lineups/team,200,2026-02-21T22:28:08.662862+00:00
0.437,,False,"{""season"": 2025, ""seasonType"": ""regular"", ""team"": ""Utah Valley""}",/games,200,2026-02-21T22:28:09.282980+00:00
2.45,,False,"{""endDateRange"": ""2025-03-16"", ""season"": 2025, ""startDateRange"": ""2024-11-05"", ""team"": ""Utah Valley""}",/lineups/team,200,2026-02-21T22:28:11.885513+00:00
0.3,,False,"{""season"": 2025, ""seasonType"": ""regular"", ""team"": ""VCU""}",/games,200,2026-02-21T22:28:12.363919+00:00
2.63,,False,"{""endDateRange"": ""2025-03-16"", ""season"": 2025, ""startDateRange"": ""2024-11-05"", ""team"": ""VCU""}",/lineups/team,200,2026-02-21T22:28:15.146347+00:00
0.248,,False,"{""season"": 2025, ""seasonType"": ""regular"", ""team"": ""VMI""}",/games,200,2026-02-21T22:28:15.567715+00:00
2.002,,False,"{""endDateRange"": ""2025-03-09"", ""season"": 2025, ""startDateRange"": ""2024-11-04"", ""team"": ""VMI""}",/lineups/team,200,2026-02-21T22:28:17.722219+00:00
0.265,,False,"{""season"": 2025, ""seasonType"": ""regular"", ""team"": ""Valparaiso""}",/games,200,2026-02-21T22:28:18.155119+00:00
2.404,,False,"{""endDateRange"": ""2025-03-08"", ""season"": 2025, ""startDateRange"": ""2024-11-04"", ""team"": ""Valparaiso""}",/lineups/team,200,2026-02-21T22:28:20.711074+00:00
0.302,,False,"{""season"": 2025, ""seasonType"": ""regular"", ""team"": ""Vanderbilt""}",/games,200,2026-02-21T22:28:21.184321+00:00
3.042,,False,"{""endDateRange"": ""2025-03-12"", ""season"": 2025, ""startDateRange"": ""2024-11-05"", ""team"": ""Vanderbilt""}",/lineups/team,200,2026-02-21T22:28:24.378303+00:00
0.255,,False,"{""season"": 2025, ""seasonType"": ""regular"", ""team"": ""Vermont""}",/games,200,2026-02-21T22:28:24.809691+00:00
2.038,,False,"{""endDateRange"": ""2025-03-11"", ""season"": 2025, ""startDateRange"": ""2024-11-05"", ""team"": ""Vermont""}",/lineups/team,200,2026-02-21T22:28:27.000080+00:00
0.255,,False,"{""season"": 2025, ""seasonType"": ""regular"", ""team"": ""Villanova""}",/games,200,2026-02-21T22:28:27.438791+00:00
2.62,,False,"{""endDateRange"": ""2025-03-14"", ""season"": 2025, ""startDateRange"": ""2024-11-05"", ""team"": ""Villanova""}",/lineups/team,200,2026-02-21T22:28:30.211461+00:00
0.324,,False,"{""season"": 2025, ""seasonType"": ""regular"", ""team"": ""Virginia""}",/games,200,2026-02-21T22:28:30.703917+00:00
2.254,,False,"{""endDateRange"": ""2025-03-12"", ""season"": 2025, ""startDateRange"": ""2024-11-07"", ""team"": ""Virginia""}",/lineups/team,200,2026-02-21T22:28:33.110381+00:00
0.289,,False,"{""season"": 2025, ""seasonType"": ""regular"", ""team"": ""Virginia Tech""}",/games,200,2026-02-21T22:28:33.571134+00:00
2.204,,False,"{""endDateRange"": ""2025-03-11"", ""season"": 2025, ""startDateRange"": ""2024-11-05"", ""team"": ""Virginia Tech""}",/lineups/team,200,2026-02-21T22:28:35.927788+00:00
0.266,,False,"{""season"": 2025, ""seasonType"": ""regular"", ""team"": ""Wagner""}",/games,200,2026-02-21T22:28:36.364096+00:00
2.061,,False,"{""endDateRange"": ""2025-03-06"", ""season"": 2025, ""startDateRange"": ""2024-11-06"", ""team"": ""Wagner""}",/lineups/team,200,2026-02-21T22:28:38.577270+00:00
0.519,,False,"{""season"": 2025, ""seasonType"": ""regular"", ""team"": ""Wake Forest""}",/games,200,2026-02-21T22:28:39.269733+00:00
1.28,,False,"{""endDateRange"": ""2025-03-13"", ""season"": 2025, ""startDateRange"": ""2024-11-05"", ""team"": ""Wake Forest""}",/lineups/team,200,2026-02-21T22:28:40.701815+00:00
0.245,,False,"{""season"": 2025, ""seasonType"": ""regular"", ""team"": ""Washington""}",/games,200,2026-02-21T22:28:41.111380+00:00
1.868,,False,"{""endDateRange"": ""2025-03-09"", ""season"": 2025, ""startDateRange"": ""2024-11-06"", ""team"": ""Washington""}",/lineups/team,200,2026-02-21T22:28:43.132252+00:00
0.261,,False,"{""season"": 2025, ""seasonType"": ""regular"", ""team"": ""Washington State""}",/games,200,2026-02-21T22:28:43.576949+00:00
2.22,,False,"{""endDateRange"": ""2025-03-10"", ""season"": 2025, ""startDateRange"": ""2024-11-05"", ""team"": ""Washington State""}",/lineups/team,200,2026-02-21T22:28:45.949229+00:00
0.277,,False,"{""season"": 2025, ""seasonType"": ""regular"", ""team"": ""Weber State""}",/games,200,2026-02-21T22:28:46.405838+00:00
2.05,,False,"{""endDateRange"": ""2025-03-09"", ""season"": 2025, ""startDateRange"": ""2024-11-05"", ""team"": ""Weber State""}",/lineups/team,200,2026-02-21T22:28:48.608625+00:00
0.265,,False,"{""season"": 2025, ""seasonType"": ""regular"", ""team"": ""West Georgia""}",/games,200,2026-02-21T22:28:49.053933+00:00
1.51,,False,"{""endDateRange"": ""2025-02-27"", ""season"": 2025, ""startDateRange"": ""2024-11-05"", ""team"": ""West Georgia""}",/lineups/team,200,2026-02-21T22:28:50.716396+00:00
0.233,,False,"{""season"": 2025, ""seasonType"": ""regular"", ""team"": ""West Virginia""}",/games,200,2026-02-21T22:28:51.119101+00:00
2.001,,False,"{""endDateRange"": ""2025-03-12"", ""season"": 2025, ""startDateRange"": ""2024-11-05"", ""team"": ""West Virginia""}",/lineups/team,200,2026-02-21T22:28:53.272313+00:00
0.275,,False,"{""season"": 2025, ""seasonType"": ""regular"", ""team"": ""Western Carolina""}",/games,200,2026-02-21T22:28:53.713391+00:00
2.464,,False,"{""endDateRange"": ""2025-03-07"", ""season"": 2025, ""startDateRange"": ""2024-11-05"", ""team"": ""Western Carolina""}",/lineups/team,200,2026-02-21T22:28:56.329870+00:00
0.316,,False,"{""season"": 2025, ""seasonType"": ""regular"", ""team"": ""Western Illinois""}",/games,200,2026-02-21T22:28:56.816330+00:00
1.694,,False,"{""endDateRange"": ""2025-02-28"", ""season"": 2025, ""startDateRange"": ""2024-11-05"", ""team"": ""Western Illinois""}",/lineups/team,200,2026-02-21T22:28:58.662473+00:00
0.237,,False,"{""season"": 2025, ""seasonType"": ""regular"", ""team"": ""Western Kentucky""}",/games,200,2026-02-21T22:28:59.064431+00:00
3.208,,False,"{""endDateRange"": ""2025-03-12"", ""season"": 2025, ""startDateRange"": ""2024-11-05"", ""team"": ""Western Kentucky""}",/lineups/team,200,2026-02-21T22:29:02.424987+00:00
0.343,,False,"{""season"": 2025, ""seasonType"": ""regular"", ""team"": ""Western Michigan""}",/games,200,2026-02-21T22:29:02.955219+00:00
3.211,,False,"{""endDateRange"": ""2025-03-13"", ""season"": 2025, ""startDateRange"": ""2024-11-05"", ""team"": ""Western Michigan""}",/lineups/team,200,2026-02-21T22:29:06.318739+00:00
0.331,,False,"{""season"": 2025, ""seasonType"": ""regular"", ""team"": ""Wichita State""}",/games,200,2026-02-21T22:29:06.831486+00:00
2.986,,False,"{""endDateRange"": ""2025-03-14"", ""season"": 2025, ""startDateRange"": ""2024-11-05"", ""team"": ""Wichita State""}",/lineups/team,200,2026-02-21T22:29:09.970064+00:00
0.258,,False,"{""season"": 2025, ""seasonType"": ""regular"", ""team"": ""William & Mary""}",/games,200,2026-02-21T22:29:10.397539+00:00
2.558,,False,"{""endDateRange"": ""2025-03-09"", ""season"": 2025, ""startDateRange"": ""2024-11-05"", ""team"": ""William & Mary""}",/lineups/team,200,2026-02-21T22:29:13.108404+00:00
0.251,,False,"{""season"": 2025, ""seasonType"": ""regular"", ""team"": ""Winthrop""}",/games,200,2026-02-21T22:29:13.547247+00:00
3.67,,False,"{""endDateRange"": ""2025-03-09"", ""season"": 2025, ""startDateRange"": ""2024-11-04"", ""team"": ""Winthrop""}",/lineups/team,200,2026-02-21T22:29:17.369252+00:00
0.304,,False,"{""season"": 2025, ""seasonType"": ""regular"", ""team"": ""Wisconsin""}",/games,200,2026-02-21T22:29:17.861648+00:00
2.591,,False,"{""endDateRange"": ""2025-03-16"", ""season"": 2025, ""startDateRange"": ""2024-11-05"", ""team"": ""Wisconsin""}",/lineups/team,200,2026-02-21T22:29:20.605506+00:00
0.246,,False,"{""season"": 2025, ""seasonType"": ""regular"", ""team"": ""Wofford""}",/games,200,2026-02-21T22:29:21.022660+00:00
2.682,,False,"{""endDateRange"": ""2025-03-10"", ""season"": 2025, ""startDateRange"": ""2024-11-04"", ""team"": ""Wofford""}",/lineups/team,200,2026-02-21T22:29:23.857372+00:00
0.232,,False,"{""season"": 2025, ""seasonType"": ""regular"", ""team"": ""Wright State""}",/games,200,2026-02-21T22:29:24.261532+00:00
2.074,,False,"{""endDateRange"": ""2025-03-07"", ""season"": 2025, ""startDateRange"": ""2024-11-05"", ""team"": ""Wright State""}",/lineups/team,200,2026-02-21T22:29:26.488428+00:00
0.268,,False,"{""season"": 2025, ""seasonType"": ""regular"", ""team"": ""Wyoming""}",/games,200,2026-02-21T22:29:26.927383+00:00
1.978,,False,"{""endDateRange"": ""2025-03-12"", ""season"": 2025, ""startDateRange"": ""2024-11-05"", ""team"": ""Wyoming""}",/lineups/team,200,2026-02-21T22:29:29.057866+00:00
0.265,,False,"{""season"": 2025, ""seasonType"": ""regular"", ""team"": ""Xavier""}",/games,200,2026-02-21T22:29:29.498205+00:00
2.165,,False,"{""endDateRange"": ""2025-03-13"", ""season"": 2025, ""startDateRange"": ""2024-11-05"", ""team"": ""Xavier""}",/lineups/team,200,2026-02-21T22:29:31.815810+00:00
0.248,,False,"{""season"": 2025, ""seasonType"": ""regular"", ""team"": ""Yale""}",/games,200,2026-02-21T22:29:32.231202+00:00
1.65,,False,"{""endDateRange"": ""2025-03-16"", ""season"": 2025, ""startDateRange"": ""2024-11-05"", ""team"": ""Yale""}",/lineups/team,200,2026-02-21T22:29:34.033336+00:00
0.249,,False,"{""season"": 2025, ""seasonType"": ""regular"", ""team"": ""Youngstown State""}",/games,200,2026-02-21T22:29:34.457476+00:00
2.22,,False,"{""endDateRange"": ""2025-03-11"", ""season"": 2025, ""startDateRange"": ""2024-11-05"", ""team"": ""Youngstown State""}",/lineups/team,200,2026-02-21T22:29:36.829378+00:00
0.103,,False,"{""season"": 2025, ""seasonType"": ""postseason"", ""team"": ""Abilene Christian""}",/games,200,2026-02-21T22:29:43.003954+00:00
58.244,,False,"{""season"": 2025, ""team"": ""Abilene Christian""}",/lineups/team,200,2026-02-21T22:30:41.399062+00:00
0.145,,False,"{""season"": 2025, ""seasonType"": ""postseason"", ""team"": ""Air Force""}",/games,200,2026-02-21T22:30:41.735765+00:00
9.474,,False,"{""season"": 2025, ""team"": ""Air Force""}",/lineups/team,200,2026-02-21T22:30:51.360085+00:00
0.137,,False,"{""season"": 2025, ""seasonType"": ""postseason"", ""team"": ""Akron""}",/games,200,2026-02-21T22:30:51.678156+00:00
0.136,,False,"{""endDateRange"": ""2025-03-21"", ""season"": 2025, ""startDateRange"": ""2025-03-21"", ""team"": ""Akron""}",/lineups/team,200,2026-02-21T22:30:51.964791+00:00
0.131,,False,"{""season"": 2025, ""seasonType"": ""postseason"", ""team"": ""Alabama""}",/games,200,2026-02-21T22:30:52.246203+00:00
0.387,,False,"{""endDateRange"": ""2025-03-30"", ""season"": 2025, ""startDateRange"": ""2025-03-21"", ""team"": ""Alabama""}",/lineups/team,200,2026-02-21T22:30:52.784018+00:00
0.114,,False,"{""season"": 2025, ""seasonType"": ""postseason"", ""team"": ""Alabama A&M""}",/games,200,2026-02-21T22:30:53.057610+00:00
57.58,,False,"{""season"": 2025, ""team"": ""Alabama A&M""}",/lineups/team,200,2026-02-21T22:31:50.789769+00:00
0.156,,False,"{""season"": 2025, ""seasonType"": ""postseason"", ""team"": ""Alabama State""}",/games,200,2026-02-21T22:31:51.174099+00:00
0.169,,False,"{""endDateRange"": ""2025-03-20"", ""season"": 2025, ""startDateRange"": ""2025-03-18"", ""team"": ""Alabama State""}",/lineups/team,200,2026-02-21T22:31:51.493652+00:00
0.115,,False,"{""season"": 2025, ""seasonType"": ""postseason"", ""team"": ""UAlbany""}",/games,200,2026-02-21T22:31:51.759485+00:00
11.213,,False,"{""season"": 2025, ""team"": ""UAlbany""}",/lineups/team,200,2026-02-21T22:32:03.123426+00:00
0.116,,False,"{""season"": 2025, ""seasonType"": ""postseason"", ""team"": ""Alcorn State""}",/games,200,2026-02-21T22:32:03.425605+00:00
60.093,exception,False,"{""season"": 2025, ""team"": ""Alcorn State""}",/lineups/team,0,2026-02-21T22:33:03.669600+00:00
0.117,,False,"{""season"": 2025, ""seasonType"": ""postseason"", ""team"": ""American University""}",/games,200,2026-02-21T22:33:03.937472+00:00
0.124,,False,"{""endDateRange"": ""2025-03-19"", ""season"": 2025, ""startDateRange"": ""2025-03-19"", ""team"": ""American University""}",/lineups/team,200,2026-02-21T22:33:04.212124+00:00
0.148,,False,"{""season"": 2025, ""seasonType"": ""postseason"", ""team"": ""App State""}",/games,200,2026-02-21T22:33:04.511134+00:00
10.335,,False,"{""season"": 2025, ""team"": ""App State""}",/lineups/team,200,2026-02-21T22:33:14.997119+00:00
0.149,,False,"{""season"": 2025, ""seasonType"": ""postseason"", ""team"": ""Arizona""}",/games,200,2026-02-21T22:33:15.309991+00:00
0.659,,False,"{""endDateRange"": ""2025-03-28"", ""season"": 2025, ""startDateRange"": ""2025-03-21"", ""team"": ""Arizona""}",/lineups/team,200,2026-02-21T22:33:16.119494+00:00
0.142,,False,"{""season"": 2025, ""seasonType"": ""postseason"", ""team"": ""Arizona State""}",/games,200,2026-02-21T22:33:16.416015+00:00
0.12,,False,"{""endDateRange"": ""2025-04-01"", ""season"": 2025, ""startDateRange"": ""2025-04-01"", ""team"": ""Arizona State""}",/lineups/team,200,2026-02-21T22:33:16.687265+00:00
0.129,,False,"{""season"": 2025, ""seasonType"": ""postseason"", ""team"": ""Arkansas""}",/games,200,2026-02-21T22:33:16.966708+00:00
0.338,,False,"{""endDateRange"": ""2025-03-28"", ""season"": 2025, ""startDateRange"": ""2025-03-20"", ""team"": ""Arkansas""}",/lineups/team,200,2026-02-21T22:33:17.455891+00:00
0.187,,False,"{""season"": 2025, ""seasonType"": ""postseason"", ""team"": ""Arkansas-Pine Bluff""}",/games,200,2026-02-21T22:33:17.796669+00:00
34.376,,False,"{""season"": 2025, ""team"": ""Arkansas-Pine Bluff""}",/lineups/team,200,2026-02-21T22:33:52.323578+00:00
0.114,,False,"{""season"": 2025, ""seasonType"": ""postseason"", ""team"": ""Arkansas State""}",/games,200,2026-02-21T22:33:52.634320+00:00
0.234,,False,"{""endDateRange"": ""2025-03-23"", ""season"": 2025, ""startDateRange"": ""2025-03-19"", ""team"": ""Arkansas State""}",/lineups/team,200,2026-02-21T22:33:53.019269+00:00
0.147,,False,"{""season"": 2025, ""seasonType"": ""postseason"", ""team"": ""Army""}",/games,200,2026-02-21T22:33:53.316744+00:00
0.187,,False,"{""endDateRange"": ""2025-03-24"", ""season"": 2025, ""startDateRange"": ""2025-03-23"", ""team"": ""Army""}",/lineups/team,200,2026-02-21T22:33:53.654756+00:00
0.146,,False,"{""season"": 2025, ""seasonType"": ""postseason"", ""team"": ""Auburn""}",/games,200,2026-02-21T22:33:53.951530+00:00
0.593,,False,"{""endDateRange"": ""2025-04-05"", ""season"": 2025, ""startDateRange"": ""2025-03-20"", ""team"": ""Auburn""}",/lineups/team,200,2026-02-21T22:33:54.695116+00:00
0.11,,False,"{""season"": 2025, ""seasonType"": ""postseason"", ""team"": ""Austin Peay""}",/games,200,2026-02-21T22:33:54.959755+00:00
22.715,,False,"{""season"": 2025, ""team"": ""Austin Peay""}",/lineups/team,200,2026-02-21T22:34:17.825292+00:00
0.155,,False,"{""season"": 2025, ""seasonType"": ""postseason"", ""team"": ""BYU""}",/games,200,2026-02-21T22:34:18.172572+00:00
0.345,,False,"{""endDateRange"": ""2025-03-27"", ""season"": 2025, ""startDateRange"": ""2025-03-20"", ""team"": ""BYU""}",/lineups/team,200,2026-02-21T22:34:18.668393+00:00
0.119,,False,"{""season"": 2025, ""seasonType"": ""postseason"", ""team"": ""Ball State""}",/games,200,2026-02-21T22:34:18.948066+00:00
35.143,,False,"{""season"": 2025, ""team"": ""Ball State""}",/lineups/team,200,2026-02-21T22:34:54.241837+00:00
0.143,,False,"{""season"": 2025, ""seasonType"": ""postseason"", ""team"": ""Baylor""}",/games,200,2026-02-21T22:34:54.567264+00:00
0.172,,False,"{""endDateRange"": ""2025-03-23"", ""season"": 2025, ""startDateRange"": ""2025-03-21"", ""team"": ""Baylor""}",/lineups/team,200,2026-02-21T22:34:54.889613+00:00
0.107,,False,"{""season"": 2025, ""seasonType"": ""postseason"", ""team"": ""Bellarmine""}",/games,200,2026-02-21T22:34:55.149609+00:00
48.462,,False,"{""season"": 2025, ""team"": ""Bellarmine""}",/lineups/team,200,2026-02-21T22:35:43.762072+00:00
0.206,,False,"{""season"": 2025, ""seasonType"": ""postseason"", ""team"": ""Belmont""}",/games,200,2026-02-21T22:35:44.168312+00:00
38.232,,False,"{""season"": 2025, ""team"": ""Belmont""}",/lineups/team,200,2026-02-21T22:36:22.550728+00:00
0.099,,False,"{""season"": 2025, ""seasonType"": ""postseason"", ""team"": ""Bethune-Cookman""}",/games,200,2026-02-21T22:36:22.823278+00:00
7.413,,False,"{""season"": 2025, ""team"": ""Bethune-Cookman""}",/lineups/team,200,2026-02-21T22:36:30.386572+00:00
0.107,,False,"{""season"": 2025, ""seasonType"": ""postseason"", ""team"": ""Binghamton""}",/games,200,2026-02-21T22:36:30.670438+00:00
6.541,,False,"{""season"": 2025, ""team"": ""Binghamton""}",/lineups/team,200,2026-02-21T22:36:37.362538+00:00
0.106,,False,"{""season"": 2025, ""seasonType"": ""postseason"", ""team"": ""Boise State""}",/games,200,2026-02-21T22:36:37.634893+00:00
0.286,,False,"{""endDateRange"": ""2025-04-05"", ""season"": 2025, ""startDateRange"": ""2025-03-31"", ""team"": ""Boise State""}",/lineups/team,200,2026-02-21T22:36:38.072230+00:00
0.095,,False,"{""season"": 2025, ""seasonType"": ""postseason"", ""team"": ""Boston College""}",/games,200,2026-02-21T22:36:38.322187+00:00
12.877,,False,"{""season"": 2025, ""team"": ""Boston College""}",/lineups/team,200,2026-02-21T22:36:51.350800+00:00
0.136,,False,"{""season"": 2025, ""seasonType"": ""postseason"", ""team"": ""Boston University""}",/games,200,2026-02-21T22:36:51.659769+00:00
29.931,,False,"{""season"": 2025, ""team"": ""Boston University""}",/lineups/team,200,2026-02-21T22:37:21.741928+00:00
0.142,,False,"{""season"": 2025, ""seasonType"": ""postseason"", ""team"": ""Bowling Green""}",/games,200,2026-02-21T22:37:22.066856+00:00
19.102,,False,"{""season"": 2025, ""team"": ""Bowling Green""}",/lineups/team,200,2026-02-21T22:37:41.319898+00:00
0.11,,False,"{""season"": 2025, ""seasonType"": ""postseason"", ""team"": ""Bradley""}",/games,200,2026-02-21T22:37:41.600871+00:00
0.333,,False,"{""endDateRange"": ""2025-03-25"", ""season"": 2025, ""startDateRange"": ""2025-03-20"", ""team"": ""Bradley""}",/lineups/team,200,2026-02-21T22:37:42.084741+00:00
0.1,,False,"{""season"": 2025, ""seasonType"": ""postseason"", ""team"": ""Brown""}",/games,200,2026-02-21T22:37:42.339088+00:00
15.352,,False,"{""season"": 2025, ""team"": ""Brown""}",/lineups/team,200,2026-02-21T22:37:57.841895+00:00
0.106,,False,"{""season"": 2025, ""seasonType"": ""postseason"", ""team"": ""Bryant""}",/games,200,2026-02-21T22:37:58.131106+00:00
0.115,,False,"{""endDateRange"": ""2025-03-22"", ""season"": 2025, ""startDateRange"": ""2025-03-22"", ""team"": ""Bryant""}",/lineups/team,200,2026-02-21T22:37:58.397403+00:00
0.111,,False,"{""season"": 2025, ""seasonType"": ""postseason"", ""team"": ""Bucknell""}",/games,200,2026-02-21T22:37:58.658992+00:00
23.883,,False,"{""season"": 2025, ""team"": ""Bucknell""}",/lineups/team,200,2026-02-21T22:38:22.693085+00:00
0.1,,False,"{""season"": 2025, ""seasonType"": ""postseason"", ""team"": ""Buffalo""}",/games,200,2026-02-21T22:38:22.963073+00:00
36.875,,False,"{""season"": 2025, ""team"": ""Buffalo""}",/lineups/team,200,2026-02-21T22:38:59.988957+00:00
0.201,,False,"{""season"": 2025, ""seasonType"": ""postseason"", ""team"": ""Butler""}",/games,200,2026-02-21T22:39:00.379506+00:00
0.231,,False,"{""endDateRange"": ""2025-04-02"", ""season"": 2025, ""startDateRange"": ""2025-03-31"", ""team"": ""Butler""}",/lineups/team,200,2026-02-21T22:39:00.761022+00:00
0.116,,False,"{""season"": 2025, ""seasonType"": ""postseason"", ""team"": ""California Baptist""}",/games,200,2026-02-21T22:39:01.030139+00:00
12.911,,False,"{""season"": 2025, ""team"": ""California Baptist""}",/lineups/team,200,2026-02-21T22:39:14.091367+00:00
0.114,,False,"{""season"": 2025, ""seasonType"": ""postseason"", ""team"": ""Cal Poly""}",/games,200,2026-02-21T22:39:14.379733+00:00
54.342,,False,"{""season"": 2025, ""team"": ""Cal Poly""}",/lineups/team,200,2026-02-21T22:40:08.872220+00:00
0.118,,False,"{""season"": 2025, ""seasonType"": ""postseason"", ""team"": ""Cal State Bakersfield""}",/games,200,2026-02-21T22:40:09.172363+00:00
32.802,,False,"{""season"": 2025, ""team"": ""Cal State Bakersfield""}",/lineups/team,200,2026-02-21T22:40:42.124965+00:00
0.138,,False,"{""season"": 2025, ""seasonType"": ""postseason"", ""team"": ""Cal State Fullerton""}",/games,200,2026-02-21T22:40:42.448022+00:00
21.898,,False,"{""season"": 2025, ""team"": ""Cal State Fullerton""}",/lineups/team,200,2026-02-21T22:41:04.497123+00:00
0.179,,False,"{""season"": 2025, ""seasonType"": ""postseason"", ""team"": ""Cal State Northridge""}",/games,200,2026-02-21T22:41:04.861060+00:00
0.234,,False,"{""endDateRange"": ""2025-03-19"", ""season"": 2025, ""startDateRange"": ""2025-03-19"", ""team"": ""Cal State Northridge""}",/lineups/team,200,2026-02-21T22:41:05.246124+00:00
0.146,,False,"{""season"": 2025, ""seasonType"": ""postseason"", ""team"": ""California""}",/games,200,2026-02-21T22:41:05.542936+00:00
16.191,,False,"{""season"": 2025, ""team"": ""California""}",/lineups/team,200,2026-02-21T22:41:21.884320+00:00
0.106,,False,"{""season"": 2025, ""seasonType"": ""postseason"", ""team"": ""Campbell""}",/games,200,2026-02-21T22:41:22.163059+00:00
17.252,,False,"{""season"": 2025, ""team"": ""Campbell""}",/lineups/team,200,2026-02-21T22:41:39.566035+00:00
0.099,,False,"{""season"": 2025, ""seasonType"": ""postseason"", ""team"": ""Canisius""}",/games,200,2026-02-21T22:41:39.842003+00:00
9.952,,False,"{""season"": 2025, ""team"": ""Canisius""}",/lineups/team,200,2026-02-21T22:41:49.945063+00:00
0.103,,False,"{""season"": 2025, ""seasonType"": ""postseason"", ""team"": ""Central Arkansas""}",/games,200,2026-02-21T22:41:50.212692+00:00
28.503,,False,"{""season"": 2025, ""team"": ""Central Arkansas""}",/lineups/team,200,2026-02-21T22:42:18.866227+00:00
0.107,,False,"{""season"": 2025, ""seasonType"": ""postseason"", ""team"": ""Central Connecticut""}",/games,200,2026-02-21T22:42:19.150472+00:00
11.843,,False,"{""season"": 2025, ""team"": ""Central Connecticut""}",/lineups/team,200,2026-02-21T22:42:31.144507+00:00
0.095,,False,"{""season"": 2025, ""seasonType"": ""postseason"", ""team"": ""Central Michigan""}",/games,200,2026-02-21T22:42:31.403771+00:00
20.559,,False,"{""season"": 2025, ""team"": ""Central Michigan""}",/lineups/team,200,2026-02-21T22:42:52.113201+00:00
0.103,,False,"{""season"": 2025, ""seasonType"": ""postseason"", ""team"": ""Charleston""}",/games,200,2026-02-21T22:42:52.385626+00:00
17.972,,False,"{""season"": 2025, ""team"": ""Charleston""}",/lineups/team,200,2026-02-21T22:43:10.508408+00:00
0.102,,False,"{""season"": 2025, ""seasonType"": ""postseason"", ""team"": ""Charleston Southern""}",/games,200,2026-02-21T22:43:10.787717+00:00
16.47,,False,"{""season"": 2025, ""team"": ""Charleston Southern""}",/lineups/team,200,2026-02-21T22:43:27.408329+00:00
0.1,,False,"{""season"": 2025, ""seasonType"": ""postseason"", ""team"": ""Charlotte""}",/games,200,2026-02-21T22:43:27.674577+00:00
16.253,,False,"{""season"": 2025, ""team"": ""Charlotte""}",/lineups/team,200,2026-02-21T22:43:44.077825+00:00
0.103,,False,"{""season"": 2025, ""seasonType"": ""postseason"", ""team"": ""Chattanooga""}",/games,200,2026-02-21T22:43:44.353790+00:00
0.379,,False,"{""endDateRange"": ""2025-04-04"", ""season"": 2025, ""startDateRange"": ""2025-03-19"", ""team"": ""Chattanooga""}",/lineups/team,200,2026-02-21T22:43:44.883307+00:00
0.117,,False,"{""season"": 2025, ""seasonType"": ""postseason"", ""team"": ""Chicago State""}",/games,200,2026-02-21T22:43:45.154935+00:00
25.51,,False,"{""season"": 2025, ""team"": ""Chicago State""}",/lineups/team,200,2026-02-21T22:44:10.816040+00:00
0.11,,False,"{""season"": 2025, ""seasonType"": ""postseason"", ""team"": ""Cincinnati""}",/games,200,2026-02-21T22:44:11.115407+00:00
0.176,,False,"{""endDateRange"": ""2025-04-03"", ""season"": 2025, ""startDateRange"": ""2025-04-01"", ""team"": ""Cincinnati""}",/lineups/team,200,2026-02-21T22:44:11.442165+00:00
0.102,,False,"{""season"": 2025, ""seasonType"": ""postseason"", ""team"": ""Clemson""}",/games,200,2026-02-21T22:44:11.698644+00:00
0.097,,False,"{""endDateRange"": ""2025-03-20"", ""season"": 2025, ""startDateRange"": ""2025-03-20"", ""team"": ""Clemson""}",/lineups/team,200,2026-02-21T22:44:11.946027+00:00
0.095,,False,"{""season"": 2025, ""seasonType"": ""postseason"", ""team"": ""Cleveland State""}",/games,200,2026-02-21T22:44:12.191502+00:00
0.22,,False,"{""endDateRange"": ""2025-03-26"", ""season"": 2025, ""startDateRange"": ""2025-03-24"", ""team"": ""Cleveland State""}",/lineups/team,200,2026-02-21T22:44:12.562253+00:00
0.106,,False,"{""season"": 2025, ""seasonType"": ""postseason"", ""team"": ""Coastal Carolina""}",/games,200,2026-02-21T22:44:12.822302+00:00
17.907,,False,"{""season"": 2025, ""team"": ""Coastal Carolina""}",/lineups/team,200,2026-02-21T22:44:30.880298+00:00
0.105,,False,"{""season"": 2025, ""seasonType"": ""postseason"", ""team"": ""Colgate""}",/games,200,2026-02-21T22:44:31.156300+00:00
15.708,,False,"{""season"": 2025, ""team"": ""Colgate""}",/lineups/team,200,2026-02-21T22:44:47.015385+00:00
0.099,,False,"{""season"": 2025, ""seasonType"": ""postseason"", ""team"": ""Colorado""}",/games,200,2026-02-21T22:44:47.297039+00:00
0.098,,False,"{""endDateRange"": ""2025-04-02"", ""season"": 2025, ""startDateRange"": ""2025-04-02"", ""team"": ""Colorado""}",/lineups/team,200,2026-02-21T22:44:47.546014+00:00
0.108,,False,"{""season"": 2025, ""seasonType"": ""postseason"", ""team"": ""Colorado State""}",/games,200,2026-02-21T22:44:47.805116+00:00
0.193,,False,"{""endDateRange"": ""2025-03-23"", ""season"": 2025, ""startDateRange"": ""2025-03-21"", ""team"": ""Colorado State""}",/lineups/team,200,2026-02-21T22:44:48.148603+00:00
0.101,,False,"{""season"": 2025, ""seasonType"": ""postseason"", ""team"": ""Columbia""}",/games,200,2026-02-21T22:44:48.402674+00:00
18.09,,False,"{""season"": 2025, ""team"": ""Columbia""}",/lineups/team,200,2026-02-21T22:45:06.643769+00:00
0.123,,False,"{""season"": 2025, ""seasonType"": ""postseason"", ""team"": ""UConn""}",/games,200,2026-02-21T22:45:06.951237+00:00
0.18,,False,"{""endDateRange"": ""2025-03-23"", ""season"": 2025, ""startDateRange"": ""2025-03-22"", ""team"": ""UConn""}",/lineups/team,200,2026-02-21T22:45:07.281797+00:00
0.098,,False,"{""season"": 2025, ""seasonType"": ""postseason"", ""team"": ""Coppin State""}",/games,200,2026-02-21T22:45:07.533162+00:00
9.647,,False,"{""season"": 2025, ""team"": ""Coppin State""}",/lineups/team,200,2026-02-21T22:45:17.330349+00:00
0.093,,False,"{""season"": 2025, ""seasonType"": ""postseason"", ""team"": ""Cornell""}",/games,200,2026-02-21T22:45:17.597307+00:00
58.819,,False,"{""season"": 2025, ""team"": ""Cornell""}",/lineups/team,200,2026-02-21T22:46:16.566937+00:00
0.195,,False,"{""season"": 2025, ""seasonType"": ""postseason"", ""team"": ""Creighton""}",/games,200,2026-02-21T22:46:16.946133+00:00
0.143,,False,"{""endDateRange"": ""2025-03-22"", ""season"": 2025, ""startDateRange"": ""2025-03-20"", ""team"": ""Creighton""}",/lineups/team,200,2026-02-21T22:46:17.240501+00:00
0.111,,False,"{""season"": 2025, ""seasonType"": ""postseason"", ""team"": ""Dartmouth""}",/games,200,2026-02-21T22:46:17.501765+00:00
24.167,,False,"{""season"": 2025, ""team"": ""Dartmouth""}",/lineups/team,200,2026-02-21T22:46:41.819046+00:00
0.102,,False,"{""season"": 2025, ""seasonType"": ""postseason"", ""team"": ""Davidson""}",/games,200,2026-02-21T22:46:42.093086+00:00
13.656,,False,"{""season"": 2025, ""team"": ""Davidson""}",/lineups/team,200,2026-02-21T22:46:55.899827+00:00
0.1,,False,"{""season"": 2025, ""seasonType"": ""postseason"", ""team"": ""Dayton""}",/games,200,2026-02-21T22:46:56.169370+00:00
0.191,,False,"{""endDateRange"": ""2025-03-22"", ""season"": 2025, ""startDateRange"": ""2025-03-19"", ""team"": ""Dayton""}",/lineups/team,200,2026-02-21T22:46:56.510831+00:00
0.131,,False,"{""season"": 2025, ""seasonType"": ""postseason"", ""team"": ""DePaul""}",/games,200,2026-02-21T22:46:56.792476+00:00
0.093,,False,"{""endDateRange"": ""2025-04-01"", ""season"": 2025, ""startDateRange"": ""2025-04-01"", ""team"": ""DePaul""}",/lineups/team,200,2026-02-21T22:46:57.036330+00:00
0.105,,False,"{""season"": 2025, ""seasonType"": ""postseason"", ""team"": ""Delaware""}",/games,200,2026-02-21T22:46:57.292214+00:00
12.986,,False,"{""season"": 2025, ""team"": ""Delaware""}",/lineups/team,200,2026-02-21T22:47:10.428816+00:00
0.101,,False,"{""season"": 2025, ""seasonType"": ""postseason"", ""team"": ""Delaware State""}",/games,200,2026-02-21T22:47:10.706721+00:00
7.262,,False,"{""season"": 2025, ""team"": ""Delaware State""}",/lineups/team,200,2026-02-21T22:47:18.119862+00:00
0.095,,False,"{""season"": 2025, ""seasonType"": ""postseason"", ""team"": ""Denver""}",/games,200,2026-02-21T22:47:18.388586+00:00
40.307,,False,"{""season"": 2025, ""team"": ""Denver""}",/lineups/team,200,2026-02-21T22:47:58.846334+00:00
0.108,,False,"{""season"": 2025, ""seasonType"": ""postseason"", ""team"": ""Detroit Mercy""}",/games,200,2026-02-21T22:47:59.140443+00:00
29.357,,False,"{""season"": 2025, ""team"": ""Detroit Mercy""}",/lineups/team,200,2026-02-21T22:48:28.648041+00:00
0.091,,False,"{""season"": 2025, ""seasonType"": ""postseason"", ""team"": ""Drake""}",/games,200,2026-02-21T22:48:28.918925+00:00
0.137,,False,"{""endDateRange"": ""2025-03-22"", ""season"": 2025, ""startDateRange"": ""2025-03-20"", ""team"": ""Drake""}",/lineups/team,200,2026-02-21T22:48:29.206889+00:00
0.094,,False,"{""season"": 2025, ""seasonType"": ""postseason"", ""team"": ""Drexel""}",/games,200,2026-02-21T22:48:29.451649+00:00
15.536,,False,"{""season"": 2025, ""team"": ""Drexel""}",/lineups/team,200,2026-02-21T22:48:45.138215+00:00
0.104,,False,"{""season"": 2025, ""seasonType"": ""postseason"", ""team"": ""Duke""}",/games,200,2026-02-21T22:48:45.410734+00:00
0.319,,False,"{""endDateRange"": ""2025-04-06"", ""season"": 2025, ""startDateRange"": ""2025-03-21"", ""team"": ""Duke""}",/lineups/team,200,2026-02-21T22:48:45.880158+00:00
0.106,,False,"{""season"": 2025, ""seasonType"": ""postseason"", ""team"": ""Duquesne""}",/games,200,2026-02-21T22:48:46.141808+00:00
17.757,,False,"{""season"": 2025, ""team"": ""Duquesne""}",/lineups/team,200,2026-02-21T22:49:04.049190+00:00
0.103,,False,"{""season"": 2025, ""seasonType"": ""postseason"", ""team"": ""East Carolina""}",/games,200,2026-02-21T22:49:04.325672+00:00
20.955,,False,"{""season"": 2025, ""team"": ""East Carolina""}",/lineups/team,200,2026-02-21T22:49:25.431545+00:00
0.101,,False,"{""season"": 2025, ""seasonType"": ""postseason"", ""team"": ""East Tennessee State""}",/games,200,2026-02-21T22:49:25.702235+00:00
17.574,,False,"{""season"": 2025, ""team"": ""East Tennessee State""}",/lineups/team,200,2026-02-21T22:49:43.427177+00:00
0.103,,False,"{""season"": 2025, ""seasonType"": ""postseason"", ""team"": ""East Texas A&M""}",/games,200,2026-02-21T22:49:43.701474+00:00
51.039,,False,"{""season"": 2025, ""team"": ""East Texas A&M""}",/lineups/team,200,2026-02-21T22:50:34.891107+00:00
0.13,,False,"{""season"": 2025, ""seasonType"": ""postseason"", ""team"": ""Eastern Illinois""}",/games,200,2026-02-21T22:50:35.215406+00:00
13.771,,False,"{""season"": 2025, ""team"": ""Eastern Illinois""}",/lineups/team,200,2026-02-21T22:50:49.136733+00:00
0.106,,False,"{""season"": 2025, ""seasonType"": ""postseason"", ""team"": ""Eastern Kentucky""}",/games,200,2026-02-21T22:50:49.417721+00:00
14.702,,False,"{""season"": 2025, ""team"": ""Eastern Kentucky""}",/lineups/team,200,2026-02-21T22:51:04.270730+00:00
0.143,,False,"{""season"": 2025, ""seasonType"": ""postseason"", ""team"": ""Eastern Michigan""}",/games,200,2026-02-21T22:51:04.584943+00:00
32.19,,False,"{""season"": 2025, ""team"": ""Eastern Michigan""}",/lineups/team,200,2026-02-21T22:51:36.926239+00:00
0.116,,False,"{""season"": 2025, ""seasonType"": ""postseason"", ""team"": ""Eastern Washington""}",/games,200,2026-02-21T22:51:37.213015+00:00
24.961,,False,"{""season"": 2025, ""team"": ""Eastern Washington""}",/lineups/team,200,2026-02-21T22:52:02.324512+00:00
0.129,,False,"{""season"": 2025, ""seasonType"": ""postseason"", ""team"": ""Elon""}",/games,200,2026-02-21T22:52:02.637661+00:00
0.159,,False,"{""endDateRange"": ""2025-03-23"", ""season"": 2025, ""startDateRange"": ""2025-03-23"", ""team"": ""Elon""}",/lineups/team,200,2026-02-21T22:52:02.947511+00:00
0.146,,False,"{""season"": 2025, ""seasonType"": ""postseason"", ""team"": ""Evansville""}",/games,200,2026-02-21T22:52:03.244489+00:00
4.861,,False,"{""season"": 2025, ""team"": ""Evansville""}",/lineups/team,200,2026-02-21T22:52:08.255978+00:00
0.095,,False,"{""season"": 2025, ""seasonType"": ""postseason"", ""team"": ""Florida International""}",/games,200,2026-02-21T22:52:08.517810+00:00
39.446,,False,"{""season"": 2025, ""team"": ""Florida International""}",/lineups/team,200,2026-02-21T22:52:48.114578+00:00
0.099,,False,"{""season"": 2025, ""seasonType"": ""postseason"", ""team"": ""Fairfield""}",/games,200,2026-02-21T22:52:48.402902+00:00
10.403,,False,"{""season"": 2025, ""team"": ""Fairfield""}",/lineups/team,200,2026-02-21T22:52:58.956537+00:00
0.101,,False,"{""season"": 2025, ""seasonType"": ""postseason"", ""team"": ""Fairleigh Dickinson""}",/games,200,2026-02-21T22:52:59.234578+00:00
23.973,,False,"{""season"": 2025, ""team"": ""Fairleigh Dickinson""}",/lineups/team,200,2026-02-21T22:53:23.358430+00:00
0.115,,False,"{""season"": 2025, ""seasonType"": ""postseason"", ""team"": ""Florida""}",/games,200,2026-02-21T22:53:23.645520+00:00
0.42,,False,"{""endDateRange"": ""2025-04-08"", ""season"": 2025, ""startDateRange"": ""2025-03-21"", ""team"": ""Florida""}",/lineups/team,200,2026-02-21T22:53:24.216681+00:00
0.101,,False,"{""season"": 2025, ""seasonType"": ""postseason"", ""team"": ""Florida A&M""}",/games,200,2026-02-21T22:53:24.473858+00:00
26.165,,False,"{""season"": 2025, ""team"": ""Florida A&M""}",/lineups/team,200,2026-02-21T22:53:50.789438+00:00
0.11,,False,"{""season"": 2025, ""seasonType"": ""postseason"", ""team"": ""Florida Atlantic""}",/games,200,2026-02-21T22:53:51.101713+00:00
0.106,,False,"{""endDateRange"": ""2025-03-19"", ""season"": 2025, ""startDateRange"": ""2025-03-19"", ""team"": ""Florida Atlantic""}",/lineups/team,200,2026-02-21T22:53:51.358541+00:00
0.111,,False,"{""season"": 2025, ""seasonType"": ""postseason"", ""team"": ""Florida Gulf Coast""}",/games,200,2026-02-21T22:53:51.619899+00:00
0.175,,False,"{""endDateRange"": ""2025-03-26"", ""season"": 2025, ""startDateRange"": ""2025-03-24"", ""team"": ""Florida Gulf Coast""}",/lineups/team,200,2026-02-21T22:53:51.945852+00:00
0.116,,False,"{""season"": 2025, ""seasonType"": ""postseason"", ""team"": ""Florida State""}",/games,200,2026-02-21T22:53:52.215218+00:00
26.196,,False,"{""season"": 2025, ""team"": ""Florida State""}",/lineups/team,200,2026-02-21T22:54:18.562075+00:00
0.104,,False,"{""season"": 2025, ""seasonType"": ""postseason"", ""team"": ""Fordham""}",/games,200,2026-02-21T22:54:18.843535+00:00
29.967,,False,"{""season"": 2025, ""team"": ""Fordham""}",/lineups/team,200,2026-02-21T22:54:48.961313+00:00
0.116,,False,"{""season"": 2025, ""seasonType"": ""postseason"", ""team"": ""Fresno State""}",/games,200,2026-02-21T22:54:49.251633+00:00
17.465,,False,"{""season"": 2025, ""team"": ""Fresno State""}",/lineups/team,200,2026-02-21T22:55:06.866847+00:00
0.109,,False,"{""season"": 2025, ""seasonType"": ""postseason"", ""team"": ""Furman""}",/games,200,2026-02-21T22:55:07.151541+00:00
0.184,,False,"{""endDateRange"": ""2025-03-20"", ""season"": 2025, ""startDateRange"": ""2025-03-20"", ""team"": ""Furman""}",/lineups/team,200,2026-02-21T22:55:07.486202+00:00
0.112,,False,"{""season"": 2025, ""seasonType"": ""postseason"", ""team"": ""Gardner-Webb""}",/games,200,2026-02-21T22:55:07.748562+00:00
52.093,,False,"{""season"": 2025, ""team"": ""Gardner-Webb""}",/lineups/team,200,2026-02-21T22:55:59.992516+00:00
0.154,,False,"{""season"": 2025, ""seasonType"": ""postseason"", ""team"": ""George Mason""}",/games,200,2026-02-21T22:56:00.317282+00:00
0.21,,False,"{""endDateRange"": ""2025-03-22"", ""season"": 2025, ""startDateRange"": ""2025-03-19"", ""team"": ""George Mason""}",/lineups/team,200,2026-02-21T22:56:00.678601+00:00
0.121,,False,"{""season"": 2025, ""seasonType"": ""postseason"", ""team"": ""George Washington""}",/games,200,2026-02-21T22:56:00.950509+00:00
0.129,,False,"{""endDateRange"": ""2025-03-31"", ""season"": 2025, ""startDateRange"": ""2025-03-31"", ""team"": ""George Washington""}",/lineups/team,200,2026-02-21T22:56:01.230728+00:00
0.124,,False,"{""season"": 2025, ""seasonType"": ""postseason"", ""team"": ""Georgetown""}",/games,200,2026-02-21T22:56:01.505501+00:00
0.226,,False,"{""endDateRange"": ""2025-04-03"", ""season"": 2025, ""startDateRange"": ""2025-04-01"", ""team"": ""Georgetown""}",/lineups/team,200,2026-02-21T22:56:01.882159+00:00
0.132,,False,"{""season"": 2025, ""seasonType"": ""postseason"", ""team"": ""Georgia""}",/games,200,2026-02-21T22:56:02.166743+00:00
0.155,,False,"{""endDateRange"": ""2025-03-20"", ""season"": 2025, ""startDateRange"": ""2025-03-20"", ""team"": ""Georgia""}",/lineups/team,200,2026-02-21T22:56:02.472773+00:00
0.225,,False,"{""season"": 2025, ""seasonType"": ""postseason"", ""team"": ""Georgia Southern""}",/games,200,2026-02-21T22:56:02.848293+00:00
18.883,,False,"{""season"": 2025, ""team"": ""Georgia Southern""}",/lineups/team,200,2026-02-21T22:56:21.881616+00:00
0.108,,False,"{""season"": 2025, ""seasonType"": ""postseason"", ""team"": ""Georgia State""}",/games,200,2026-02-21T22:56:22.172542+00:00
4.015,,False,"{""season"": 2025, ""team"": ""Georgia State""}",/lineups/team,200,2026-02-21T22:56:26.337722+00:00
0.101,,False,"{""season"": 2025, ""seasonType"": ""postseason"", ""team"": ""Georgia Tech""}",/games,200,2026-02-21T22:56:26.603580+00:00
0.1,,False,"{""endDateRange"": ""2025-03-18"", ""season"": 2025, ""startDateRange"": ""2025-03-18"", ""team"": ""Georgia Tech""}",/lineups/team,200,2026-02-21T22:56:26.854584+00:00
0.103,,False,"{""season"": 2025, ""seasonType"": ""postseason"", ""team"": ""Gonzaga""}",/games,200,2026-02-21T22:56:27.108291+00:00
0.141,,False,"{""endDateRange"": ""2025-03-23"", ""season"": 2025, ""startDateRange"": ""2025-03-20"", ""team"": ""Gonzaga""}",/lineups/team,200,2026-02-21T22:56:27.400224+00:00
0.105,,False,"{""season"": 2025, ""seasonType"": ""postseason"", ""team"": ""Grambling""}",/games,200,2026-02-21T22:56:27.655374+00:00
17.956,,False,"{""season"": 2025, ""team"": ""Grambling""}",/lineups/team,200,2026-02-21T22:56:45.761901+00:00
0.11,,False,"{""season"": 2025, ""seasonType"": ""postseason"", ""team"": ""Grand Canyon""}",/games,200,2026-02-21T22:56:46.060371+00:00
0.099,,False,"{""endDateRange"": ""2025-03-21"", ""season"": 2025, ""startDateRange"": ""2025-03-21"", ""team"": ""Grand Canyon""}",/lineups/team,200,2026-02-21T22:56:46.310240+00:00
0.111,,False,"{""season"": 2025, ""seasonType"": ""postseason"", ""team"": ""Green Bay""}",/games,200,2026-02-21T22:56:46.571870+00:00
14.41,,False,"{""season"": 2025, ""team"": ""Green Bay""}",/lineups/team,200,2026-02-21T22:57:01.131911+00:00
0.129,,False,"{""season"": 2025, ""seasonType"": ""postseason"", ""team"": ""Hampton""}",/games,200,2026-02-21T22:57:01.448099+00:00
25.666,,False,"{""season"": 2025, ""team"": ""Hampton""}",/lineups/team,200,2026-02-21T22:57:27.264617+00:00
0.107,,False,"{""season"": 2025, ""seasonType"": ""postseason"", ""team"": ""Harvard""}",/games,200,2026-02-21T22:57:27.557217+00:00
13.192,,False,"{""season"": 2025, ""team"": ""Harvard""}",/lineups/team,200,2026-02-21T22:57:40.900027+00:00
0.113,,False,"{""season"": 2025, ""seasonType"": ""postseason"", ""team"": ""Hawai'i""}",/games,200,2026-02-21T22:57:41.184393+00:00
18.905,,False,"{""season"": 2025, ""team"": ""Hawai'i""}",/lineups/team,200,2026-02-21T22:58:00.239750+00:00
0.164,,False,"{""season"": 2025, ""seasonType"": ""postseason"", ""team"": ""High Point""}",/games,200,2026-02-21T22:58:00.575601+00:00
0.124,,False,"{""endDateRange"": ""2025-03-20"", ""season"": 2025, ""startDateRange"": ""2025-03-20"", ""team"": ""High Point""}",/lineups/team,200,2026-02-21T22:58:00.850743+00:00
0.113,,False,"{""season"": 2025, ""seasonType"": ""postseason"", ""team"": ""Hofstra""}",/games,200,2026-02-21T22:58:01.114852+00:00
6.842,,False,"{""season"": 2025, ""team"": ""Hofstra""}",/lineups/team,200,2026-02-21T22:58:08.107834+00:00
0.101,,False,"{""season"": 2025, ""seasonType"": ""postseason"", ""team"": ""Holy Cross""}",/games,200,2026-02-21T22:58:08.382412+00:00
0.091,http_500,False,"{""season"": 2025, ""team"": ""Holy Cross""}",/lineups/team,500,2026-02-21T22:58:08.624375+00:00
0.102,,False,"{""season"": 2025, ""seasonType"": ""postseason"", ""team"": ""Houston""}",/games,200,2026-02-21T22:58:08.876850+00:00
0.394,,False,"{""endDateRange"": ""2025-04-08"", ""season"": 2025, ""startDateRange"": ""2025-03-20"", ""team"": ""Houston""}",/lineups/team,200,2026-02-21T22:58:09.421665+00:00
0.098,,False,"{""season"": 2025, ""seasonType"": ""postseason"", ""team"": ""Houston Christian""}",/games,200,2026-02-21T22:58:09.674491+00:00
22.339,,False,"{""season"": 2025, ""team"": ""Houston Christian""}",/lineups/team,200,2026-02-21T22:58:32.164428+00:00
0.117,,False,"{""season"": 2025, ""seasonType"": ""postseason"", ""team"": ""Howard""}",/games,200,2026-02-21T22:58:32.458024+00:00
12.549,,False,"{""season"": 2025, ""team"": ""Howard""}",/lineups/team,200,2026-02-21T22:58:45.157703+00:00
0.097,,False,"{""season"": 2025, ""seasonType"": ""postseason"", ""team"": ""IU Indianapolis""}",/games,200,2026-02-21T22:58:45.427307+00:00
28.837,,False,"{""season"": 2025, ""team"": ""IU Indianapolis""}",/lineups/team,200,2026-02-21T22:59:14.414598+00:00
1.638,,False,"{""season"": 2025, ""seasonType"": ""postseason"", ""team"": ""Idaho""}",/games,200,2026-02-21T22:59:16.222708+00:00
31.886,,False,"{""season"": 2025, ""team"": ""Idaho""}",/lineups/team,200,2026-02-21T22:59:48.259795+00:00
0.134,,False,"{""season"": 2025, ""seasonType"": ""postseason"", ""team"": ""Idaho State""}",/games,200,2026-02-21T22:59:48.580813+00:00
29.435,,False,"{""season"": 2025, ""team"": ""Idaho State""}",/lineups/team,200,2026-02-21T23:00:18.166870+00:00
0.241,,False,"{""season"": 2025, ""seasonType"": ""postseason"", ""team"": ""Illinois""}",/games,200,2026-02-21T23:00:18.574389+00:00
0.189,,False,"{""endDateRange"": ""2025-03-23"", ""season"": 2025, ""startDateRange"": ""2025-03-22"", ""team"": ""Illinois""}",/lineups/team,200,2026-02-21T23:00:18.913933+00:00
0.167,,False,"{""season"": 2025, ""seasonType"": ""postseason"", ""team"": ""UIC""}",/games,200,2026-02-21T23:00:19.233483+00:00
25.032,,False,"{""season"": 2025, ""team"": ""UIC""}",/lineups/team,200,2026-02-21T23:00:44.415899+00:00
0.121,,False,"{""season"": 2025, ""seasonType"": ""postseason"", ""team"": ""Illinois State""}",/games,200,2026-02-21T23:00:44.710510+00:00
0.226,,False,"{""endDateRange"": ""2025-03-26"", ""season"": 2025, ""startDateRange"": ""2025-03-23"", ""team"": ""Illinois State""}",/lineups/team,200,2026-02-21T23:00:45.087067+00:00
0.119,,False,"{""season"": 2025, ""seasonType"": ""postseason"", ""team"": ""Incarnate Word""}",/games,200,2026-02-21T23:00:45.359745+00:00
0.234,,False,"{""endDateRange"": ""2025-03-25"", ""season"": 2025, ""startDateRange"": ""2025-03-23"", ""team"": ""Incarnate Word""}",/lineups/team,200,2026-02-21T23:00:45.744976+00:00
0.113,,False,"{""season"": 2025, ""seasonType"": ""postseason"", ""team"": ""Indiana""}",/games,200,2026-02-21T23:00:46.010780+00:00
12.967,,False,"{""season"": 2025, ""team"": ""Indiana""}",/lineups/team,200,2026-02-21T23:00:59.128239+00:00
0.143,,False,"{""season"": 2025, ""seasonType"": ""postseason"", ""team"": ""Indiana State""}",/games,200,2026-02-21T23:00:59.441941+00:00
16.049,,False,"{""season"": 2025, ""team"": ""Indiana State""}",/lineups/team,200,2026-02-21T23:01:15.641424+00:00
0.105,,False,"{""season"": 2025, ""seasonType"": ""postseason"", ""team"": ""Iona""}",/games,200,2026-02-21T23:01:15.920906+00:00
50.616,,False,"{""season"": 2025, ""team"": ""Iona""}",/lineups/team,200,2026-02-21T23:02:06.687224+00:00
0.155,,False,"{""season"": 2025, ""seasonType"": ""postseason"", ""team"": ""Iowa""}",/games,200,2026-02-21T23:02:07.034427+00:00
9.73,,False,"{""season"": 2025, ""team"": ""Iowa""}",/lineups/team,200,2026-02-21T23:02:16.915563+00:00
0.11,,False,"{""season"": 2025, ""seasonType"": ""postseason"", ""team"": ""Iowa State""}",/games,200,2026-02-21T23:02:17.206125+00:00
0.182,,False,"{""endDateRange"": ""2025-03-24"", ""season"": 2025, ""startDateRange"": ""2025-03-21"", ""team"": ""Iowa State""}",/lineups/team,200,2026-02-21T23:02:17.539461+00:00
0.102,,False,"{""season"": 2025, ""seasonType"": ""postseason"", ""team"": ""Jackson State""}",/games,200,2026-02-21T23:02:17.795016+00:00
21.405,,False,"{""season"": 2025, ""team"": ""Jackson State""}",/lineups/team,200,2026-02-21T23:02:39.350918+00:00
0.107,,False,"{""season"": 2025, ""seasonType"": ""postseason"", ""team"": ""Jacksonville""}",/games,200,2026-02-21T23:02:39.655925+00:00
0.133,,False,"{""endDateRange"": ""2025-03-24"", ""season"": 2025, ""startDateRange"": ""2025-03-24"", ""team"": ""Jacksonville""}",/lineups/team,200,2026-02-21T23:02:39.939726+00:00
0.11,,False,"{""season"": 2025, ""seasonType"": ""postseason"", ""team"": ""Jacksonville State""}",/games,200,2026-02-21T23:02:40.200429+00:00
0.128,,False,"{""endDateRange"": ""2025-03-24"", ""season"": 2025, ""startDateRange"": ""2025-03-18"", ""team"": ""Jacksonville State""}",/lineups/team,200,2026-02-21T23:02:40.478777+00:00
0.102,,False,"{""season"": 2025, ""seasonType"": ""postseason"", ""team"": ""James Madison""}",/games,200,2026-02-21T23:02:40.731951+00:00
29.77,,False,"{""season"": 2025, ""team"": ""James Madison""}",/lineups/team,200,2026-02-21T23:03:10.652235+00:00
0.103,,False,"{""season"": 2025, ""seasonType"": ""postseason"", ""team"": ""Kansas""}",/games,200,2026-02-21T23:03:10.925255+00:00
0.096,,False,"{""endDateRange"": ""2025-03-20"", ""season"": 2025, ""startDateRange"": ""2025-03-20"", ""team"": ""Kansas""}",/lineups/team,200,2026-02-21T23:03:11.171424+00:00
0.104,,False,"{""season"": 2025, ""seasonType"": ""postseason"", ""team"": ""Kansas State""}",/games,200,2026-02-21T23:03:11.425473+00:00
27.781,,False,"{""season"": 2025, ""team"": ""Kansas State""}",/lineups/team,200,2026-02-21T23:03:39.357150+00:00
0.558,,False,"{""season"": 2025, ""seasonType"": ""postseason"", ""team"": ""Kennesaw State""}",/games,200,2026-02-21T23:03:40.090736+00:00
16.461,,False,"{""season"": 2025, ""team"": ""Kennesaw State""}",/lineups/team,200,2026-02-21T23:03:56.702070+00:00
0.108,,False,"{""season"": 2025, ""seasonType"": ""postseason"", ""team"": ""Kent State""}",/games,200,2026-02-21T23:03:56.980273+00:00
0.195,,False,"{""endDateRange"": ""2025-03-26"", ""season"": 2025, ""startDateRange"": ""2025-03-18"", ""team"": ""Kent State""}",/lineups/team,200,2026-02-21T23:03:57.325833+00:00
0.108,,False,"{""season"": 2025, ""seasonType"": ""postseason"", ""team"": ""Kentucky""}",/games,200,2026-02-21T23:03:57.587231+00:00
0.291,,False,"{""endDateRange"": ""2025-03-28"", ""season"": 2025, ""startDateRange"": ""2025-03-21"", ""team"": ""Kentucky""}",/lineups/team,200,2026-02-21T23:03:58.028607+00:00
0.105,,False,"{""season"": 2025, ""seasonType"": ""postseason"", ""team"": ""LSU""}",/games,200,2026-02-21T23:03:58.289123+00:00
16.682,,False,"{""season"": 2025, ""team"": ""LSU""}",/lineups/team,200,2026-02-21T23:04:15.121751+00:00
0.099,,False,"{""season"": 2025, ""seasonType"": ""postseason"", ""team"": ""La Salle""}",/games,200,2026-02-21T23:04:15.397459+00:00
5.497,,False,"{""season"": 2025, ""team"": ""La Salle""}",/lineups/team,200,2026-02-21T23:04:21.045354+00:00
0.097,,False,"{""season"": 2025, ""seasonType"": ""postseason"", ""team"": ""Lafayette""}",/games,200,2026-02-21T23:04:21.310025+00:00
26.095,,False,"{""season"": 2025, ""team"": ""Lafayette""}",/lineups/team,200,2026-02-21T23:04:47.556152+00:00
0.369,,False,"{""season"": 2025, ""seasonType"": ""postseason"", ""team"": ""Lamar""}",/games,200,2026-02-21T23:04:48.117160+00:00
23.561,,False,"{""season"": 2025, ""team"": ""Lamar""}",/lineups/team,200,2026-02-21T23:05:11.828660+00:00
0.104,,False,"{""season"": 2025, ""seasonType"": ""postseason"", ""team"": ""Le Moyne""}",/games,200,2026-02-21T23:05:12.106005+00:00
9.477,,False,"{""season"": 2025, ""team"": ""Le Moyne""}",/lineups/team,200,2026-02-21T23:05:21.733503+00:00
0.102,,False,"{""season"": 2025, ""seasonType"": ""postseason"", ""team"": ""Lehigh""}",/games,200,2026-02-21T23:05:22.019602+00:00
12.815,,False,"{""season"": 2025, ""team"": ""Lehigh""}",/lineups/team,200,2026-02-21T23:05:34.985006+00:00
0.274,,False,"{""season"": 2025, ""seasonType"": ""postseason"", ""team"": ""Liberty""}",/games,200,2026-02-21T23:05:35.428286+00:00
0.121,,False,"{""endDateRange"": ""2025-03-22"", ""season"": 2025, ""startDateRange"": ""2025-03-22"", ""team"": ""Liberty""}",/lineups/team,200,2026-02-21T23:05:35.699860+00:00
0.093,,False,"{""season"": 2025, ""seasonType"": ""postseason"", ""team"": ""Lindenwood""}",/games,200,2026-02-21T23:05:35.943292+00:00
16.33,,False,"{""season"": 2025, ""team"": ""Lindenwood""}",/lineups/team,200,2026-02-21T23:05:52.424485+00:00
0.104,,False,"{""season"": 2025, ""seasonType"": ""postseason"", ""team"": ""Lipscomb""}",/games,200,2026-02-21T23:05:52.700994+00:00
0.096,,False,"{""endDateRange"": ""2025-03-21"", ""season"": 2025, ""startDateRange"": ""2025-03-21"", ""team"": ""Lipscomb""}",/lineups/team,200,2026-02-21T23:05:52.947827+00:00
0.107,,False,"{""season"": 2025, ""seasonType"": ""postseason"", ""team"": ""Little Rock""}",/games,200,2026-02-21T23:05:53.205112+00:00
5.1,,False,"{""season"": 2025, ""team"": ""Little Rock""}",/lineups/team,200,2026-02-21T23:05:58.455544+00:00
0.105,,False,"{""season"": 2025, ""seasonType"": ""postseason"", ""team"": ""Long Beach State""}",/games,200,2026-02-21T23:05:58.728684+00:00
15.956,,False,"{""season"": 2025, ""team"": ""Long Beach State""}",/lineups/team,200,2026-02-21T23:06:14.834926+00:00
0.097,,False,"{""season"": 2025, ""seasonType"": ""postseason"", ""team"": ""Longwood""}",/games,200,2026-02-21T23:06:15.108725+00:00
60.075,exception,False,"{""season"": 2025, ""team"": ""Longwood""}",/lineups/team,0,2026-02-21T23:07:15.334507+00:00
0.185,,False,"{""season"": 2025, ""seasonType"": ""postseason"", ""team"": ""Louisiana""}",/games,200,2026-02-21T23:07:15.670726+00:00
16.978,,False,"{""season"": 2025, ""team"": ""Louisiana""}",/lineups/team,200,2026-02-21T23:07:32.799418+00:00
0.102,,False,"{""season"": 2025, ""seasonType"": ""postseason"", ""team"": ""UL Monroe""}",/games,200,2026-02-21T23:07:33.087335+00:00
3.547,,False,"{""season"": 2025, ""team"": ""UL Monroe""}",/lineups/team,200,2026-02-21T23:07:36.784762+00:00
0.107,,False,"{""season"": 2025, ""seasonType"": ""postseason"", ""team"": ""Louisiana Tech""}",/games,200,2026-02-21T23:07:37.053660+00:00
10.169,,False,"{""season"": 2025, ""team"": ""Louisiana Tech""}",/lineups/team,200,2026-02-21T23:07:47.373561+00:00
0.103,,False,"{""season"": 2025, ""seasonType"": ""postseason"", ""team"": ""Louisville""}",/games,200,2026-02-21T23:07:47.649178+00:00
0.102,,False,"{""endDateRange"": ""2025-03-20"", ""season"": 2025, ""startDateRange"": ""2025-03-20"", ""team"": ""Louisville""}",/lineups/team,200,2026-02-21T23:07:47.902070+00:00
0.108,,False,"{""season"": 2025, ""seasonType"": ""postseason"", ""team"": ""Loyola Chicago""}",/games,200,2026-02-21T23:07:48.160684+00:00
0.364,,False,"{""endDateRange"": ""2025-04-02"", ""season"": 2025, ""startDateRange"": ""2025-03-20"", ""team"": ""Loyola Chicago""}",/lineups/team,200,2026-02-21T23:07:48.675166+00:00
9.642,,False,"{""season"": 2025, ""seasonType"": ""postseason"", ""team"": ""Loyola Maryland""}",/games,200,2026-02-21T23:07:58.471919+00:00
56.702,,False,"{""season"": 2025, ""team"": ""Loyola Maryland""}",/lineups/team,200,2026-02-21T23:08:55.324175+00:00
0.113,,False,"{""season"": 2025, ""seasonType"": ""postseason"", ""team"": ""Loyola Marymount""}",/games,200,2026-02-21T23:08:55.613156+00:00
18.164,,False,"{""season"": 2025, ""team"": ""Loyola Marymount""}",/lineups/team,200,2026-02-21T23:09:13.927807+00:00
0.147,,False,"{""season"": 2025, ""seasonType"": ""postseason"", ""team"": ""Maine""}",/games,200,2026-02-21T23:09:14.239767+00:00
11.015,,False,"{""season"": 2025, ""team"": ""Maine""}",/lineups/team,200,2026-02-21T23:09:25.405686+00:00
0.1,,False,"{""season"": 2025, ""seasonType"": ""postseason"", ""team"": ""Manhattan""}",/games,200,2026-02-21T23:09:25.668636+00:00
1.266,,False,"{""endDateRange"": ""2025-03-23"", ""season"": 2025, ""startDateRange"": ""2025-03-23"", ""team"": ""Manhattan""}",/lineups/team,200,2026-02-21T23:09:27.085521+00:00
0.148,,False,"{""season"": 2025, ""seasonType"": ""postseason"", ""team"": ""Marist""}",/games,200,2026-02-21T23:09:27.384398+00:00
33.938,,False,"{""season"": 2025, ""team"": ""Marist""}",/lineups/team,200,2026-02-21T23:10:01.472497+00:00
0.149,,False,"{""season"": 2025, ""seasonType"": ""postseason"", ""team"": ""Marquette""}",/games,200,2026-02-21T23:10:01.796568+00:00
0.218,,False,"{""endDateRange"": ""2025-03-21"", ""season"": 2025, ""startDateRange"": ""2025-03-21"", ""team"": ""Marquette""}",/lineups/team,200,2026-02-21T23:10:02.165154+00:00
0.35,,False,"{""season"": 2025, ""seasonType"": ""postseason"", ""team"": ""Marshall""}",/games,200,2026-02-21T23:10:02.665793+00:00
13.145,,False,"{""season"": 2025, ""team"": ""Marshall""}",/lineups/team,200,2026-02-21T23:10:15.961625+00:00
0.131,,False,"{""season"": 2025, ""seasonType"": ""postseason"", ""team"": ""Maryland""}",/games,200,2026-02-21T23:10:16.272131+00:00
0.252,,False,"{""endDateRange"": ""2025-03-27"", ""season"": 2025, ""startDateRange"": ""2025-03-21"", ""team"": ""Maryland""}",/lineups/team,200,2026-02-21T23:10:16.675405+00:00
0.138,,False,"{""season"": 2025, ""seasonType"": ""postseason"", ""team"": ""Maryland Eastern Shore""}",/games,200,2026-02-21T23:10:16.966487+00:00
12.42,,False,"{""season"": 2025, ""team"": ""Maryland Eastern Shore""}",/lineups/team,200,2026-02-21T23:10:29.537503+00:00
0.103,,False,"{""season"": 2025, ""seasonType"": ""postseason"", ""team"": ""Massachusetts""}",/games,200,2026-02-21T23:10:29.819929+00:00
25.93,,False,"{""season"": 2025, ""team"": ""Massachusetts""}",/lineups/team,200,2026-02-21T23:10:55.901005+00:00
0.13,,False,"{""season"": 2025, ""seasonType"": ""postseason"", ""team"": ""McNeese""}",/games,200,2026-02-21T23:10:56.217614+00:00
0.161,,False,"{""endDateRange"": ""2025-03-22"", ""season"": 2025, ""startDateRange"": ""2025-03-20"", ""team"": ""McNeese""}",/lineups/team,200,2026-02-21T23:10:56.529282+00:00
0.119,,False,"{""season"": 2025, ""seasonType"": ""postseason"", ""team"": ""Memphis""}",/games,200,2026-02-21T23:10:56.799042+00:00
0.103,,False,"{""endDateRange"": ""2025-03-21"", ""season"": 2025, ""startDateRange"": ""2025-03-21"", ""team"": ""Memphis""}",/lineups/team,200,2026-02-21T23:10:57.053092+00:00
0.109,,False,"{""season"": 2025, ""seasonType"": ""postseason"", ""team"": ""Mercer""}",/games,200,2026-02-21T23:10:57.313253+00:00
11.991,,False,"{""season"": 2025, ""team"": ""Mercer""}",/lineups/team,200,2026-02-21T23:11:09.455325+00:00
0.12,,False,"{""season"": 2025, ""seasonType"": ""postseason"", ""team"": ""Mercyhurst""}",/games,200,2026-02-21T23:11:09.749018+00:00
24.745,,False,"{""season"": 2025, ""team"": ""Mercyhurst""}",/lineups/team,200,2026-02-21T23:11:34.645020+00:00
0.124,,False,"{""season"": 2025, ""seasonType"": ""postseason"", ""team"": ""Merrimack""}",/games,200,2026-02-21T23:11:34.948888+00:00
10.399,,False,"{""season"": 2025, ""team"": ""Merrimack""}",/lineups/team,200,2026-02-21T23:11:45.498211+00:00
0.111,,False,"{""season"": 2025, ""seasonType"": ""postseason"", ""team"": ""Miami""}",/games,200,2026-02-21T23:11:45.770316+00:00
12.761,,False,"{""season"": 2025, ""team"": ""Miami""}",/lineups/team,200,2026-02-21T23:11:58.681765+00:00
0.213,,False,"{""season"": 2025, ""seasonType"": ""postseason"", ""team"": ""Miami (OH)""}",/games,200,2026-02-21T23:11:59.071195+00:00
34.512,,False,"{""season"": 2025, ""team"": ""Miami (OH)""}",/lineups/team,200,2026-02-21T23:12:33.733632+00:00
0.208,,False,"{""season"": 2025, ""seasonType"": ""postseason"", ""team"": ""Michigan""}",/games,200,2026-02-21T23:12:34.110218+00:00
0.22,,False,"{""endDateRange"": ""2025-03-29"", ""season"": 2025, ""startDateRange"": ""2025-03-21"", ""team"": ""Michigan""}",/lineups/team,200,2026-02-21T23:12:34.481015+00:00
0.108,,False,"{""season"": 2025, ""seasonType"": ""postseason"", ""team"": ""Michigan State""}",/games,200,2026-02-21T23:12:34.742680+00:00
0.356,,False,"{""endDateRange"": ""2025-03-30"", ""season"": 2025, ""startDateRange"": ""2025-03-22"", ""team"": ""Michigan State""}",/lineups/team,200,2026-02-21T23:12:35.249455+00:00
0.436,,False,"{""season"": 2025, ""seasonType"": ""postseason"", ""team"": ""Middle Tennessee""}",/games,200,2026-02-21T23:12:35.841066+00:00
0.136,,False,"{""endDateRange"": ""2025-03-19"", ""season"": 2025, ""startDateRange"": ""2025-03-19"", ""team"": ""Middle Tennessee""}",/lineups/team,200,2026-02-21T23:12:36.127503+00:00
0.558,,False,"{""season"": 2025, ""seasonType"": ""postseason"", ""team"": ""Milwaukee""}",/games,200,2026-02-21T23:12:36.835692+00:00
23.853,,False,"{""season"": 2025, ""team"": ""Milwaukee""}",/lineups/team,200,2026-02-21T23:13:00.839149+00:00
0.121,,False,"{""season"": 2025, ""seasonType"": ""postseason"", ""team"": ""Minnesota""}",/games,200,2026-02-21T23:13:01.131720+00:00
8.448,,False,"{""season"": 2025, ""team"": ""Minnesota""}",/lineups/team,200,2026-02-21T23:13:09.730687+00:00
0.123,,False,"{""season"": 2025, ""seasonType"": ""postseason"", ""team"": ""Ole Miss""}",/games,200,2026-02-21T23:13:10.017805+00:00
0.292,,False,"{""endDateRange"": ""2025-03-28"", ""season"": 2025, ""startDateRange"": ""2025-03-21"", ""team"": ""Ole Miss""}",/lineups/team,200,2026-02-21T23:13:10.460546+00:00
0.176,,False,"{""season"": 2025, ""seasonType"": ""postseason"", ""team"": ""Mississippi State""}",/games,200,2026-02-21T23:13:10.791093+00:00
0.102,,False,"{""endDateRange"": ""2025-03-21"", ""season"": 2025, ""startDateRange"": ""2025-03-21"", ""team"": ""Mississippi State""}",/lineups/team,200,2026-02-21T23:13:11.043229+00:00
0.099,,False,"{""season"": 2025, ""seasonType"": ""postseason"", ""team"": ""Mississippi Valley State""}",/games,200,2026-02-21T23:13:11.292851+00:00
14.518,,False,"{""season"": 2025, ""team"": ""Mississippi Valley State""}",/lineups/team,200,2026-02-21T23:13:25.961200+00:00
0.103,,False,"{""season"": 2025, ""seasonType"": ""postseason"", ""team"": ""Missouri""}",/games,200,2026-02-21T23:13:26.268446+00:00
0.107,,False,"{""endDateRange"": ""2025-03-20"", ""season"": 2025, ""startDateRange"": ""2025-03-20"", ""team"": ""Missouri""}",/lineups/team,200,2026-02-21T23:13:26.526352+00:00
0.097,,False,"{""season"": 2025, ""seasonType"": ""postseason"", ""team"": ""Missouri State""}",/games,200,2026-02-21T23:13:26.774248+00:00
33.514,,False,"{""season"": 2025, ""team"": ""Missouri State""}",/lineups/team,200,2026-02-21T23:14:00.439115+00:00
0.113,,False,"{""season"": 2025, ""seasonType"": ""postseason"", ""team"": ""Monmouth""}",/games,200,2026-02-21T23:14:00.727098+00:00
12.416,,False,"{""season"": 2025, ""team"": ""Monmouth""}",/lineups/team,200,2026-02-21T23:14:13.294132+00:00
0.114,,False,"{""season"": 2025, ""seasonType"": ""postseason"", ""team"": ""Montana""}",/games,200,2026-02-21T23:14:13.580385+00:00
0.11,,False,"{""endDateRange"": ""2025-03-20"", ""season"": 2025, ""startDateRange"": ""2025-03-20"", ""team"": ""Montana""}",/lineups/team,200,2026-02-21T23:14:13.840892+00:00
0.477,,False,"{""season"": 2025, ""seasonType"": ""postseason"", ""team"": ""Montana State""}",/games,200,2026-02-21T23:14:14.468524+00:00
19.92,,False,"{""season"": 2025, ""team"": ""Montana State""}",/lineups/team,200,2026-02-21T23:14:34.539515+00:00
0.098,,False,"{""season"": 2025, ""seasonType"": ""postseason"", ""team"": ""Morehead State""}",/games,200,2026-02-21T23:14:34.819569+00:00
17.434,,False,"{""season"": 2025, ""team"": ""Morehead State""}",/lineups/team,200,2026-02-21T23:14:52.403863+00:00
0.109,,False,"{""season"": 2025, ""seasonType"": ""postseason"", ""team"": ""Morgan State""}",/games,200,2026-02-21T23:14:52.691543+00:00
38.391,,False,"{""season"": 2025, ""team"": ""Morgan State""}",/lineups/team,200,2026-02-21T23:15:31.233021+00:00
0.105,,False,"{""season"": 2025, ""seasonType"": ""postseason"", ""team"": ""Mount St. Mary's""}",/games,200,2026-02-21T23:15:31.528699+00:00
0.175,,False,"{""endDateRange"": ""2025-03-21"", ""season"": 2025, ""startDateRange"": ""2025-03-19"", ""team"": ""Mount St. Mary's""}",/lineups/team,200,2026-02-21T23:15:31.854543+00:00
0.116,,False,"{""season"": 2025, ""seasonType"": ""postseason"", ""team"": ""Murray State""}",/games,200,2026-02-21T23:15:32.120955+00:00
5.414,,False,"{""season"": 2025, ""team"": ""Murray State""}",/lineups/team,200,2026-02-21T23:15:37.685891+00:00
0.103,,False,"{""season"": 2025, ""seasonType"": ""postseason"", ""team"": ""NC State""}",/games,200,2026-02-21T23:15:37.948161+00:00
14.847,,False,"{""season"": 2025, ""team"": ""NC State""}",/lineups/team,200,2026-02-21T23:15:52.946035+00:00
0.11,,False,"{""season"": 2025, ""seasonType"": ""postseason"", ""team"": ""NJIT""}",/games,200,2026-02-21T23:15:53.224751+00:00
15.136,,False,"{""season"": 2025, ""team"": ""NJIT""}",/lineups/team,200,2026-02-21T23:16:08.511295+00:00
0.097,,False,"{""season"": 2025, ""seasonType"": ""postseason"", ""team"": ""Navy""}",/games,200,2026-02-21T23:16:08.792140+00:00
37.109,,False,"{""season"": 2025, ""team"": ""Navy""}",/lineups/team,200,2026-02-21T23:16:46.051492+00:00
0.418,,False,"{""season"": 2025, ""seasonType"": ""postseason"", ""team"": ""Nebraska""}",/games,200,2026-02-21T23:16:46.646619+00:00
0.506,,False,"{""endDateRange"": ""2025-04-06"", ""season"": 2025, ""startDateRange"": ""2025-04-01"", ""team"": ""Nebraska""}",/lineups/team,200,2026-02-21T23:16:47.303575+00:00
0.113,,False,"{""season"": 2025, ""seasonType"": ""postseason"", ""team"": ""Omaha""}",/games,200,2026-02-21T23:16:47.571072+00:00
0.091,,False,"{""endDateRange"": ""2025-03-21"", ""season"": 2025, ""startDateRange"": ""2025-03-21"", ""team"": ""Omaha""}",/lineups/team,200,2026-02-21T23:16:47.813383+00:00
0.112,,False,"{""season"": 2025, ""seasonType"": ""postseason"", ""team"": ""Nevada""}",/games,200,2026-02-21T23:16:48.076270+00:00
15.745,,False,"{""season"": 2025, ""team"": ""Nevada""}",/lineups/team,200,2026-02-21T23:17:03.971848+00:00
1.23,,False,"{""season"": 2025, ""seasonType"": ""postseason"", ""team"": ""New Hampshire""}",/games,200,2026-02-21T23:17:05.375308+00:00
38.451,,False,"{""season"": 2025, ""team"": ""New Hampshire""}",/lineups/team,200,2026-02-21T23:17:43.977492+00:00
0.11,,False,"{""season"": 2025, ""seasonType"": ""postseason"", ""team"": ""New Mexico""}",/games,200,2026-02-21T23:17:44.270598+00:00
0.15,,False,"{""endDateRange"": ""2025-03-24"", ""season"": 2025, ""startDateRange"": ""2025-03-21"", ""team"": ""New Mexico""}",/lineups/team,200,2026-02-21T23:17:44.571220+00:00
0.101,,False,"{""season"": 2025, ""seasonType"": ""postseason"", ""team"": ""New Mexico State""}",/games,200,2026-02-21T23:17:44.825590+00:00
21.583,,False,"{""season"": 2025, ""team"": ""New Mexico State""}",/lineups/team,200,2026-02-21T23:18:06.559330+00:00
0.107,,False,"{""season"": 2025, ""seasonType"": ""postseason"", ""team"": ""New Orleans""}",/games,200,2026-02-21T23:18:06.847926+00:00
8.659,,False,"{""season"": 2025, ""team"": ""New Orleans""}",/lineups/team,200,2026-02-21T23:18:15.657982+00:00
0.108,,False,"{""season"": 2025, ""seasonType"": ""postseason"", ""team"": ""Niagara""}",/games,200,2026-02-21T23:18:15.941229+00:00
25.813,,False,"{""season"": 2025, ""team"": ""Niagara""}",/lineups/team,200,2026-02-21T23:18:41.904758+00:00
0.106,,False,"{""season"": 2025, ""seasonType"": ""postseason"", ""team"": ""Nicholls""}",/games,200,2026-02-21T23:18:42.185822+00:00
12.855,,False,"{""season"": 2025, ""team"": ""Nicholls""}",/lineups/team,200,2026-02-21T23:18:55.190961+00:00
0.117,,False,"{""season"": 2025, ""seasonType"": ""postseason"", ""team"": ""Norfolk State""}",/games,200,2026-02-21T23:18:55.488798+00:00
0.111,,False,"{""endDateRange"": ""2025-03-21"", ""season"": 2025, ""startDateRange"": ""2025-03-21"", ""team"": ""Norfolk State""}",/lineups/team,200,2026-02-21T23:18:55.750599+00:00
0.135,,False,"{""season"": 2025, ""seasonType"": ""postseason"", ""team"": ""North Alabama""}",/games,200,2026-02-21T23:18:56.035692+00:00
0.933,,False,"{""endDateRange"": ""2025-03-20"", ""season"": 2025, ""startDateRange"": ""2025-03-20"", ""team"": ""North Alabama""}",/lineups/team,200,2026-02-21T23:18:57.119181+00:00
0.113,,False,"{""season"": 2025, ""seasonType"": ""postseason"", ""team"": ""North Carolina""}",/games,200,2026-02-21T23:18:57.383014+00:00
0.164,,False,"{""endDateRange"": ""2025-03-21"", ""season"": 2025, ""startDateRange"": ""2025-03-19"", ""team"": ""North Carolina""}",/lineups/team,200,2026-02-21T23:18:57.697683+00:00
0.098,,False,"{""season"": 2025, ""seasonType"": ""postseason"", ""team"": ""North Carolina A&T""}",/games,200,2026-02-21T23:18:57.946184+00:00
5.001,,False,"{""season"": 2025, ""team"": ""North Carolina A&T""}",/lineups/team,200,2026-02-21T23:19:03.097829+00:00
0.119,,False,"{""season"": 2025, ""seasonType"": ""postseason"", ""team"": ""North Carolina Central""}",/games,200,2026-02-21T23:19:03.378248+00:00
13.377,,False,"{""season"": 2025, ""team"": ""North Carolina Central""}",/lineups/team,200,2026-02-21T23:19:16.906213+00:00
0.105,,False,"{""season"": 2025, ""seasonType"": ""postseason"", ""team"": ""North Dakota""}",/games,200,2026-02-21T23:19:17.184644+00:00
29.325,,False,"{""season"": 2025, ""team"": ""North Dakota""}",/lineups/team,200,2026-02-21T23:19:46.659880+00:00
0.099,,False,"{""season"": 2025, ""seasonType"": ""postseason"", ""team"": ""North Dakota State""}",/games,200,2026-02-21T23:19:46.933778+00:00
41.671,,False,"{""season"": 2025, ""team"": ""North Dakota State""}",/lineups/team,200,2026-02-21T23:20:28.755614+00:00
0.127,,False,"{""season"": 2025, ""seasonType"": ""postseason"", ""team"": ""North Florida""}",/games,200,2026-02-21T23:20:29.055938+00:00
19.357,,False,"{""season"": 2025, ""team"": ""North Florida""}",/lineups/team,200,2026-02-21T23:20:48.563306+00:00
0.11,,False,"{""season"": 2025, ""seasonType"": ""postseason"", ""team"": ""North Texas""}",/games,200,2026-02-21T23:20:48.838896+00:00
0.33,,False,"{""endDateRange"": ""2025-04-01"", ""season"": 2025, ""startDateRange"": ""2025-03-20"", ""team"": ""North Texas""}",/lineups/team,200,2026-02-21T23:20:49.319731+00:00
0.107,,False,"{""season"": 2025, ""seasonType"": ""postseason"", ""team"": ""Northeastern""}",/games,200,2026-02-21T23:20:49.580830+00:00
11.495,,False,"{""season"": 2025, ""team"": ""Northeastern""}",/lineups/team,200,2026-02-21T23:21:01.226468+00:00
0.132,,False,"{""season"": 2025, ""seasonType"": ""postseason"", ""team"": ""Northern Arizona""}",/games,200,2026-02-21T23:21:01.531015+00:00
0.125,,False,"{""endDateRange"": ""2025-03-23"", ""season"": 2025, ""startDateRange"": ""2025-03-23"", ""team"": ""Northern Arizona""}",/lineups/team,200,2026-02-21T23:21:01.807090+00:00
0.153,,False,"{""season"": 2025, ""seasonType"": ""postseason"", ""team"": ""Northern Colorado""}",/games,200,2026-02-21T23:21:02.110965+00:00
0.155,,False,"{""endDateRange"": ""2025-03-20"", ""season"": 2025, ""startDateRange"": ""2025-03-20"", ""team"": ""Northern Colorado""}",/lineups/team,200,2026-02-21T23:21:02.416659+00:00
0.126,,False,"{""season"": 2025, ""seasonType"": ""postseason"", ""team"": ""Northern Illinois""}",/games,200,2026-02-21T23:21:02.693159+00:00
15.915,,False,"{""season"": 2025, ""team"": ""Northern Illinois""}",/lineups/team,200,2026-02-21T23:21:18.758475+00:00
0.097,,False,"{""season"": 2025, ""seasonType"": ""postseason"", ""team"": ""Northern Iowa""}",/games,200,2026-02-21T23:21:19.030745+00:00
0.112,,False,"{""endDateRange"": ""2025-03-20"", ""season"": 2025, ""startDateRange"": ""2025-03-20"", ""team"": ""Northern Iowa""}",/lineups/team,200,2026-02-21T23:21:19.293764+00:00
0.101,,False,"{""season"": 2025, ""seasonType"": ""postseason"", ""team"": ""Northern Kentucky""}",/games,200,2026-02-21T23:21:19.545843+00:00
28.241,,False,"{""season"": 2025, ""team"": ""Northern Kentucky""}",/lineups/team,200,2026-02-21T23:21:47.937683+00:00
0.11,,False,"{""season"": 2025, ""seasonType"": ""postseason"", ""team"": ""Northwestern""}",/games,200,2026-02-21T23:21:48.217518+00:00
17.147,,False,"{""season"": 2025, ""team"": ""Northwestern""}",/lineups/team,200,2026-02-21T23:22:05.514905+00:00
0.126,,False,"{""season"": 2025, ""seasonType"": ""postseason"", ""team"": ""Northwestern State""}",/games,200,2026-02-21T23:22:05.813647+00:00
27.912,,False,"{""season"": 2025, ""team"": ""Northwestern State""}",/lineups/team,200,2026-02-21T23:22:33.876420+00:00
0.101,,False,"{""season"": 2025, ""seasonType"": ""postseason"", ""team"": ""Notre Dame""}",/games,200,2026-02-21T23:22:34.159963+00:00
35.607,,False,"{""season"": 2025, ""team"": ""Notre Dame""}",/lineups/team,200,2026-02-21T23:23:09.918005+00:00
2.391,,False,"{""season"": 2025, ""seasonType"": ""postseason"", ""team"": ""Oakland""}",/games,200,2026-02-21T23:23:12.498835+00:00
33.499,,False,"{""season"": 2025, ""team"": ""Oakland""}",/lineups/team,200,2026-02-21T23:23:46.148385+00:00
0.105,,False,"{""season"": 2025, ""seasonType"": ""postseason"", ""team"": ""Ohio""}",/games,200,2026-02-21T23:23:46.430710+00:00
17.89,,False,"{""season"": 2025, ""team"": ""Ohio""}",/lineups/team,200,2026-02-21T23:24:04.471227+00:00
0.121,,False,"{""season"": 2025, ""seasonType"": ""postseason"", ""team"": ""Ohio State""}",/games,200,2026-02-21T23:24:04.761476+00:00
27.823,,False,"{""season"": 2025, ""team"": ""Ohio State""}",/lineups/team,200,2026-02-21T23:24:32.735632+00:00
0.125,,False,"{""season"": 2025, ""seasonType"": ""postseason"", ""team"": ""Oklahoma""}",/games,200,2026-02-21T23:24:33.037306+00:00
0.099,,False,"{""endDateRange"": ""2025-03-22"", ""season"": 2025, ""startDateRange"": ""2025-03-22"", ""team"": ""Oklahoma""}",/lineups/team,200,2026-02-21T23:24:33.287118+00:00
0.109,,False,"{""season"": 2025, ""seasonType"": ""postseason"", ""team"": ""Oklahoma State""}",/games,200,2026-02-21T23:24:33.546560+00:00
0.219,,False,"{""endDateRange"": ""2025-03-26"", ""season"": 2025, ""startDateRange"": ""2025-03-19"", ""team"": ""Oklahoma State""}",/lineups/team,200,2026-02-21T23:24:33.916797+00:00
0.092,,False,"{""season"": 2025, ""seasonType"": ""postseason"", ""team"": ""Old Dominion""}",/games,200,2026-02-21T23:24:34.162787+00:00
16.761,,False,"{""season"": 2025, ""team"": ""Old Dominion""}",/lineups/team,200,2026-02-21T23:24:51.074283+00:00
0.129,,False,"{""season"": 2025, ""seasonType"": ""postseason"", ""team"": ""Oral Roberts""}",/games,200,2026-02-21T23:24:51.382515+00:00
9.851,,False,"{""season"": 2025, ""team"": ""Oral Roberts""}",/lineups/team,200,2026-02-21T23:25:01.384111+00:00
0.206,,False,"{""season"": 2025, ""seasonType"": ""postseason"", ""team"": ""Oregon""}",/games,200,2026-02-21T23:25:01.760522+00:00
0.283,,False,"{""endDateRange"": ""2025-03-24"", ""season"": 2025, ""startDateRange"": ""2025-03-22"", ""team"": ""Oregon""}",/lineups/team,200,2026-02-21T23:25:02.194442+00:00
0.138,,False,"{""season"": 2025, ""seasonType"": ""postseason"", ""team"": ""Oregon State""}",/games,200,2026-02-21T23:25:02.485113+00:00
0.109,,False,"{""endDateRange"": ""2025-04-01"", ""season"": 2025, ""startDateRange"": ""2025-04-01"", ""team"": ""Oregon State""}",/lineups/team,200,2026-02-21T23:25:02.744915+00:00
0.121,,False,"{""season"": 2025, ""seasonType"": ""postseason"", ""team"": ""Pacific""}",/games,200,2026-02-21T23:25:03.016386+00:00
8.936,,False,"{""season"": 2025, ""team"": ""Pacific""}",/lineups/team,200,2026-02-21T23:25:12.102819+00:00
0.097,,False,"{""season"": 2025, ""seasonType"": ""postseason"", ""team"": ""Pennsylvania""}",/games,200,2026-02-21T23:25:12.370288+00:00
38.999,,False,"{""season"": 2025, ""team"": ""Pennsylvania""}",/lineups/team,200,2026-02-21T23:25:51.520510+00:00
0.121,,False,"{""season"": 2025, ""seasonType"": ""postseason"", ""team"": ""Penn State""}",/games,200,2026-02-21T23:25:51.821461+00:00
14.556,,False,"{""season"": 2025, ""team"": ""Penn State""}",/lineups/team,200,2026-02-21T23:26:06.528572+00:00
0.296,,False,"{""season"": 2025, ""seasonType"": ""postseason"", ""team"": ""Pepperdine""}",/games,200,2026-02-21T23:26:06.994912+00:00
9.976,,False,"{""season"": 2025, ""team"": ""Pepperdine""}",/lineups/team,200,2026-02-21T23:26:17.121313+00:00
0.111,,False,"{""season"": 2025, ""seasonType"": ""postseason"", ""team"": ""Pittsburgh""}",/games,200,2026-02-21T23:26:17.409482+00:00
9.714,,False,"{""season"": 2025, ""team"": ""Pittsburgh""}",/lineups/team,200,2026-02-21T23:26:27.274453+00:00
0.092,,False,"{""season"": 2025, ""seasonType"": ""postseason"", ""team"": ""Portland""}",/games,200,2026-02-21T23:26:27.533139+00:00
11.909,,False,"{""season"": 2025, ""team"": ""Portland""}",/lineups/team,200,2026-02-21T23:26:39.592655+00:00
0.101,,False,"{""season"": 2025, ""seasonType"": ""postseason"", ""team"": ""Portland State""}",/games,200,2026-02-21T23:26:39.872185+00:00
26.094,,False,"{""season"": 2025, ""team"": ""Portland State""}",/lineups/team,200,2026-02-21T23:27:06.116994+00:00
0.138,,False,"{""season"": 2025, ""seasonType"": ""postseason"", ""team"": ""Prairie View A&M""}",/games,200,2026-02-21T23:27:06.429494+00:00
31.851,,False,"{""season"": 2025, ""team"": ""Prairie View A&M""}",/lineups/team,200,2026-02-21T23:27:38.431174+00:00
0.106,,False,"{""season"": 2025, ""seasonType"": ""postseason"", ""team"": ""Presbyterian""}",/games,200,2026-02-21T23:27:38.714730+00:00
0.101,,False,"{""endDateRange"": ""2025-03-23"", ""season"": 2025, ""startDateRange"": ""2025-03-23"", ""team"": ""Presbyterian""}",/lineups/team,200,2026-02-21T23:27:38.966544+00:00
0.11,,False,"{""season"": 2025, ""seasonType"": ""postseason"", ""team"": ""Princeton""}",/games,200,2026-02-21T23:27:39.226935+00:00
33.32,,False,"{""season"": 2025, ""team"": ""Princeton""}",/lineups/team,200,2026-02-21T23:28:12.697172+00:00
0.203,,False,"{""season"": 2025, ""seasonType"": ""postseason"", ""team"": ""Providence""}",/games,200,2026-02-21T23:28:13.077876+00:00
23.392,,False,"{""season"": 2025, ""team"": ""Providence""}",/lineups/team,200,2026-02-21T23:28:36.620977+00:00
0.111,,False,"{""season"": 2025, ""seasonType"": ""postseason"", ""team"": ""Purdue""}",/games,200,2026-02-21T23:28:36.919362+00:00
0.243,,False,"{""endDateRange"": ""2025-03-29"", ""season"": 2025, ""startDateRange"": ""2025-03-20"", ""team"": ""Purdue""}",/lineups/team,200,2026-02-21T23:28:37.313748+00:00
0.1,,False,"{""season"": 2025, ""seasonType"": ""postseason"", ""team"": ""Purdue Fort Wayne""}",/games,200,2026-02-21T23:28:37.567144+00:00
49.487,,False,"{""season"": 2025, ""team"": ""Purdue Fort Wayne""}",/lineups/team,200,2026-02-21T23:29:27.204874+00:00
0.106,,False,"{""season"": 2025, ""seasonType"": ""postseason"", ""team"": ""Queens University""}",/games,200,2026-02-21T23:29:27.480532+00:00
0.15,,False,"{""endDateRange"": ""2025-03-24"", ""season"": 2025, ""startDateRange"": ""2025-03-23"", ""team"": ""Queens University""}",/lineups/team,200,2026-02-21T23:29:27.780639+00:00
0.111,,False,"{""season"": 2025, ""seasonType"": ""postseason"", ""team"": ""Quinnipiac""}",/games,200,2026-02-21T23:29:28.042717+00:00
11.342,,False,"{""season"": 2025, ""team"": ""Quinnipiac""}",/lineups/team,200,2026-02-21T23:29:39.535673+00:00
0.099,,False,"{""season"": 2025, ""seasonType"": ""postseason"", ""team"": ""Radford""}",/games,200,2026-02-21T23:29:39.805874+00:00
60.058,exception,False,"{""season"": 2025, ""team"": ""Radford""}",/lineups/team,0,2026-02-21T23:30:40.014680+00:00
0.206,,False,"{""season"": 2025, ""seasonType"": ""postseason"", ""team"": ""Rhode Island""}",/games,200,2026-02-21T23:30:40.371517+00:00
15.458,,False,"{""season"": 2025, ""team"": ""Rhode Island""}",/lineups/team,200,2026-02-21T23:30:55.980628+00:00
0.105,,False,"{""season"": 2025, ""seasonType"": ""postseason"", ""team"": ""Rice""}",/games,200,2026-02-21T23:30:56.251621+00:00
26.795,,False,"{""season"": 2025, ""team"": ""Rice""}",/lineups/team,200,2026-02-21T23:31:23.197258+00:00
0.103,,False,"{""season"": 2025, ""seasonType"": ""postseason"", ""team"": ""Richmond""}",/games,200,2026-02-21T23:31:23.481519+00:00
25.912,,False,"{""season"": 2025, ""team"": ""Richmond""}",/lineups/team,200,2026-02-21T23:31:49.544561+00:00
0.152,,False,"{""season"": 2025, ""seasonType"": ""postseason"", ""team"": ""Rider""}",/games,200,2026-02-21T23:31:49.874105+00:00
16.585,,False,"{""season"": 2025, ""team"": ""Rider""}",/lineups/team,200,2026-02-21T23:32:06.609385+00:00
0.123,,False,"{""season"": 2025, ""seasonType"": ""postseason"", ""team"": ""Robert Morris""}",/games,200,2026-02-21T23:32:06.916924+00:00
0.239,,False,"{""endDateRange"": ""2025-03-21"", ""season"": 2025, ""startDateRange"": ""2025-03-21"", ""team"": ""Robert Morris""}",/lineups/team,200,2026-02-21T23:32:07.306369+00:00
0.101,,False,"{""season"": 2025, ""seasonType"": ""postseason"", ""team"": ""Rutgers""}",/games,200,2026-02-21T23:32:07.557820+00:00
23.855,,False,"{""season"": 2025, ""team"": ""Rutgers""}",/lineups/team,200,2026-02-21T23:32:31.563393+00:00
0.106,,False,"{""season"": 2025, ""seasonType"": ""postseason"", ""team"": ""SIU Edwardsville""}",/games,200,2026-02-21T23:32:31.855253+00:00
0.097,,False,"{""endDateRange"": ""2025-03-20"", ""season"": 2025, ""startDateRange"": ""2025-03-20"", ""team"": ""SIU Edwardsville""}",/lineups/team,200,2026-02-21T23:32:32.102788+00:00
0.099,,False,"{""season"": 2025, ""seasonType"": ""postseason"", ""team"": ""SMU""}",/games,200,2026-02-21T23:32:32.352120+00:00
0.178,,False,"{""endDateRange"": ""2025-03-23"", ""season"": 2025, ""startDateRange"": ""2025-03-20"", ""team"": ""SMU""}",/lineups/team,200,2026-02-21T23:32:32.680888+00:00
0.101,,False,"{""season"": 2025, ""seasonType"": ""postseason"", ""team"": ""Sacramento State""}",/games,200,2026-02-21T23:32:32.932277+00:00
10.608,,False,"{""season"": 2025, ""team"": ""Sacramento State""}",/lineups/team,200,2026-02-21T23:32:43.690807+00:00
0.102,,False,"{""season"": 2025, ""seasonType"": ""postseason"", ""team"": ""Sacred Heart""}",/games,200,2026-02-21T23:32:43.971044+00:00
12.358,,False,"{""season"": 2025, ""team"": ""Sacred Heart""}",/lineups/team,200,2026-02-21T23:32:56.480158+00:00
0.116,,False,"{""season"": 2025, ""seasonType"": ""postseason"", ""team"": ""St. Francis (PA)""}",/games,200,2026-02-21T23:32:56.774315+00:00
0.108,,False,"{""endDateRange"": ""2025-03-18"", ""season"": 2025, ""startDateRange"": ""2025-03-18"", ""team"": ""St. Francis (PA)""}",/lineups/team,200,2026-02-21T23:32:57.033359+00:00
0.101,,False,"{""season"": 2025, ""seasonType"": ""postseason"", ""team"": ""Saint Joseph's""}",/games,200,2026-02-21T23:32:57.284959+00:00
0.133,,False,"{""endDateRange"": ""2025-03-19"", ""season"": 2025, ""startDateRange"": ""2025-03-19"", ""team"": ""Saint Joseph's""}",/lineups/team,200,2026-02-21T23:32:57.568821+00:00
0.131,,False,"{""season"": 2025, ""seasonType"": ""postseason"", ""team"": ""Saint Louis""}",/games,200,2026-02-21T23:32:57.850964+00:00
0.154,,False,"{""endDateRange"": ""2025-03-19"", ""season"": 2025, ""startDateRange"": ""2025-03-19"", ""team"": ""Saint Louis""}",/lineups/team,200,2026-02-21T23:32:58.156075+00:00
0.11,,False,"{""season"": 2025, ""seasonType"": ""postseason"", ""team"": ""Saint Mary's""}",/games,200,2026-02-21T23:32:58.416527+00:00
0.162,,False,"{""endDateRange"": ""2025-03-23"", ""season"": 2025, ""startDateRange"": ""2025-03-21"", ""team"": ""Saint Mary's""}",/lineups/team,200,2026-02-21T23:32:58.729135+00:00
0.207,,False,"{""season"": 2025, ""seasonType"": ""postseason"", ""team"": ""Saint Peter's""}",/games,200,2026-02-21T23:32:59.088206+00:00
20.469,http_502,False,"{""season"": 2025, ""team"": ""Saint Peter's""}",/lineups/team,502,2026-02-21T23:33:19.708287+00:00
0.059,http_502,False,"{""season"": 2025, ""seasonType"": ""postseason"", ""team"": ""Sam Houston""}",/games,502,2026-02-21T23:33:19.917713+00:00
0.059,http_502,False,"{""season"": 2025, ""team"": ""Sam Houston""}",/lineups/team,502,2026-02-21T23:33:20.127724+00:00
0.067,http_502,False,"{""season"": 2025, ""seasonType"": ""postseason"", ""team"": ""Samford""}",/games,502,2026-02-21T23:33:20.345494+00:00
0.054,http_502,False,"{""season"": 2025, ""team"": ""Samford""}",/lineups/team,502,2026-02-21T23:33:20.549978+00:00
0.058,http_502,False,"{""season"": 2025, ""seasonType"": ""postseason"", ""team"": ""San Diego""}",/games,502,2026-02-21T23:33:20.759038+00:00
0.057,http_502,False,"{""season"": 2025, ""team"": ""San Diego""}",/lineups/team,502,2026-02-21T23:33:20.967213+00:00
0.059,http_502,False,"{""season"": 2025, ""seasonType"": ""postseason"", ""team"": ""San Diego State""}",/games,502,2026-02-21T23:33:21.176606+00:00
0.06,http_502,False,"{""season"": 2025, ""team"": ""San Diego State""}",/lineups/team,502,2026-02-21T23:33:21.387022+00:00
0.053,http_502,False,"{""season"": 2025, ""seasonType"": ""postseason"", ""team"": ""San Francisco""}",/games,502,2026-02-21T23:33:21.591233+00:00
0.049,http_502,False,"{""season"": 2025, ""team"": ""San Francisco""}",/lineups/team,502,2026-02-21T23:33:21.790721+00:00
0.052,http_502,False,"{""season"": 2025, ""seasonType"": ""postseason"", ""team"": ""San Jos\u00e9 State""}",/games,502,2026-02-21T23:33:21.993027+00:00
0.05,http_502,False,"{""season"": 2025, ""team"": ""San Jos\u00e9 State""}",/lineups/team,502,2026-02-21T23:33:22.194145+00:00
0.06,http_502,False,"{""season"": 2025, ""seasonType"": ""postseason"", ""team"": ""Santa Clara""}",/games,502,2026-02-21T23:33:22.404641+00:00
0.064,http_502,False,"{""season"": 2025, ""team"": ""Santa Clara""}",/lineups/team,502,2026-02-21T23:33:22.619219+00:00
0.05,http_502,False,"{""season"": 2025, ""seasonType"": ""postseason"", ""team"": ""Seattle U""}",/games,502,2026-02-21T23:33:22.820247+00:00
0.05,http_502,False,"{""season"": 2025, ""team"": ""Seattle U""}",/lineups/team,502,2026-02-21T23:33:23.020581+00:00
0.057,http_502,False,"{""season"": 2025, ""seasonType"": ""postseason"", ""team"": ""Seton Hall""}",/games,502,2026-02-21T23:33:23.228278+00:00
0.058,http_502,False,"{""season"": 2025, ""team"": ""Seton Hall""}",/lineups/team,502,2026-02-21T23:33:23.437314+00:00
0.057,http_502,False,"{""season"": 2025, ""seasonType"": ""postseason"", ""team"": ""Siena""}",/games,502,2026-02-21T23:33:23.645132+00:00
0.062,http_502,False,"{""season"": 2025, ""team"": ""Siena""}",/lineups/team,502,2026-02-21T23:33:23.857656+00:00
0.057,http_502,False,"{""season"": 2025, ""seasonType"": ""postseason"", ""team"": ""South Alabama""}",/games,502,2026-02-21T23:33:24.065584+00:00
0.065,http_502,False,"{""season"": 2025, ""team"": ""South Alabama""}",/lineups/team,502,2026-02-21T23:33:24.281190+00:00
0.075,http_502,False,"{""season"": 2025, ""seasonType"": ""postseason"", ""team"": ""South Carolina""}",/games,502,2026-02-21T23:33:24.506682+00:00
0.054,http_502,False,"{""season"": 2025, ""team"": ""South Carolina""}",/lineups/team,502,2026-02-21T23:33:24.710945+00:00
0.052,http_502,False,"{""season"": 2025, ""seasonType"": ""postseason"", ""team"": ""South Carolina State""}",/games,502,2026-02-21T23:33:24.913314+00:00
0.057,http_502,False,"{""season"": 2025, ""team"": ""South Carolina State""}",/lineups/team,502,2026-02-21T23:33:25.120743+00:00
0.058,http_502,False,"{""season"": 2025, ""seasonType"": ""postseason"", ""team"": ""South Dakota""}",/games,502,2026-02-21T23:33:25.329903+00:00
0.055,http_502,False,"{""season"": 2025, ""team"": ""South Dakota""}",/lineups/team,502,2026-02-21T23:33:25.535760+00:00
0.059,http_502,False,"{""season"": 2025, ""seasonType"": ""postseason"", ""team"": ""South Dakota State""}",/games,502,2026-02-21T23:33:25.745259+00:00
0.051,http_502,False,"{""season"": 2025, ""team"": ""South Dakota State""}",/lineups/team,502,2026-02-21T23:33:25.947550+00:00
0.05,http_502,False,"{""season"": 2025, ""seasonType"": ""postseason"", ""team"": ""South Florida""}",/games,502,2026-02-21T23:33:26.147992+00:00
0.057,http_502,False,"{""season"": 2025, ""team"": ""South Florida""}",/lineups/team,502,2026-02-21T23:33:26.355542+00:00
0.065,http_502,False,"{""season"": 2025, ""seasonType"": ""postseason"", ""team"": ""Southeast Missouri State""}",/games,502,2026-02-21T23:33:26.571600+00:00
0.067,http_502,False,"{""season"": 2025, ""team"": ""Southeast Missouri State""}",/lineups/team,502,2026-02-21T23:33:26.789278+00:00
0.07,http_502,False,"{""season"": 2025, ""seasonType"": ""postseason"", ""team"": ""SE Louisiana""}",/games,502,2026-02-21T23:33:27.009774+00:00
0.05,http_502,False,"{""season"": 2025, ""team"": ""SE Louisiana""}",/lineups/team,502,2026-02-21T23:33:27.210923+00:00
0.051,http_502,False,"{""season"": 2025, ""seasonType"": ""postseason"", ""team"": ""Southern""}",/games,502,2026-02-21T23:33:27.412644+00:00
0.052,http_502,False,"{""season"": 2025, ""team"": ""Southern""}",/lineups/team,502,2026-02-21T23:33:27.615077+00:00
0.049,http_502,False,"{""season"": 2025, ""seasonType"": ""postseason"", ""team"": ""Southern Illinois""}",/games,502,2026-02-21T23:33:27.814627+00:00
0.05,http_502,False,"{""season"": 2025, ""team"": ""Southern Illinois""}",/lineups/team,502,2026-02-21T23:33:28.015708+00:00
0.05,http_502,False,"{""season"": 2025, ""seasonType"": ""postseason"", ""team"": ""Southern Indiana""}",/games,502,2026-02-21T23:33:28.216114+00:00
0.049,http_502,False,"{""season"": 2025, ""team"": ""Southern Indiana""}",/lineups/team,502,2026-02-21T23:33:28.415937+00:00
0.054,http_502,False,"{""season"": 2025, ""seasonType"": ""postseason"", ""team"": ""Southern Miss""}",/games,502,2026-02-21T23:33:28.620373+00:00
0.054,http_502,False,"{""season"": 2025, ""team"": ""Southern Miss""}",/lineups/team,502,2026-02-21T23:33:28.825238+00:00
0.048,http_502,False,"{""season"": 2025, ""seasonType"": ""postseason"", ""team"": ""Southern Utah""}",/games,502,2026-02-21T23:33:29.024151+00:00
0.052,http_502,False,"{""season"": 2025, ""team"": ""Southern Utah""}",/lineups/team,502,2026-02-21T23:33:29.226860+00:00
0.048,http_502,False,"{""season"": 2025, ""seasonType"": ""postseason"", ""team"": ""St. Bonaventure""}",/games,502,2026-02-21T23:33:29.425442+00:00
0.05,http_502,False,"{""season"": 2025, ""team"": ""St. Bonaventure""}",/lineups/team,502,2026-02-21T23:33:29.626270+00:00
0.046,http_502,False,"{""season"": 2025, ""seasonType"": ""postseason"", ""team"": ""St. John's""}",/games,502,2026-02-21T23:33:29.822694+00:00
13.888,,False,"{""season"": 2025, ""team"": ""St. John's""}",/lineups/team,200,2026-02-21T23:33:43.861457+00:00
0.113,,False,"{""season"": 2025, ""seasonType"": ""postseason"", ""team"": ""Stanford""}",/games,200,2026-02-21T23:33:44.151851+00:00
0.129,,False,"{""endDateRange"": ""2025-03-24"", ""season"": 2025, ""startDateRange"": ""2025-03-19"", ""team"": ""Stanford""}",/lineups/team,200,2026-02-21T23:33:44.432200+00:00
0.104,,False,"{""season"": 2025, ""seasonType"": ""postseason"", ""team"": ""Stephen F. Austin""}",/games,200,2026-02-21T23:33:44.686595+00:00
22.777,,False,"{""season"": 2025, ""team"": ""Stephen F. Austin""}",/lineups/team,200,2026-02-21T23:34:07.614232+00:00
0.112,,False,"{""season"": 2025, ""seasonType"": ""postseason"", ""team"": ""Stetson""}",/games,200,2026-02-21T23:34:07.912555+00:00
16.088,,False,"{""season"": 2025, ""team"": ""Stetson""}",/lineups/team,200,2026-02-21T23:34:24.151576+00:00
0.103,,False,"{""season"": 2025, ""seasonType"": ""postseason"", ""team"": ""Stonehill""}",/games,200,2026-02-21T23:34:24.445874+00:00
30.787,,False,"{""season"": 2025, ""team"": ""Stonehill""}",/lineups/team,200,2026-02-21T23:34:55.383398+00:00
0.113,,False,"{""season"": 2025, ""seasonType"": ""postseason"", ""team"": ""Stony Brook""}",/games,200,2026-02-21T23:34:55.676259+00:00
5.768,http_502,False,"{""season"": 2025, ""team"": ""Stony Brook""}",/lineups/team,502,2026-02-21T23:35:01.594548+00:00
0.056,http_502,False,"{""season"": 2025, ""seasonType"": ""postseason"", ""team"": ""Syracuse""}",/games,502,2026-02-21T23:35:01.801624+00:00
0.056,http_502,False,"{""season"": 2025, ""team"": ""Syracuse""}",/lineups/team,502,2026-02-21T23:35:02.008282+00:00
0.075,http_502,False,"{""season"": 2025, ""seasonType"": ""postseason"", ""team"": ""TCU""}",/games,502,2026-02-21T23:35:02.234088+00:00
0.059,http_502,False,"{""season"": 2025, ""team"": ""TCU""}",/lineups/team,502,2026-02-21T23:35:02.443366+00:00
0.057,http_502,False,"{""season"": 2025, ""seasonType"": ""postseason"", ""team"": ""Tarleton State""}",/games,502,2026-02-21T23:35:02.651217+00:00
0.062,http_502,False,"{""season"": 2025, ""team"": ""Tarleton State""}",/lineups/team,502,2026-02-21T23:35:02.863526+00:00
0.058,http_502,False,"{""season"": 2025, ""seasonType"": ""postseason"", ""team"": ""Temple""}",/games,502,2026-02-21T23:35:03.072382+00:00
0.059,http_502,False,"{""season"": 2025, ""team"": ""Temple""}",/lineups/team,502,2026-02-21T23:35:03.282171+00:00
0.055,http_502,False,"{""season"": 2025, ""seasonType"": ""postseason"", ""team"": ""Tennessee""}",/games,502,2026-02-21T23:35:03.488286+00:00
0.057,http_502,False,"{""season"": 2025, ""team"": ""Tennessee""}",/lineups/team,502,2026-02-21T23:35:03.695516+00:00
0.058,http_502,False,"{""season"": 2025, ""seasonType"": ""postseason"", ""team"": ""UT Martin""}",/games,502,2026-02-21T23:35:03.904361+00:00
0.052,http_502,False,"{""season"": 2025, ""team"": ""UT Martin""}",/lineups/team,502,2026-02-21T23:35:04.106625+00:00
0.054,http_502,False,"{""season"": 2025, ""seasonType"": ""postseason"", ""team"": ""Tennessee State""}",/games,502,2026-02-21T23:35:04.311601+00:00
0.057,http_502,False,"{""season"": 2025, ""team"": ""Tennessee State""}",/lineups/team,502,2026-02-21T23:35:04.519418+00:00
0.059,http_502,False,"{""season"": 2025, ""seasonType"": ""postseason"", ""team"": ""Tennessee Tech""}",/games,502,2026-02-21T23:35:04.729457+00:00
0.055,http_502,False,"{""season"": 2025, ""team"": ""Tennessee Tech""}",/lineups/team,502,2026-02-21T23:35:04.935521+00:00
0.057,http_502,False,"{""season"": 2025, ""seasonType"": ""postseason"", ""team"": ""Texas""}",/games,502,2026-02-21T23:35:05.143062+00:00
0.067,http_502,False,"{""season"": 2025, ""team"": ""Texas""}",/lineups/team,502,2026-02-21T23:35:05.360482+00:00
0.052,http_502,False,"{""season"": 2025, ""seasonType"": ""postseason"", ""team"": ""Texas A&M""}",/games,502,2026-02-21T23:35:05.563326+00:00
0.065,http_502,False,"{""season"": 2025, ""team"": ""Texas A&M""}",/lineups/team,502,2026-02-21T23:35:05.778824+00:00
0.052,http_502,False,"{""season"": 2025, ""seasonType"": ""postseason"", ""team"": ""Texas A&M-Corpus Christi""}",/games,502,2026-02-21T23:35:05.981552+00:00
0.05,http_502,False,"{""season"": 2025, ""team"": ""Texas A&M-Corpus Christi""}",/lineups/team,502,2026-02-21T23:35:06.182305+00:00
0.05,http_502,False,"{""season"": 2025, ""seasonType"": ""postseason"", ""team"": ""Texas Southern""}",/games,502,2026-02-21T23:35:06.382924+00:00
0.051,http_502,False,"{""season"": 2025, ""team"": ""Texas Southern""}",/lineups/team,502,2026-02-21T23:35:06.584360+00:00
0.053,http_502,False,"{""season"": 2025, ""seasonType"": ""postseason"", ""team"": ""Texas State""}",/games,502,2026-02-21T23:35:06.788179+00:00
0.063,http_502,False,"{""season"": 2025, ""team"": ""Texas State""}",/lineups/team,502,2026-02-21T23:35:07.002202+00:00
0.052,http_502,False,"{""season"": 2025, ""seasonType"": ""postseason"", ""team"": ""Texas Tech""}",/games,502,2026-02-21T23:35:07.204449+00:00
0.068,http_502,False,"{""season"": 2025, ""team"": ""Texas Tech""}",/lineups/team,502,2026-02-21T23:35:07.422990+00:00
0.052,http_502,False,"{""season"": 2025, ""seasonType"": ""postseason"", ""team"": ""The Citadel""}",/games,502,2026-02-21T23:35:07.625300+00:00
0.053,http_502,False,"{""season"": 2025, ""team"": ""The Citadel""}",/lineups/team,502,2026-02-21T23:35:07.829134+00:00
0.049,http_502,False,"{""season"": 2025, ""seasonType"": ""postseason"", ""team"": ""Toledo""}",/games,502,2026-02-21T23:35:08.028368+00:00
0.05,http_502,False,"{""season"": 2025, ""team"": ""Toledo""}",/lineups/team,502,2026-02-21T23:35:08.228601+00:00
0.063,http_502,False,"{""season"": 2025, ""seasonType"": ""postseason"", ""team"": ""Towson""}",/games,502,2026-02-21T23:35:08.441835+00:00
0.048,http_502,False,"{""season"": 2025, ""team"": ""Towson""}",/lineups/team,502,2026-02-21T23:35:08.640295+00:00
0.051,http_502,False,"{""season"": 2025, ""seasonType"": ""postseason"", ""team"": ""Troy""}",/games,502,2026-02-21T23:35:08.842221+00:00
0.049,http_502,False,"{""season"": 2025, ""team"": ""Troy""}",/lineups/team,502,2026-02-21T23:35:09.041607+00:00
0.054,http_502,False,"{""season"": 2025, ""seasonType"": ""postseason"", ""team"": ""Tulane""}",/games,502,2026-02-21T23:35:09.246442+00:00
0.053,http_502,False,"{""season"": 2025, ""team"": ""Tulane""}",/lineups/team,502,2026-02-21T23:35:09.450588+00:00
0.05,http_502,False,"{""season"": 2025, ""seasonType"": ""postseason"", ""team"": ""Tulsa""}",/games,502,2026-02-21T23:35:09.651243+00:00
0.052,http_502,False,"{""season"": 2025, ""team"": ""Tulsa""}",/lineups/team,502,2026-02-21T23:35:09.853812+00:00
0.053,http_502,False,"{""season"": 2025, ""seasonType"": ""postseason"", ""team"": ""UAB""}",/games,502,2026-02-21T23:35:10.057472+00:00
0.051,http_502,False,"{""season"": 2025, ""team"": ""UAB""}",/lineups/team,502,2026-02-21T23:35:10.259248+00:00
0.053,http_502,False,"{""season"": 2025, ""seasonType"": ""postseason"", ""team"": ""UC Davis""}",/games,502,2026-02-21T23:35:10.462521+00:00
0.05,http_502,False,"{""season"": 2025, ""team"": ""UC Davis""}",/lineups/team,502,2026-02-21T23:35:10.663065+00:00
0.049,http_502,False,"{""season"": 2025, ""seasonType"": ""postseason"", ""team"": ""UC Irvine""}",/games,502,2026-02-21T23:35:10.862863+00:00
0.052,http_502,False,"{""season"": 2025, ""team"": ""UC Irvine""}",/lineups/team,502,2026-02-21T23:35:11.065388+00:00
0.062,http_502,False,"{""season"": 2025, ""seasonType"": ""postseason"", ""team"": ""UC Riverside""}",/games,502,2026-02-21T23:35:11.278304+00:00
0.05,http_502,False,"{""season"": 2025, ""team"": ""UC Riverside""}",/lineups/team,502,2026-02-21T23:35:11.479440+00:00
0.047,http_502,False,"{""season"": 2025, ""seasonType"": ""postseason"", ""team"": ""UC San Diego""}",/games,502,2026-02-21T23:35:11.677408+00:00
0.046,http_502,False,"{""season"": 2025, ""team"": ""UC San Diego""}",/lineups/team,502,2026-02-21T23:35:11.874558+00:00
0.191,,False,"{""season"": 2025, ""seasonType"": ""postseason"", ""team"": ""UC Santa Barbara""}",/games,200,2026-02-21T23:35:12.216318+00:00
60.046,exception,False,"{""season"": 2025, ""team"": ""UC Santa Barbara""}",/lineups/team,0,2026-02-21T23:36:12.413464+00:00
0.148,,False,"{""season"": 2025, ""seasonType"": ""postseason"", ""team"": ""UCF""}",/games,200,2026-02-21T23:36:12.712907+00:00
0.313,,False,"{""endDateRange"": ""2025-04-06"", ""season"": 2025, ""startDateRange"": ""2025-04-01"", ""team"": ""UCF""}",/lineups/team,200,2026-02-21T23:36:13.176569+00:00
0.129,,False,"{""season"": 2025, ""seasonType"": ""postseason"", ""team"": ""UCLA""}",/games,200,2026-02-21T23:36:13.462259+00:00
0.193,,False,"{""endDateRange"": ""2025-03-23"", ""season"": 2025, ""startDateRange"": ""2025-03-21"", ""team"": ""UCLA""}",/lineups/team,200,2026-02-21T23:36:13.805912+00:00
0.104,,False,"{""season"": 2025, ""seasonType"": ""postseason"", ""team"": ""UMBC""}",/games,200,2026-02-21T23:36:14.060734+00:00
14.181,,False,"{""season"": 2025, ""team"": ""UMBC""}",/lineups/team,200,2026-02-21T23:36:28.392274+00:00
0.107,,False,"{""season"": 2025, ""seasonType"": ""postseason"", ""team"": ""Kansas City""}",/games,200,2026-02-21T23:36:28.678646+00:00
17.301,,False,"{""season"": 2025, ""team"": ""Kansas City""}",/lineups/team,200,2026-02-21T23:36:46.130294+00:00
0.098,,False,"{""season"": 2025, ""seasonType"": ""postseason"", ""team"": ""UMass Lowell""}",/games,200,2026-02-21T23:36:46.411694+00:00
4.558,,False,"{""season"": 2025, ""team"": ""UMass Lowell""}",/lineups/team,200,2026-02-21T23:36:51.120132+00:00
0.1,,False,"{""season"": 2025, ""seasonType"": ""postseason"", ""team"": ""UNC Asheville""}",/games,200,2026-02-21T23:36:51.381718+00:00
22.223,,False,"{""season"": 2025, ""team"": ""UNC Asheville""}",/lineups/team,200,2026-02-21T23:37:13.755922+00:00
0.117,,False,"{""season"": 2025, ""seasonType"": ""postseason"", ""team"": ""UNC Greensboro""}",/games,200,2026-02-21T23:37:14.042875+00:00
36.367,,False,"{""season"": 2025, ""team"": ""UNC Greensboro""}",/lineups/team,200,2026-02-21T23:37:50.560678+00:00
0.102,,False,"{""season"": 2025, ""seasonType"": ""postseason"", ""team"": ""UNC Wilmington""}",/games,200,2026-02-21T23:37:50.842121+00:00
0.132,,False,"{""endDateRange"": ""2025-03-21"", ""season"": 2025, ""startDateRange"": ""2025-03-21"", ""team"": ""UNC Wilmington""}",/lineups/team,200,2026-02-21T23:37:51.124555+00:00
0.11,,False,"{""season"": 2025, ""seasonType"": ""postseason"", ""team"": ""UNLV""}",/games,200,2026-02-21T23:37:51.385559+00:00
21.413,,False,"{""season"": 2025, ""team"": ""UNLV""}",/lineups/team,200,2026-02-21T23:38:12.948769+00:00
0.109,,False,"{""season"": 2025, ""seasonType"": ""postseason"", ""team"": ""USC""}",/games,200,2026-02-21T23:38:13.227251+00:00
0.15,,False,"{""endDateRange"": ""2025-04-04"", ""season"": 2025, ""startDateRange"": ""2025-04-02"", ""team"": ""USC""}",/lineups/team,200,2026-02-21T23:38:13.528455+00:00
0.111,,False,"{""season"": 2025, ""seasonType"": ""postseason"", ""team"": ""South Carolina Upstate""}",/games,200,2026-02-21T23:38:13.792867+00:00
38.939,,False,"{""season"": 2025, ""team"": ""South Carolina Upstate""}",/lineups/team,200,2026-02-21T23:38:52.883002+00:00
0.134,,False,"{""season"": 2025, ""seasonType"": ""postseason"", ""team"": ""UT Arlington""}",/games,200,2026-02-21T23:38:53.194487+00:00
17.012,,False,"{""season"": 2025, ""team"": ""UT Arlington""}",/lineups/team,200,2026-02-21T23:39:10.356977+00:00
0.113,,False,"{""season"": 2025, ""seasonType"": ""postseason"", ""team"": ""UT Rio Grande Valley""}",/games,200,2026-02-21T23:39:10.646134+00:00
14.943,,False,"{""season"": 2025, ""team"": ""UT Rio Grande Valley""}",/lineups/team,200,2026-02-21T23:39:25.739916+00:00
0.105,,False,"{""season"": 2025, ""seasonType"": ""postseason"", ""team"": ""UTEP""}",/games,200,2026-02-21T23:39:26.023139+00:00
19.897,,False,"{""season"": 2025, ""team"": ""UTEP""}",/lineups/team,200,2026-02-21T23:39:46.070546+00:00
0.12,,False,"{""season"": 2025, ""seasonType"": ""postseason"", ""team"": ""UTSA""}",/games,200,2026-02-21T23:39:46.370512+00:00
15.805,,False,"{""season"": 2025, ""team"": ""UTSA""}",/lineups/team,200,2026-02-21T23:40:02.326467+00:00
0.33,,False,"{""season"": 2025, ""seasonType"": ""postseason"", ""team"": ""Utah""}",/games,200,2026-02-21T23:40:02.828355+00:00
0.351,,False,"{""endDateRange"": ""2025-03-31"", ""season"": 2025, ""startDateRange"": ""2025-03-31"", ""team"": ""Utah""}",/lineups/team,200,2026-02-21T23:40:03.330425+00:00
0.155,,False,"{""season"": 2025, ""seasonType"": ""postseason"", ""team"": ""Utah State""}",/games,200,2026-02-21T23:40:03.636292+00:00
0.104,,False,"{""endDateRange"": ""2025-03-21"", ""season"": 2025, ""startDateRange"": ""2025-03-21"", ""team"": ""Utah State""}",/lineups/team,200,2026-02-21T23:40:03.891530+00:00
0.183,,False,"{""season"": 2025, ""seasonType"": ""postseason"", ""team"": ""Utah Tech""}",/games,200,2026-02-21T23:40:04.224923+00:00
15.31,,False,"{""season"": 2025, ""team"": ""Utah Tech""}",/lineups/team,200,2026-02-21T23:40:19.685991+00:00
0.136,,False,"{""season"": 2025, ""seasonType"": ""postseason"", ""team"": ""Utah Valley""}",/games,200,2026-02-21T23:40:20.003164+00:00
0.124,,False,"{""endDateRange"": ""2025-03-20"", ""season"": 2025, ""startDateRange"": ""2025-03-20"", ""team"": ""Utah Valley""}",/lineups/team,200,2026-02-21T23:40:20.278428+00:00
0.123,,False,"{""season"": 2025, ""seasonType"": ""postseason"", ""team"": ""VCU""}",/games,200,2026-02-21T23:40:20.552566+00:00
0.103,,False,"{""endDateRange"": ""2025-03-20"", ""season"": 2025, ""startDateRange"": ""2025-03-20"", ""team"": ""VCU""}",/lineups/team,200,2026-02-21T23:40:20.806690+00:00
0.134,,False,"{""season"": 2025, ""seasonType"": ""postseason"", ""team"": ""VMI""}",/games,200,2026-02-21T23:40:21.091089+00:00
11.467,,False,"{""season"": 2025, ""team"": ""VMI""}",/lineups/team,200,2026-02-21T23:40:32.708884+00:00
0.131,,False,"{""season"": 2025, ""seasonType"": ""postseason"", ""team"": ""Valparaiso""}",/games,200,2026-02-21T23:40:33.007202+00:00
17.205,,False,"{""season"": 2025, ""team"": ""Valparaiso""}",/lineups/team,200,2026-02-21T23:40:50.362552+00:00
0.127,,False,"{""season"": 2025, ""seasonType"": ""postseason"", ""team"": ""Vanderbilt""}",/games,200,2026-02-21T23:40:50.659789+00:00
0.099,,False,"{""endDateRange"": ""2025-03-21"", ""season"": 2025, ""startDateRange"": ""2025-03-21"", ""team"": ""Vanderbilt""}",/lineups/team,200,2026-02-21T23:40:50.909534+00:00
0.155,,False,"{""season"": 2025, ""seasonType"": ""postseason"", ""team"": ""Vermont""}",/games,200,2026-02-21T23:40:51.215567+00:00
13.373,,False,"{""season"": 2025, ""team"": ""Vermont""}",/lineups/team,200,2026-02-21T23:41:04.739575+00:00
0.117,,False,"{""season"": 2025, ""seasonType"": ""postseason"", ""team"": ""Villanova""}",/games,200,2026-02-21T23:41:05.039073+00:00
0.271,,False,"{""endDateRange"": ""2025-04-05"", ""season"": 2025, ""startDateRange"": ""2025-04-02"", ""team"": ""Villanova""}",/lineups/team,200,2026-02-21T23:41:05.461010+00:00
0.146,,False,"{""season"": 2025, ""seasonType"": ""postseason"", ""team"": ""Virginia""}",/games,200,2026-02-21T23:41:05.760993+00:00
17.359,,False,"{""season"": 2025, ""team"": ""Virginia""}",/lineups/team,200,2026-02-21T23:41:23.270353+00:00
0.105,,False,"{""season"": 2025, ""seasonType"": ""postseason"", ""team"": ""Virginia Tech""}",/games,200,2026-02-21T23:41:23.546021+00:00
29.353,,False,"{""season"": 2025, ""team"": ""Virginia Tech""}",/lineups/team,200,2026-02-21T23:41:53.049380+00:00
0.144,,False,"{""season"": 2025, ""seasonType"": ""postseason"", ""team"": ""Wagner""}",/games,200,2026-02-21T23:41:53.362845+00:00
17.109,,False,"{""season"": 2025, ""team"": ""Wagner""}",/lineups/team,200,2026-02-21T23:42:10.622274+00:00
0.152,,False,"{""season"": 2025, ""seasonType"": ""postseason"", ""team"": ""Wake Forest""}",/games,200,2026-02-21T23:42:10.947737+00:00
5.709,,False,"{""season"": 2025, ""team"": ""Wake Forest""}",/lineups/team,200,2026-02-21T23:42:16.807797+00:00
0.129,,False,"{""season"": 2025, ""seasonType"": ""postseason"", ""team"": ""Washington""}",/games,200,2026-02-21T23:42:17.101454+00:00
14.745,,False,"{""season"": 2025, ""team"": ""Washington""}",/lineups/team,200,2026-02-21T23:42:31.997643+00:00
0.123,,False,"{""season"": 2025, ""seasonType"": ""postseason"", ""team"": ""Washington State""}",/games,200,2026-02-21T23:42:32.302778+00:00
0.099,,False,"{""endDateRange"": ""2025-04-01"", ""season"": 2025, ""startDateRange"": ""2025-04-01"", ""team"": ""Washington State""}",/lineups/team,200,2026-02-21T23:42:32.552429+00:00
0.143,,False,"{""season"": 2025, ""seasonType"": ""postseason"", ""team"": ""Weber State""}",/games,200,2026-02-21T23:42:32.845859+00:00
26.216,,False,"{""season"": 2025, ""team"": ""Weber State""}",/lineups/team,200,2026-02-21T23:42:59.213114+00:00
0.114,,False,"{""season"": 2025, ""seasonType"": ""postseason"", ""team"": ""West Georgia""}",/games,200,2026-02-21T23:42:59.506721+00:00
9.024,,False,"{""season"": 2025, ""team"": ""West Georgia""}",/lineups/team,200,2026-02-21T23:43:08.681275+00:00
0.101,,False,"{""season"": 2025, ""seasonType"": ""postseason"", ""team"": ""West Virginia""}",/games,200,2026-02-21T23:43:08.951382+00:00
15.962,,False,"{""season"": 2025, ""team"": ""West Virginia""}",/lineups/team,200,2026-02-21T23:43:25.064123+00:00
0.111,,False,"{""season"": 2025, ""seasonType"": ""postseason"", ""team"": ""Western Carolina""}",/games,200,2026-02-21T23:43:25.341604+00:00
28.516,,False,"{""season"": 2025, ""team"": ""Western Carolina""}",/lineups/team,200,2026-02-21T23:43:54.008256+00:00
0.122,,False,"{""season"": 2025, ""seasonType"": ""postseason"", ""team"": ""Western Illinois""}",/games,200,2026-02-21T23:43:54.301230+00:00
12.411,,False,"{""season"": 2025, ""team"": ""Western Illinois""}",/lineups/team,200,2026-02-21T23:44:06.862788+00:00
0.108,,False,"{""season"": 2025, ""seasonType"": ""postseason"", ""team"": ""Western Kentucky""}",/games,200,2026-02-21T23:44:07.135758+00:00
40.237,,False,"{""season"": 2025, ""team"": ""Western Kentucky""}",/lineups/team,200,2026-02-21T23:44:47.523948+00:00
0.111,,False,"{""season"": 2025, ""seasonType"": ""postseason"", ""team"": ""Western Michigan""}",/games,200,2026-02-21T23:44:47.820298+00:00
35.741,,False,"{""season"": 2025, ""team"": ""Western Michigan""}",/lineups/team,200,2026-02-21T23:45:23.711581+00:00
0.115,,False,"{""season"": 2025, ""seasonType"": ""postseason"", ""team"": ""Wichita State""}",/games,200,2026-02-21T23:45:24.006988+00:00
0.109,,False,"{""endDateRange"": ""2025-03-19"", ""season"": 2025, ""startDateRange"": ""2025-03-19"", ""team"": ""Wichita State""}",/lineups/team,200,2026-02-21T23:45:24.266614+00:00
0.106,,False,"{""season"": 2025, ""seasonType"": ""postseason"", ""team"": ""William & Mary""}",/games,200,2026-02-21T23:45:24.523627+00:00
60.095,exception,False,"{""season"": 2025, ""team"": ""William & Mary""}",/lineups/team,0,2026-02-21T23:46:24.769624+00:00
0.144,,False,"{""season"": 2025, ""seasonType"": ""postseason"", ""team"": ""Winthrop""}",/games,200,2026-02-21T23:46:25.064512+00:00
60.072,exception,False,"{""season"": 2025, ""team"": ""Winthrop""}",/lineups/team,0,2026-02-21T23:47:25.287334+00:00
0.115,,False,"{""season"": 2025, ""seasonType"": ""postseason"", ""team"": ""Wisconsin""}",/games,200,2026-02-21T23:47:25.553734+00:00
0.204,,False,"{""endDateRange"": ""2025-03-23"", ""season"": 2025, ""startDateRange"": ""2025-03-20"", ""team"": ""Wisconsin""}",/lineups/team,200,2026-02-21T23:47:25.909025+00:00
0.123,,False,"{""season"": 2025, ""seasonType"": ""postseason"", ""team"": ""Wofford""}",/games,200,2026-02-21T23:47:26.182907+00:00
0.11,,False,"{""endDateRange"": ""2025-03-20"", ""season"": 2025, ""startDateRange"": ""2025-03-20"", ""team"": ""Wofford""}",/lineups/team,200,2026-02-21T23:47:26.443771+00:00
0.108,,False,"{""season"": 2025, ""seasonType"": ""postseason"", ""team"": ""Wright State""}",/games,200,2026-02-21T23:47:26.702361+00:00
18.95,,False,"{""season"": 2025, ""team"": ""Wright State""}",/lineups/team,200,2026-02-21T23:47:45.802525+00:00
0.111,,False,"{""season"": 2025, ""seasonType"": ""postseason"", ""team"": ""Wyoming""}",/games,200,2026-02-21T23:47:46.084430+00:00
21.827,,False,"{""season"": 2025, ""team"": ""Wyoming""}",/lineups/team,200,2026-02-21T23:48:08.061458+00:00
0.106,,False,"{""season"": 2025, ""seasonType"": ""postseason"", ""team"": ""Xavier""}",/games,200,2026-02-21T23:48:08.342307+00:00
0.168,,False,"{""endDateRange"": ""2025-03-22"", ""season"": 2025, ""startDateRange"": ""2025-03-20"", ""team"": ""Xavier""}",/lineups/team,200,2026-02-21T23:48:08.661106+00:00
0.108,,False,"{""season"": 2025, ""seasonType"": ""postseason"", ""team"": ""Yale""}",/games,200,2026-02-21T23:48:08.920160+00:00
0.147,,False,"{""endDateRange"": ""2025-03-20"", ""season"": 2025, ""startDateRange"": ""2025-03-20"", ""team"": ""Yale""}",/lineups/team,200,2026-02-21T23:48:09.217782+00:00
0.105,,False,"{""season"": 2025, ""seasonType"": ""postseason"", ""team"": ""Youngstown State""}",/games,200,2026-02-21T23:48:09.473875+00:00
22.626,,False,"{""season"": 2025, ""team"": ""Youngstown State""}",/lineups/team,200,2026-02-21T23:48:32.250264+00:00
